reg,has-ring,habitat,season
0,f,d,a
1,t,d,w
2,f,l,w
3,f,d,u
4,f,g,a
5,t,d,a
6,t,g,w
7,t,d,a
8,f,d,a
9,f,d,a
10,f,d,a
11,t,d,w
12,f,d,s
13,f,d,a
14,t,g,u
15,f,d,u
16,t,d,a
17,f,d,u
18,f,h,u
19,f,d,a
20,f,d,s
21,f,d,a
22,f,d,a
23,t,d,a
24,f,l,w
25,f,d,a
26,f,g,a
27,f,d,a
28,f,d,u
29,t,p,u
30,f,d,a
31,f,d,u
32,f,d,u
33,f,d,u
34,f,d,u
35,f,d,a
36,f,l,a
37,f,d,a
38,f,d,a
39,f,d,w
40,f,d,a
41,t,d,u
42,f,d,a
43,f,d,a
44,f,d,a
45,f,d,u
46,f,g,w
47,t,d,w
48,f,d,s
49,f,d,s
50,f,d,u
51,t,d,a
52,f,d,a
53,t,m,u
54,f,d,u
55,f,d,u
56,f,d,u
57,f,g,u
58,f,h,a
59,f,d,u
60,t,d,u
61,f,l,a
62,f,d,a
63,f,g,a
64,f,d,s
65,f,d,a
66,f,d,a
67,t,g,a
68,f,g,a
69,f,l,a
70,t,d,u
71,f,d,a
72,f,d,u
73,f,d,a
74,f,d,s
75,f,d,a
76,f,h,a
77,t,d,u
78,t,d,a
79,t,d,a
80,f,h,a
81,t,m,s
82,f,g,a
83,f,d,a
84,t,d,u
85,f,d,a
86,f,h,a
87,f,g,a
88,f,d,a
89,f,d,u
90,f,h,u
91,f,d,u
92,f,h,a
93,f,d,a
94,t,d,a
95,t,d,u
96,t,g,u
97,f,d,u
98,f,g,u
99,t,d,a
100,f,h,u
101,f,d,a
102,t,d,w
103,f,h,u
104,t,d,a
105,f,d,u
106,t,d,u
107,f,l,a
108,f,l,w
109,f,d,u
110,f,d,a
111,f,d,a
112,f,d,s
113,f,g,a
114,f,m,a
115,f,d,a
116,t,d,w
117,f,d,s
118,t,g,a
119,f,d,u
120,f,d,a
121,f,d,w
122,f,d,w
123,t,d,u
124,f,d,a
125,f,d,w
126,f,d,a
127,f,d,s
128,f,d,a
129,f,l,w
130,t,g,a
131,f,h,a
132,t,d,u
133,t,d,a
134,f,l,u
135,f,l,a
136,f,d,s
137,f,d,a
138,f,d,u
139,f,d,u
140,f,g,u
141,f,d,a
142,f,d,u
143,f,d,a
144,f,l,s
145,f,d,u
146,f,d,a
147,t,g,a
148,f,d,u
149,f,d,u
150,f,d,a
151,t,d,u
152,f,d,a
153,f,d,u
154,f,d,w
155,f,d,a
156,f,d,u
157,f,d,a
158,f,d,a
159,f,d,a
160,f,d,u
161,f,g,a
162,f,d,u
163,f,d,a
164,f,d,w
165,f,d,a
166,t,d,u
167,f,d,u
168,f,d,u
169,f,d,a
170,t,g,u
171,f,d,a
172,t,d,a
173,f,d,a
174,t,d,w
175,t,d,u
176,t,d,a
177,f,h,u
178,f,d,a
179,f,d,a
180,f,d,a
181,f,d,a
182,f,d,a
183,f,l,a
184,f,h,u
185,t,d,a
186,f,d,u
187,f,d,u
188,t,g,u
189,f,d,a
190,t,m,a
191,f,d,a
192,f,d,u
193,f,d,w
194,f,d,u
195,t,d,a
196,f,d,w
197,f,d,a
198,f,d,a
199,f,d,a
200,f,d,a
201,f,d,a
202,t,d,a
203,t,m,a
204,t,d,a
205,f,d,a
206,f,g,a
207,t,m,u
208,t,d,a
209,t,d,u
210,f,d,a
211,f,g,u
212,f,d,w
213,f,d,a
214,f,d,a
215,f,l,s
216,f,d,a
217,f,d,u
218,t,d,a
219,f,d,a
220,t,l,a
221,f,d,w
222,f,l,a
223,f,d,u
224,f,d,u
225,t,d,u
226,t,g,w
227,f,g,a
228,t,p,u
229,t,d,u
230,f,d,a
231,f,g,u
232,f,m,a
233,f,d,w
234,f,g,u
235,t,d,a
236,f,d,u
237,f,g,a
238,f,d,u
239,f,d,a
240,t,d,a
241,t,u,u
242,f,p,u
243,t,d,w
244,t,d,w
245,f,d,w
246,f,g,u
247,t,d,a
248,t,d,s
249,f,h,u
250,t,d,a
251,f,h,a
252,f,d,a
253,t,d,u
254,f,d,a
255,f,g,a
256,f,d,w
257,f,d,u
258,f,h,a
259,f,d,a
260,t,m,u
261,f,d,u
262,f,l,a
263,t,d,u
264,t,m,w
265,f,g,u
266,f,d,u
267,f,d,a
268,f,h,u
269,f,d,a
270,f,l,s
271,f,d,u
272,t,d,u
273,f,l,a
274,f,d,a
275,f,d,a
276,f,d,u
277,f,d,u
278,f,g,u
279,t,d,a
280,t,d,u
281,t,d,u
282,t,d,a
283,t,d,a
284,f,m,w
285,f,d,w
286,t,g,u
287,f,d,u
288,t,d,a
289,t,d,u
290,f,g,u
291,f,d,s
292,f,g,u
293,f,d,u
294,f,g,a
295,f,d,u
296,t,d,s
297,f,d,a
298,f,d,u
299,f,g,u
300,f,m,a
301,t,g,u
302,f,g,u
303,f,d,w
304,f,d,u
305,f,l,a
306,f,g,u
307,f,d,a
308,f,d,a
309,t,d,a
310,f,m,s
311,f,d,a
312,f,d,u
313,f,d,a
314,f,d,a
315,t,w,a
316,t,w,a
317,t,d,u
318,t,w,u
319,f,g,a
320,f,g,u
321,f,d,a
322,f,h,a
323,f,d,s
324,t,g,u
325,f,d,a
326,f,d,w
327,f,g,a
328,f,d,u
329,t,d,a
330,f,h,a
331,t,g,a
332,f,d,a
333,f,d,u
334,t,p,u
335,f,d,a
336,f,l,w
337,t,d,u
338,t,d,a
339,f,d,u
340,f,d,w
341,t,d,a
342,f,d,a
343,f,g,u
344,f,l,a
345,f,g,u
346,f,h,a
347,t,w,u
348,f,d,w
349,t,d,u
350,f,d,a
351,f,h,s
352,f,d,w
353,f,d,a
354,t,d,a
355,f,h,u
356,t,m,u
357,f,d,u
358,t,d,a
359,t,d,a
360,f,d,u
361,f,d,a
362,f,g,a
363,f,g,a
364,f,l,u
365,t,d,u
366,f,d,u
367,f,l,w
368,f,d,a
369,f,d,a
370,f,d,w
371,f,g,a
372,f,m,w
373,f,d,w
374,f,d,u
375,f,d,a
376,f,d,u
377,f,d,u
378,f,d,a
379,f,d,a
380,f,d,a
381,f,g,u
382,f,d,s
383,f,d,a
384,f,d,u
385,f,g,w
386,t,d,u
387,t,d,u
388,f,l,u
389,f,d,a
390,t,d,u
391,f,d,a
392,f,d,w
393,t,d,u
394,t,d,u
395,f,d,u
396,f,d,u
397,t,d,a
398,f,p,u
399,f,h,u
400,f,d,u
401,f,d,a
402,f,d,w
403,f,d,a
404,f,d,a
405,f,d,a
406,f,d,u
407,t,m,a
408,f,g,a
409,f,d,a
410,f,d,a
411,f,d,u
412,f,d,a
413,f,d,u
414,t,d,u
415,t,d,a
416,f,d,u
417,t,d,u
418,f,d,u
419,f,d,a
420,f,d,a
421,f,d,a
422,f,d,a
423,t,g,a
424,f,l,a
425,f,d,a
426,f,l,w
427,t,w,a
428,f,d,a
429,t,d,u
430,f,h,a
431,t,m,a
432,f,d,s
433,f,d,u
434,f,d,a
435,f,d,u
436,t,d,a
437,f,d,a
438,f,d,a
439,t,m,u
440,f,d,u
441,t,d,u
442,t,l,a
443,f,d,w
444,f,d,u
445,f,d,a
446,f,d,a
447,f,d,a
448,f,d,a
449,f,l,a
450,t,d,a
451,f,g,a
452,f,d,a
453,f,g,u
454,f,h,u
455,t,d,u
456,f,d,w
457,t,m,u
458,t,m,a
459,f,m,a
460,f,d,a
461,f,h,a
462,f,d,u
463,f,d,w
464,f,d,u
465,f,m,a
466,f,d,a
467,t,d,a
468,f,g,a
469,f,d,w
470,f,d,u
471,f,d,u
472,t,d,a
473,f,d,a
474,t,w,a
475,t,d,a
476,f,g,a
477,f,d,a
478,f,d,w
479,f,d,s
480,f,d,a
481,f,d,u
482,t,d,u
483,f,d,u
484,t,m,u
485,f,d,w
486,f,d,a
487,f,d,a
488,t,d,u
489,f,g,u
490,t,d,u
491,f,d,a
492,t,w,a
493,f,d,a
494,f,d,a
495,t,g,a
496,f,d,a
497,f,d,u
498,f,g,u
499,f,d,a
500,f,d,a
501,t,w,w
502,f,d,a
503,f,d,a
504,f,l,u
505,t,d,u
506,f,m,a
507,f,d,a
508,f,d,a
509,f,d,a
510,f,d,w
511,f,d,a
512,f,d,a
513,f,m,w
514,f,h,u
515,t,d,a
516,f,g,a
517,f,d,w
518,f,g,a
519,t,d,u
520,f,d,a
521,f,d,a
522,f,d,a
523,f,g,u
524,f,d,a
525,f,d,a
526,t,m,u
527,f,d,a
528,t,d,u
529,f,d,u
530,f,d,u
531,t,d,a
532,t,d,a
533,f,d,a
534,t,d,a
535,t,l,a
536,f,d,u
537,f,d,a
538,t,m,u
539,f,d,a
540,f,g,u
541,t,d,s
542,t,d,w
543,f,g,u
544,t,d,u
545,f,d,s
546,f,l,a
547,t,d,a
548,t,d,a
549,f,d,a
550,t,d,a
551,f,d,a
552,f,h,a
553,f,d,u
554,f,d,a
555,f,d,u
556,t,g,u
557,t,d,a
558,f,d,a
559,f,d,a
560,f,d,u
561,f,d,w
562,f,d,u
563,f,d,a
564,f,g,a
565,f,d,a
566,f,d,a
567,f,d,a
568,t,m,u
569,f,h,u
570,f,d,w
571,f,d,a
572,f,d,a
573,f,d,u
574,f,d,a
575,f,d,a
576,f,d,w
577,f,g,w
578,f,d,u
579,f,d,u
580,f,d,u
581,f,d,a
582,f,d,a
583,t,d,u
584,f,d,a
585,f,h,u
586,f,d,w
587,t,g,a
588,f,d,w
589,t,d,u
590,t,d,a
591,f,d,w
592,f,g,u
593,f,d,s
594,t,d,u
595,f,d,a
596,f,d,a
597,f,g,u
598,f,h,a
599,t,d,u
600,f,d,u
601,f,d,u
602,t,w,a
603,t,g,a
604,f,g,u
605,f,d,s
606,f,d,u
607,f,d,a
608,t,d,u
609,t,d,a
610,t,d,a
611,f,d,a
612,t,g,u
613,t,d,a
614,t,d,w
615,f,d,a
616,f,l,a
617,t,d,u
618,t,d,a
619,f,d,a
620,f,d,u
621,f,d,a
622,f,d,a
623,f,d,a
624,f,d,u
625,f,d,a
626,f,d,u
627,f,d,a
628,t,p,u
629,f,d,s
630,f,g,u
631,f,d,w
632,f,d,u
633,f,h,u
634,f,m,a
635,t,d,u
636,f,d,u
637,t,h,u
638,f,d,a
639,t,d,a
640,t,d,u
641,t,d,a
642,f,g,u
643,f,d,a
644,f,g,a
645,f,d,a
646,t,g,s
647,f,d,a
648,f,m,u
649,f,d,a
650,f,g,u
651,f,d,a
652,t,d,a
653,f,d,u
654,t,d,s
655,t,m,u
656,f,d,w
657,f,m,a
658,f,d,u
659,t,d,a
660,f,m,a
661,f,d,a
662,f,d,u
663,f,g,a
664,t,d,a
665,f,d,u
666,f,m,a
667,f,d,a
668,t,d,u
669,f,l,u
670,f,d,u
671,t,d,a
672,t,m,u
673,f,d,u
674,f,d,a
675,t,g,a
676,f,d,a
677,f,h,a
678,t,d,u
679,f,l,w
680,f,h,a
681,f,d,w
682,f,d,a
683,f,l,a
684,f,d,u
685,t,g,a
686,f,d,a
687,t,d,a
688,f,l,w
689,f,d,u
690,f,d,w
691,t,d,a
692,f,d,u
693,t,d,u
694,f,h,a
695,t,d,u
696,f,g,a
697,f,d,a
698,t,d,a
699,f,g,u
700,f,d,u
701,f,d,u
702,f,d,u
703,t,w,a
704,t,d,a
705,f,d,u
706,f,d,a
707,f,d,w
708,f,d,a
709,t,g,a
710,t,d,a
711,t,d,a
712,f,d,u
713,t,d,a
714,t,p,u
715,f,d,u
716,f,d,u
717,f,d,a
718,f,d,u
719,t,d,a
720,t,m,u
721,f,m,u
722,f,d,u
723,t,d,a
724,t,d,a
725,t,d,a
726,f,l,a
727,f,d,u
728,f,d,a
729,f,m,u
730,f,d,w
731,f,d,u
732,t,d,w
733,f,d,a
734,f,d,a
735,f,d,u
736,f,d,a
737,t,d,a
738,f,d,a
739,t,d,a
740,f,d,u
741,f,l,w
742,f,g,w
743,f,d,w
744,f,d,a
745,f,d,a
746,f,l,u
747,f,d,a
748,f,d,u
749,t,g,u
750,t,d,a
751,f,d,w
752,f,d,u
753,f,d,a
754,f,g,a
755,f,d,a
756,f,d,a
757,f,d,a
758,t,d,u
759,f,d,a
760,f,d,s
761,f,d,u
762,f,d,u
763,f,d,a
764,f,d,u
765,f,d,u
766,f,d,a
767,t,m,a
768,f,d,u
769,f,d,a
770,f,d,w
771,f,d,u
772,f,d,u
773,f,d,a
774,f,d,a
775,f,d,a
776,f,d,w
777,t,g,w
778,f,d,u
779,f,d,u
780,f,d,u
781,f,d,u
782,f,d,a
783,f,g,a
784,f,g,a
785,f,d,a
786,f,d,a
787,t,d,w
788,f,g,u
789,f,d,u
790,f,d,s
791,f,d,a
792,f,d,u
793,f,d,a
794,t,g,a
795,f,d,a
796,f,m,a
797,f,g,u
798,t,d,a
799,t,m,u
800,f,d,u
801,f,d,a
802,t,d,u
803,f,d,w
804,f,g,u
805,t,d,u
806,f,d,w
807,f,d,a
808,f,d,u
809,f,l,w
810,f,d,a
811,t,d,u
812,f,d,a
813,t,d,u
814,f,d,a
815,f,d,u
816,f,d,u
817,f,d,s
818,f,d,u
819,f,d,a
820,f,d,a
821,f,h,a
822,f,d,w
823,f,d,u
824,f,m,a
825,f,d,a
826,f,d,u
827,f,d,s
828,t,d,a
829,f,d,a
830,t,u,s
831,t,d,u
832,t,d,a
833,f,d,a
834,f,d,a
835,f,d,u
836,t,d,a
837,f,d,u
838,f,d,a
839,f,d,u
840,f,l,a
841,f,d,a
842,f,d,u
843,t,d,w
844,f,g,a
845,f,g,a
846,t,d,a
847,f,d,a
848,f,d,a
849,f,d,w
850,f,d,a
851,f,d,u
852,t,d,u
853,f,g,u
854,t,d,a
855,f,d,a
856,t,m,u
857,f,d,u
858,f,d,w
859,t,g,w
860,f,d,w
861,f,d,a
862,f,d,a
863,f,d,u
864,t,g,u
865,f,l,w
866,f,d,a
867,f,d,w
868,f,g,w
869,f,d,a
870,f,d,a
871,f,g,u
872,f,d,a
873,f,d,u
874,t,d,a
875,f,d,a
876,f,l,u
877,f,d,u
878,f,d,a
879,f,d,a
880,f,l,s
881,f,d,a
882,f,g,a
883,t,d,u
884,f,d,u
885,f,d,a
886,f,d,a
887,f,d,u
888,f,l,a
889,f,d,a
890,f,g,a
891,f,d,a
892,f,d,a
893,f,l,u
894,t,m,a
895,f,m,u
896,f,g,a
897,f,l,a
898,f,d,u
899,f,h,u
900,t,d,u
901,f,d,u
902,f,l,s
903,f,d,a
904,f,d,u
905,f,g,u
906,f,d,s
907,f,d,a
908,f,d,a
909,f,m,a
910,f,l,a
911,f,d,s
912,f,d,a
913,f,g,u
914,t,g,a
915,f,d,s
916,f,d,a
917,t,m,a
918,f,d,u
919,f,d,a
920,f,g,w
921,f,h,u
922,f,m,a
923,f,d,a
924,f,l,s
925,t,d,u
926,f,l,a
927,t,d,u
928,f,d,w
929,f,d,u
930,f,d,a
931,t,d,w
932,f,d,a
933,f,d,w
934,f,l,a
935,f,d,a
936,t,d,u
937,f,d,a
938,f,d,a
939,t,d,a
940,f,d,a
941,f,d,u
942,f,h,a
943,f,m,u
944,f,d,u
945,f,d,a
946,f,d,a
947,f,m,u
948,f,h,a
949,f,d,u
950,f,d,a
951,f,d,a
952,f,d,a
953,f,g,a
954,f,d,w
955,t,g,u
956,f,g,a
957,t,d,w
958,f,g,a
959,f,d,a
960,t,d,a
961,f,h,a
962,f,d,a
963,f,d,a
964,f,d,s
965,f,d,u
966,f,d,u
967,f,d,u
968,f,m,s
969,f,d,a
970,f,g,w
971,f,d,a
972,f,d,u
973,f,d,a
974,f,l,a
975,f,d,u
976,t,w,u
977,f,d,a
978,t,d,u
979,t,d,u
980,f,d,u
981,f,d,a
982,f,d,a
983,f,d,u
984,f,d,a
985,f,d,a
986,t,d,a
987,f,d,a
988,f,d,u
989,f,d,a
990,f,g,a
991,f,d,a
992,t,d,a
993,f,d,a
994,f,d,a
995,t,h,a
996,f,d,a
997,f,h,u
998,f,d,u
999,f,p,a
1000,t,d,a
1001,f,g,a
1002,t,d,a
1003,t,g,u
1004,f,d,a
1005,t,m,u
1006,f,d,u
1007,f,d,u
1008,f,d,s
1009,f,l,w
1010,t,d,a
1011,t,d,u
1012,f,d,a
1013,f,g,u
1014,f,l,u
1015,f,d,w
1016,f,d,a
1017,f,d,a
1018,f,d,a
1019,t,g,u
1020,t,m,a
1021,f,g,u
1022,f,d,a
1023,f,m,a
1024,f,d,u
1025,f,d,u
1026,f,d,a
1027,f,d,u
1028,f,d,a
1029,t,d,u
1030,f,g,a
1031,f,l,a
1032,f,g,a
1033,f,d,u
1034,f,g,a
1035,t,d,a
1036,f,d,w
1037,f,d,u
1038,f,g,u
1039,f,g,w
1040,f,d,w
1041,f,d,a
1042,f,p,u
1043,f,d,a
1044,f,d,a
1045,f,l,a
1046,f,d,a
1047,t,d,a
1048,f,d,a
1049,f,h,u
1050,t,d,u
1051,t,d,u
1052,f,d,a
1053,t,d,u
1054,f,l,w
1055,t,d,a
1056,f,d,a
1057,t,d,u
1058,f,d,a
1059,f,d,a
1060,f,d,a
1061,f,g,u
1062,f,d,a
1063,f,g,u
1064,f,d,u
1065,f,l,a
1066,f,d,a
1067,t,m,u
1068,f,d,a
1069,f,d,u
1070,f,d,a
1071,f,d,u
1072,f,l,u
1073,f,d,a
1074,t,m,u
1075,f,d,s
1076,f,g,a
1077,f,d,a
1078,f,d,u
1079,f,d,a
1080,f,d,u
1081,t,d,a
1082,f,m,a
1083,f,g,a
1084,f,g,a
1085,f,d,u
1086,f,g,a
1087,f,d,a
1088,f,d,w
1089,f,d,a
1090,f,g,a
1091,f,d,a
1092,f,d,a
1093,t,d,u
1094,t,d,a
1095,t,d,a
1096,t,d,w
1097,f,d,u
1098,f,d,a
1099,t,d,u
1100,f,d,a
1101,t,d,u
1102,f,g,a
1103,f,d,a
1104,f,d,a
1105,f,g,a
1106,f,d,a
1107,f,g,a
1108,f,d,a
1109,f,d,a
1110,f,d,u
1111,f,d,a
1112,f,g,a
1113,f,l,u
1114,f,h,u
1115,t,d,a
1116,f,g,u
1117,t,l,a
1118,t,d,a
1119,f,d,a
1120,f,d,a
1121,t,m,s
1122,f,d,a
1123,f,d,u
1124,f,l,u
1125,f,d,a
1126,f,m,w
1127,t,d,a
1128,f,l,u
1129,f,d,u
1130,f,d,a
1131,f,l,a
1132,f,d,a
1133,t,d,u
1134,f,d,u
1135,t,d,a
1136,f,d,a
1137,f,d,a
1138,f,d,u
1139,t,d,a
1140,f,d,u
1141,f,d,a
1142,f,g,a
1143,t,d,u
1144,f,h,a
1145,f,l,w
1146,t,d,a
1147,f,d,w
1148,t,d,a
1149,f,d,a
1150,f,d,w
1151,t,d,a
1152,t,d,u
1153,f,d,a
1154,t,d,u
1155,t,d,a
1156,t,d,u
1157,f,g,s
1158,f,h,u
1159,f,l,a
1160,f,d,a
1161,t,d,a
1162,t,d,a
1163,t,d,s
1164,t,d,a
1165,f,g,u
1166,f,d,a
1167,f,d,a
1168,f,d,a
1169,f,d,u
1170,f,h,a
1171,f,d,w
1172,f,d,u
1173,f,d,u
1174,f,m,a
1175,f,g,a
1176,f,d,u
1177,f,d,u
1178,f,d,u
1179,f,d,u
1180,f,d,a
1181,f,h,a
1182,f,d,a
1183,f,d,w
1184,t,d,u
1185,t,d,u
1186,f,d,a
1187,t,m,a
1188,f,g,a
1189,f,d,a
1190,f,d,u
1191,f,d,s
1192,f,d,a
1193,f,g,u
1194,t,d,a
1195,f,d,u
1196,t,d,a
1197,f,d,a
1198,f,d,w
1199,f,d,a
1200,t,d,u
1201,f,g,u
1202,f,d,a
1203,f,l,u
1204,t,d,u
1205,f,d,u
1206,f,d,a
1207,f,d,a
1208,f,g,u
1209,t,g,u
1210,t,d,a
1211,f,d,u
1212,f,d,u
1213,f,d,u
1214,t,g,u
1215,t,g,u
1216,f,d,a
1217,f,h,u
1218,f,d,a
1219,t,d,u
1220,t,d,a
1221,f,l,a
1222,t,d,a
1223,f,d,u
1224,t,m,s
1225,f,g,u
1226,f,d,w
1227,f,d,a
1228,t,d,a
1229,f,g,a
1230,f,d,a
1231,f,d,u
1232,f,l,a
1233,t,g,a
1234,t,d,a
1235,f,d,a
1236,t,d,u
1237,t,d,a
1238,f,d,a
1239,f,m,u
1240,t,d,w
1241,f,d,a
1242,f,d,u
1243,t,g,u
1244,f,h,a
1245,f,d,u
1246,f,d,s
1247,f,d,u
1248,t,d,a
1249,f,d,w
1250,f,m,a
1251,t,d,a
1252,f,d,a
1253,f,d,w
1254,f,d,u
1255,t,m,u
1256,f,d,a
1257,f,g,u
1258,f,d,u
1259,t,d,u
1260,f,g,u
1261,f,g,w
1262,f,g,a
1263,f,d,a
1264,f,d,a
1265,f,d,u
1266,t,d,a
1267,f,d,u
1268,f,h,a
1269,f,m,s
1270,t,m,a
1271,f,g,s
1272,t,d,u
1273,f,d,w
1274,t,d,u
1275,t,d,a
1276,f,d,a
1277,f,g,w
1278,f,l,u
1279,f,d,a
1280,f,d,a
1281,t,g,u
1282,t,d,a
1283,f,m,s
1284,f,d,a
1285,f,d,a
1286,f,d,a
1287,f,d,w
1288,t,h,u
1289,f,d,u
1290,f,d,u
1291,f,g,u
1292,f,d,a
1293,f,d,u
1294,f,g,u
1295,t,m,a
1296,f,d,a
1297,t,d,u
1298,f,d,a
1299,t,u,a
1300,f,d,a
1301,f,d,s
1302,f,d,u
1303,f,d,a
1304,t,m,u
1305,f,d,w
1306,f,d,u
1307,f,d,a
1308,f,d,a
1309,t,d,a
1310,f,d,w
1311,f,g,a
1312,f,l,a
1313,f,d,a
1314,f,g,u
1315,f,d,u
1316,t,d,a
1317,f,d,a
1318,t,d,u
1319,t,d,u
1320,t,d,a
1321,t,d,a
1322,f,d,u
1323,t,d,a
1324,f,d,u
1325,f,m,w
1326,f,g,a
1327,f,d,a
1328,f,p,a
1329,t,d,a
1330,t,m,a
1331,t,d,a
1332,f,d,u
1333,f,d,a
1334,f,d,a
1335,f,d,u
1336,f,d,u
1337,f,d,u
1338,f,d,a
1339,f,h,u
1340,f,d,a
1341,t,d,a
1342,f,g,a
1343,t,d,u
1344,f,d,u
1345,f,d,a
1346,f,g,a
1347,f,d,u
1348,f,d,u
1349,f,d,u
1350,f,d,u
1351,f,d,a
1352,t,g,w
1353,f,d,a
1354,t,d,w
1355,f,g,u
1356,f,d,u
1357,f,d,u
1358,t,d,u
1359,t,d,u
1360,t,d,a
1361,f,d,a
1362,f,d,s
1363,f,d,w
1364,f,g,u
1365,f,d,u
1366,f,l,w
1367,f,h,u
1368,f,d,u
1369,t,g,u
1370,f,d,a
1371,f,g,u
1372,f,l,w
1373,f,d,a
1374,t,g,a
1375,f,d,w
1376,f,g,u
1377,f,d,a
1378,f,g,a
1379,f,d,a
1380,f,d,a
1381,f,d,a
1382,f,g,u
1383,f,m,a
1384,f,d,a
1385,f,d,u
1386,t,d,u
1387,f,d,a
1388,f,h,u
1389,f,g,a
1390,f,d,u
1391,f,m,a
1392,f,d,a
1393,t,d,u
1394,f,g,a
1395,f,d,a
1396,f,d,u
1397,f,d,a
1398,f,d,a
1399,f,d,u
1400,f,d,a
1401,f,l,a
1402,f,d,u
1403,f,d,u
1404,f,d,a
1405,f,d,w
1406,f,l,u
1407,t,g,a
1408,f,d,a
1409,f,d,a
1410,f,l,u
1411,t,d,u
1412,f,d,a
1413,t,d,a
1414,f,d,a
1415,f,d,u
1416,f,d,u
1417,t,d,a
1418,t,u,s
1419,t,g,a
1420,f,d,u
1421,f,d,a
1422,f,g,a
1423,f,g,a
1424,f,g,a
1425,f,d,a
1426,f,d,a
1427,f,d,a
1428,f,d,u
1429,f,g,u
1430,f,d,a
1431,t,d,w
1432,f,h,a
1433,f,d,w
1434,f,h,a
1435,f,d,a
1436,t,d,a
1437,t,u,a
1438,f,g,u
1439,f,d,a
1440,f,g,u
1441,f,d,u
1442,f,d,a
1443,t,g,s
1444,f,h,a
1445,t,d,a
1446,t,d,u
1447,t,d,a
1448,f,h,u
1449,f,d,a
1450,f,d,a
1451,f,d,a
1452,f,d,u
1453,t,g,a
1454,f,d,a
1455,f,l,u
1456,f,g,a
1457,f,d,u
1458,f,g,a
1459,t,d,a
1460,f,d,u
1461,f,d,a
1462,f,d,w
1463,f,g,u
1464,f,d,w
1465,t,d,a
1466,f,d,u
1467,t,d,a
1468,f,d,a
1469,f,d,w
1470,f,d,a
1471,f,g,u
1472,f,g,a
1473,f,d,u
1474,f,d,a
1475,f,d,u
1476,f,d,a
1477,f,d,a
1478,t,d,u
1479,f,d,u
1480,f,h,a
1481,f,d,a
1482,t,l,a
1483,f,d,a
1484,f,m,w
1485,f,d,a
1486,f,d,u
1487,f,d,u
1488,t,d,u
1489,f,d,a
1490,f,d,u
1491,f,d,u
1492,f,d,a
1493,t,d,u
1494,f,d,a
1495,f,d,a
1496,f,d,s
1497,f,d,a
1498,t,d,a
1499,f,d,u
1500,f,l,a
1501,f,d,a
1502,f,g,a
1503,f,d,a
1504,f,d,a
1505,f,g,a
1506,f,d,u
1507,t,d,a
1508,f,h,a
1509,f,d,w
1510,f,d,a
1511,f,d,a
1512,f,d,a
1513,t,d,a
1514,t,d,a
1515,f,d,u
1516,t,g,u
1517,f,d,a
1518,f,d,a
1519,f,d,u
1520,f,d,a
1521,f,g,u
1522,f,g,a
1523,f,d,u
1524,f,d,u
1525,t,d,u
1526,f,d,u
1527,f,l,a
1528,f,l,w
1529,t,g,a
1530,t,d,u
1531,f,l,w
1532,f,d,u
1533,f,d,a
1534,t,d,u
1535,f,h,a
1536,f,d,a
1537,f,d,a
1538,t,d,u
1539,f,d,u
1540,t,d,u
1541,f,g,a
1542,f,d,u
1543,f,m,a
1544,t,d,a
1545,f,d,a
1546,f,d,u
1547,f,d,a
1548,f,d,a
1549,f,g,a
1550,f,g,u
1551,f,d,u
1552,f,l,u
1553,f,d,u
1554,f,d,a
1555,f,m,u
1556,f,d,u
1557,t,d,u
1558,f,g,u
1559,f,d,u
1560,f,d,u
1561,f,g,a
1562,f,d,u
1563,f,l,w
1564,f,m,a
1565,f,d,w
1566,f,d,a
1567,f,d,u
1568,t,d,a
1569,t,g,u
1570,f,g,u
1571,f,d,a
1572,f,d,a
1573,f,h,u
1574,f,d,a
1575,f,d,a
1576,f,d,a
1577,t,d,a
1578,f,d,u
1579,f,l,w
1580,t,d,a
1581,t,g,a
1582,f,d,a
1583,t,d,a
1584,f,m,a
1585,t,d,u
1586,f,y,a
1587,t,g,a
1588,f,d,a
1589,f,d,u
1590,f,g,a
1591,t,g,a
1592,t,d,a
1593,f,d,u
1594,t,m,a
1595,f,d,a
1596,f,d,u
1597,t,g,a
1598,f,g,u
1599,t,g,a
1600,t,g,u
1601,t,d,u
1602,f,d,s
1603,t,g,u
1604,f,d,a
1605,f,d,w
1606,t,g,u
1607,t,d,u
1608,f,g,a
1609,f,d,w
1610,f,d,a
1611,f,d,u
1612,f,g,u
1613,f,h,u
1614,f,d,a
1615,t,d,u
1616,f,d,u
1617,f,d,a
1618,f,d,a
1619,f,g,u
1620,f,d,a
1621,f,d,u
1622,f,d,a
1623,f,g,a
1624,f,d,a
1625,f,d,s
1626,f,d,a
1627,t,d,u
1628,f,d,u
1629,t,d,a
1630,f,m,a
1631,f,h,s
1632,t,g,s
1633,t,d,a
1634,f,d,a
1635,f,g,a
1636,f,d,a
1637,f,g,a
1638,f,g,a
1639,f,d,u
1640,f,d,a
1641,f,d,a
1642,f,d,a
1643,t,d,a
1644,f,d,u
1645,t,g,a
1646,f,d,u
1647,f,g,u
1648,f,d,u
1649,f,d,a
1650,f,d,a
1651,f,g,u
1652,t,d,a
1653,f,m,u
1654,f,g,a
1655,t,g,s
1656,t,d,u
1657,f,d,u
1658,t,d,u
1659,f,d,a
1660,f,l,a
1661,f,d,u
1662,f,d,a
1663,f,g,a
1664,t,d,a
1665,f,d,u
1666,f,d,a
1667,f,d,a
1668,f,d,a
1669,f,g,u
1670,t,d,u
1671,f,h,u
1672,f,h,u
1673,f,d,a
1674,f,d,a
1675,t,g,a
1676,f,d,a
1677,f,d,a
1678,f,h,u
1679,f,d,s
1680,f,d,u
1681,f,d,a
1682,t,d,u
1683,f,g,u
1684,t,d,a
1685,f,d,a
1686,f,d,a
1687,f,d,a
1688,f,d,a
1689,t,g,u
1690,f,d,u
1691,f,d,u
1692,f,d,u
1693,f,m,a
1694,f,m,w
1695,f,d,a
1696,f,g,u
1697,f,d,u
1698,f,d,u
1699,f,d,a
1700,f,d,w
1701,f,l,w
1702,f,d,u
1703,f,d,a
1704,t,g,u
1705,f,l,u
1706,f,d,u
1707,t,d,u
1708,t,d,a
1709,f,d,u
1710,t,d,a
1711,f,g,u
1712,f,d,a
1713,f,d,a
1714,f,d,u
1715,f,d,a
1716,f,g,a
1717,f,l,a
1718,f,d,a
1719,f,d,a
1720,f,d,a
1721,t,d,u
1722,f,m,u
1723,f,g,a
1724,t,d,a
1725,f,m,u
1726,f,h,a
1727,f,d,a
1728,f,d,u
1729,f,d,a
1730,f,d,a
1731,f,d,u
1732,f,d,u
1733,f,g,a
1734,f,d,a
1735,f,d,u
1736,t,d,u
1737,t,g,u
1738,f,d,u
1739,f,d,u
1740,f,d,w
1741,t,d,w
1742,f,d,a
1743,f,d,u
1744,f,d,u
1745,f,d,a
1746,f,d,u
1747,f,d,a
1748,f,d,a
1749,f,d,u
1750,t,d,u
1751,f,g,w
1752,t,g,u
1753,f,m,a
1754,f,l,a
1755,f,m,u
1756,t,d,a
1757,f,d,a
1758,f,g,u
1759,t,d,a
1760,f,d,u
1761,f,d,s
1762,t,g,u
1763,f,d,u
1764,t,d,a
1765,f,g,u
1766,f,h,a
1767,f,d,u
1768,t,d,a
1769,f,d,u
1770,t,d,a
1771,f,d,u
1772,f,g,a
1773,f,d,u
1774,f,d,u
1775,t,u,a
1776,f,g,u
1777,f,d,u
1778,f,d,a
1779,t,d,a
1780,f,d,a
1781,f,d,u
1782,f,d,w
1783,f,d,a
1784,f,h,u
1785,f,d,a
1786,f,d,a
1787,f,d,a
1788,f,d,u
1789,f,d,a
1790,f,m,s
1791,f,d,u
1792,f,d,a
1793,f,p,u
1794,t,g,u
1795,f,l,a
1796,f,d,a
1797,f,d,a
1798,f,d,a
1799,f,d,s
1800,f,d,a
1801,f,d,a
1802,f,g,a
1803,f,d,u
1804,f,l,s
1805,f,d,u
1806,f,d,a
1807,t,d,u
1808,f,d,a
1809,t,d,u
1810,f,d,a
1811,f,d,u
1812,t,d,a
1813,f,g,a
1814,f,d,a
1815,f,d,a
1816,f,d,a
1817,t,d,a
1818,f,d,u
1819,f,m,a
1820,f,d,u
1821,t,m,a
1822,t,d,u
1823,f,l,a
1824,f,d,a
1825,f,d,u
1826,f,d,a
1827,f,d,a
1828,f,g,a
1829,f,h,a
1830,t,d,a
1831,f,h,a
1832,f,d,a
1833,t,d,a
1834,f,d,u
1835,f,d,u
1836,f,d,a
1837,f,d,u
1838,f,d,u
1839,t,m,s
1840,f,d,u
1841,f,g,u
1842,f,h,u
1843,f,h,a
1844,f,d,a
1845,t,p,u
1846,f,l,u
1847,f,d,w
1848,f,g,u
1849,t,d,u
1850,t,d,u
1851,f,d,w
1852,t,d,u
1853,f,d,w
1854,f,g,a
1855,f,d,a
1856,f,d,a
1857,f,d,u
1858,f,g,a
1859,f,d,u
1860,f,d,u
1861,f,d,s
1862,f,d,w
1863,t,d,w
1864,f,d,u
1865,t,p,a
1866,f,d,s
1867,f,d,u
1868,f,d,u
1869,f,d,a
1870,f,d,u
1871,f,g,u
1872,t,d,w
1873,t,d,a
1874,f,d,a
1875,f,m,a
1876,f,g,a
1877,f,d,a
1878,f,d,a
1879,t,m,a
1880,t,d,a
1881,f,d,u
1882,f,d,a
1883,f,d,a
1884,t,d,a
1885,t,d,w
1886,f,d,a
1887,f,d,a
1888,f,d,a
1889,f,g,u
1890,f,d,a
1891,t,g,a
1892,t,p,a
1893,f,g,u
1894,t,g,u
1895,f,g,s
1896,t,d,u
1897,f,g,u
1898,t,d,a
1899,f,d,s
1900,f,d,u
1901,t,d,u
1902,f,d,a
1903,f,d,a
1904,f,l,w
1905,f,d,u
1906,f,d,u
1907,t,d,u
1908,f,g,u
1909,f,d,s
1910,f,d,a
1911,f,d,a
1912,f,d,u
1913,f,d,u
1914,f,d,u
1915,t,d,a
1916,f,d,a
1917,f,g,s
1918,f,g,u
1919,f,d,w
1920,t,d,w
1921,f,g,a
1922,f,d,u
1923,t,m,u
1924,t,d,u
1925,t,d,a
1926,f,d,a
1927,f,d,w
1928,f,d,a
1929,f,d,a
1930,f,h,a
1931,f,g,a
1932,f,d,a
1933,t,w,a
1934,t,d,w
1935,f,d,a
1936,f,d,u
1937,t,d,a
1938,f,g,a
1939,f,d,a
1940,f,d,u
1941,f,d,a
1942,f,g,u
1943,f,d,s
1944,f,d,a
1945,f,d,a
1946,f,g,u
1947,t,d,u
1948,f,d,a
1949,f,d,u
1950,f,d,a
1951,f,d,w
1952,f,d,s
1953,f,d,a
1954,f,g,a
1955,t,d,w
1956,f,g,u
1957,f,d,u
1958,f,g,a
1959,f,g,u
1960,t,d,u
1961,f,g,u
1962,t,d,a
1963,t,d,u
1964,f,d,u
1965,t,d,a
1966,f,d,u
1967,f,d,u
1968,f,d,a
1969,t,d,w
1970,f,d,u
1971,f,g,a
1972,f,d,a
1973,f,d,w
1974,f,g,a
1975,f,d,u
1976,f,d,a
1977,f,m,w
1978,f,h,u
1979,f,g,a
1980,f,d,a
1981,f,m,a
1982,f,h,a
1983,f,g,a
1984,f,d,s
1985,t,d,a
1986,f,d,a
1987,f,d,a
1988,f,h,a
1989,f,d,u
1990,f,g,a
1991,t,d,u
1992,t,d,a
1993,f,g,u
1994,f,d,a
1995,f,g,u
1996,t,d,w
1997,f,l,a
1998,f,d,u
1999,f,d,a
2000,f,d,a
2001,f,d,u
2002,f,d,u
2003,t,d,a
2004,f,d,a
2005,f,g,u
2006,t,d,a
2007,t,d,u
2008,f,l,w
2009,f,g,u
2010,f,g,u
2011,f,d,a
2012,f,d,u
2013,f,d,a
2014,f,d,a
2015,f,d,w
2016,f,d,u
2017,f,d,a
2018,f,g,a
2019,t,g,u
2020,f,h,u
2021,t,m,w
2022,f,d,a
2023,f,d,a
2024,f,d,w
2025,f,g,u
2026,f,d,u
2027,f,d,u
2028,f,g,a
2029,t,m,u
2030,t,d,a
2031,t,d,a
2032,f,d,a
2033,f,d,u
2034,f,d,u
2035,t,d,u
2036,f,d,u
2037,f,d,u
2038,f,d,u
2039,f,d,a
2040,f,d,s
2041,f,g,a
2042,f,d,a
2043,f,d,a
2044,f,m,u
2045,f,d,a
2046,f,d,a
2047,t,d,u
2048,t,g,u
2049,t,g,s
2050,f,d,a
2051,f,l,a
2052,f,d,u
2053,f,d,a
2054,f,d,u
2055,f,d,w
2056,f,d,u
2057,f,d,w
2058,f,h,a
2059,t,d,s
2060,f,d,a
2061,f,g,a
2062,f,d,a
2063,t,d,a
2064,t,m,u
2065,f,d,u
2066,f,d,a
2067,f,d,u
2068,f,d,a
2069,f,d,a
2070,f,d,s
2071,f,d,a
2072,f,d,u
2073,t,d,a
2074,f,d,u
2075,f,d,w
2076,f,d,a
2077,t,h,a
2078,f,d,a
2079,f,d,a
2080,t,d,a
2081,t,d,a
2082,f,d,u
2083,t,d,a
2084,t,g,w
2085,f,d,a
2086,f,d,w
2087,f,d,a
2088,f,g,u
2089,f,d,a
2090,f,g,a
2091,f,d,u
2092,f,d,u
2093,f,d,u
2094,f,d,u
2095,f,h,u
2096,t,g,u
2097,t,d,u
2098,t,d,w
2099,f,d,a
2100,f,d,u
2101,f,d,u
2102,f,d,a
2103,t,d,w
2104,f,d,w
2105,t,d,a
2106,t,m,a
2107,f,d,a
2108,f,d,u
2109,f,d,u
2110,f,d,a
2111,f,d,u
2112,f,l,u
2113,f,d,a
2114,f,d,u
2115,f,d,a
2116,t,g,a
2117,t,d,u
2118,f,g,u
2119,f,d,a
2120,f,d,a
2121,f,d,u
2122,f,p,u
2123,f,d,a
2124,f,g,a
2125,f,d,u
2126,f,g,a
2127,f,d,a
2128,f,l,a
2129,f,d,u
2130,t,m,a
2131,f,d,a
2132,f,d,w
2133,t,g,w
2134,f,l,w
2135,f,g,u
2136,f,d,a
2137,f,h,u
2138,f,d,w
2139,f,d,a
2140,f,d,u
2141,f,l,s
2142,t,d,u
2143,f,d,a
2144,f,d,u
2145,f,g,u
2146,f,d,a
2147,f,d,a
2148,f,g,a
2149,f,d,a
2150,f,d,u
2151,f,d,w
2152,f,d,w
2153,f,h,u
2154,f,d,u
2155,t,d,a
2156,f,g,a
2157,f,d,u
2158,f,d,u
2159,t,d,a
2160,f,l,a
2161,t,w,a
2162,f,d,u
2163,t,u,u
2164,f,d,a
2165,f,d,a
2166,f,d,u
2167,t,d,a
2168,f,g,u
2169,f,d,a
2170,f,d,u
2171,f,l,a
2172,f,d,u
2173,f,l,u
2174,f,g,a
2175,f,d,a
2176,t,d,a
2177,f,d,u
2178,f,d,a
2179,f,l,u
2180,f,d,u
2181,f,h,a
2182,t,g,a
2183,f,d,u
2184,f,d,u
2185,t,d,u
2186,f,d,u
2187,f,d,u
2188,t,d,a
2189,t,d,u
2190,t,d,a
2191,t,u,s
2192,f,h,u
2193,f,d,a
2194,f,d,w
2195,f,g,a
2196,t,d,a
2197,f,m,a
2198,f,l,u
2199,f,l,a
2200,f,d,a
2201,f,g,a
2202,t,d,w
2203,t,d,u
2204,f,d,u
2205,t,g,a
2206,t,d,a
2207,f,m,a
2208,f,d,u
2209,t,d,u
2210,f,g,a
2211,f,l,w
2212,t,d,u
2213,f,d,u
2214,t,d,a
2215,t,d,a
2216,f,d,a
2217,t,d,w
2218,f,d,u
2219,t,d,u
2220,f,m,u
2221,t,d,a
2222,f,d,s
2223,f,d,a
2224,f,g,u
2225,f,d,u
2226,f,g,a
2227,f,d,u
2228,f,l,u
2229,f,d,a
2230,f,d,a
2231,f,d,w
2232,f,d,a
2233,f,g,a
2234,t,l,a
2235,f,d,a
2236,f,d,u
2237,t,d,a
2238,f,d,a
2239,f,l,a
2240,f,d,u
2241,f,d,a
2242,f,d,a
2243,f,l,a
2244,t,d,u
2245,t,d,a
2246,f,d,a
2247,t,d,a
2248,f,l,u
2249,f,d,a
2250,t,m,a
2251,f,d,a
2252,t,d,u
2253,t,g,a
2254,f,d,w
2255,f,d,u
2256,t,d,u
2257,f,d,a
2258,f,m,u
2259,f,g,a
2260,t,d,u
2261,t,d,a
2262,t,d,u
2263,f,l,u
2264,t,d,u
2265,f,d,u
2266,f,m,a
2267,f,h,a
2268,f,p,u
2269,f,d,u
2270,f,d,a
2271,f,d,u
2272,t,m,a
2273,t,d,a
2274,f,d,a
2275,f,l,s
2276,f,d,w
2277,f,l,u
2278,t,d,u
2279,f,d,a
2280,f,d,a
2281,f,d,u
2282,f,d,s
2283,f,d,u
2284,t,d,a
2285,f,d,s
2286,t,d,a
2287,t,w,a
2288,f,d,u
2289,t,d,w
2290,t,d,u
2291,t,d,a
2292,f,l,w
2293,f,d,a
2294,f,d,a
2295,f,d,u
2296,t,d,u
2297,f,d,u
2298,t,m,u
2299,f,d,u
2300,f,g,u
2301,t,g,a
2302,t,d,u
2303,t,g,u
2304,f,g,u
2305,f,d,u
2306,f,h,u
2307,f,d,u
2308,t,d,a
2309,f,l,a
2310,f,d,w
2311,t,d,u
2312,t,d,w
2313,f,d,w
2314,f,d,w
2315,f,g,a
2316,f,d,u
2317,t,d,a
2318,t,d,a
2319,t,d,s
2320,f,l,a
2321,f,d,a
2322,f,d,w
2323,f,m,a
2324,f,l,a
2325,f,g,u
2326,t,d,u
2327,f,d,a
2328,f,d,u
2329,f,d,a
2330,f,g,a
2331,f,d,a
2332,f,d,a
2333,t,g,s
2334,f,h,u
2335,f,g,u
2336,f,g,a
2337,f,d,u
2338,f,g,u
2339,f,d,w
2340,f,d,w
2341,f,g,u
2342,t,h,a
2343,t,d,u
2344,f,g,a
2345,f,d,w
2346,f,g,a
2347,f,h,a
2348,f,g,u
2349,t,d,u
2350,f,l,a
2351,f,l,a
2352,t,d,a
2353,t,g,a
2354,f,d,a
2355,t,d,u
2356,f,g,a
2357,f,h,u
2358,t,d,a
2359,f,g,a
2360,f,d,a
2361,f,d,a
2362,t,d,u
2363,f,d,u
2364,f,g,u
2365,f,g,a
2366,f,h,u
2367,t,d,a
2368,f,d,u
2369,f,d,w
2370,f,d,a
2371,f,d,u
2372,t,g,s
2373,f,d,u
2374,f,d,a
2375,f,d,a
2376,t,g,u
2377,f,d,a
2378,f,d,a
2379,t,d,a
2380,f,d,w
2381,f,d,u
2382,t,d,a
2383,t,d,w
2384,f,d,a
2385,t,g,a
2386,f,d,a
2387,f,g,u
2388,f,g,a
2389,f,g,a
2390,f,m,u
2391,f,d,a
2392,f,g,a
2393,f,d,a
2394,f,d,a
2395,t,d,a
2396,f,d,a
2397,f,g,u
2398,f,l,a
2399,f,d,a
2400,f,d,a
2401,f,d,a
2402,f,d,u
2403,f,d,a
2404,t,d,a
2405,f,d,u
2406,t,d,u
2407,f,d,a
2408,f,d,u
2409,t,d,u
2410,f,d,u
2411,f,d,a
2412,t,g,a
2413,f,d,a
2414,f,d,s
2415,f,d,a
2416,f,d,u
2417,f,d,a
2418,t,d,a
2419,f,d,u
2420,f,d,a
2421,t,d,u
2422,f,d,u
2423,f,g,u
2424,f,d,a
2425,f,l,w
2426,f,d,a
2427,f,d,w
2428,f,d,a
2429,f,g,w
2430,t,m,a
2431,f,m,a
2432,f,d,a
2433,f,d,a
2434,f,d,a
2435,f,d,a
2436,f,g,a
2437,f,d,a
2438,t,d,a
2439,f,d,u
2440,f,m,s
2441,f,d,u
2442,t,w,u
2443,f,d,u
2444,t,d,u
2445,f,m,a
2446,f,d,u
2447,t,g,a
2448,t,m,a
2449,t,d,u
2450,f,d,a
2451,t,d,w
2452,f,d,a
2453,f,d,u
2454,f,d,w
2455,t,d,u
2456,f,d,a
2457,f,h,u
2458,f,l,w
2459,f,l,w
2460,f,d,u
2461,f,d,a
2462,f,l,a
2463,t,d,a
2464,f,d,u
2465,f,d,a
2466,f,l,w
2467,f,d,w
2468,f,d,a
2469,f,d,a
2470,f,d,u
2471,f,d,a
2472,t,d,u
2473,t,d,w
2474,f,d,a
2475,f,d,a
2476,f,l,w
2477,f,d,a
2478,f,d,u
2479,t,d,u
2480,f,d,a
2481,t,d,u
2482,f,d,s
2483,t,d,u
2484,f,d,a
2485,f,m,w
2486,f,d,a
2487,f,d,w
2488,f,l,a
2489,t,w,a
2490,f,d,s
2491,t,d,u
2492,f,h,u
2493,f,d,u
2494,f,d,a
2495,t,m,u
2496,t,l,a
2497,f,d,a
2498,f,d,u
2499,f,d,a
2500,f,d,u
2501,f,d,u
2502,t,g,u
2503,f,d,a
2504,t,g,u
2505,f,d,u
2506,f,d,w
2507,f,d,a
2508,t,m,u
2509,f,d,a
2510,t,d,a
2511,t,g,a
2512,f,h,u
2513,f,d,a
2514,f,d,u
2515,t,m,a
2516,f,d,a
2517,f,d,a
2518,f,d,u
2519,f,d,a
2520,t,d,u
2521,f,d,u
2522,f,d,u
2523,t,d,a
2524,f,g,s
2525,f,d,a
2526,f,d,w
2527,f,d,u
2528,f,d,a
2529,f,l,a
2530,f,d,a
2531,f,d,w
2532,t,d,w
2533,f,l,a
2534,f,d,w
2535,f,g,u
2536,f,d,a
2537,f,d,a
2538,f,d,a
2539,f,d,a
2540,f,d,u
2541,f,d,a
2542,f,d,a
2543,f,d,a
2544,f,d,a
2545,f,d,u
2546,t,d,a
2547,t,d,a
2548,f,d,a
2549,t,d,a
2550,f,d,a
2551,f,d,s
2552,t,m,u
2553,f,d,u
2554,f,g,a
2555,f,d,a
2556,f,d,s
2557,t,d,a
2558,f,m,u
2559,t,d,a
2560,f,d,u
2561,t,d,u
2562,f,d,u
2563,t,d,u
2564,f,d,u
2565,t,d,a
2566,t,m,u
2567,f,d,a
2568,f,d,u
2569,f,d,u
2570,f,d,a
2571,f,d,u
2572,f,g,u
2573,t,d,a
2574,f,d,a
2575,f,d,u
2576,f,d,a
2577,f,d,a
2578,t,d,a
2579,f,g,a
2580,f,d,a
2581,f,d,u
2582,f,d,a
2583,f,g,u
2584,f,g,a
2585,f,l,a
2586,t,d,a
2587,f,d,u
2588,t,m,a
2589,t,d,a
2590,f,d,a
2591,f,d,a
2592,t,d,a
2593,f,d,a
2594,t,d,a
2595,t,w,a
2596,f,d,u
2597,f,h,u
2598,f,d,u
2599,f,d,u
2600,f,d,s
2601,t,l,a
2602,t,d,a
2603,f,d,w
2604,t,d,a
2605,f,d,a
2606,f,g,u
2607,f,d,a
2608,t,g,u
2609,f,d,a
2610,f,d,a
2611,f,d,u
2612,t,g,w
2613,f,d,a
2614,t,d,a
2615,f,g,a
2616,f,d,a
2617,t,d,a
2618,f,d,a
2619,f,d,a
2620,t,d,u
2621,f,m,s
2622,f,l,a
2623,t,g,a
2624,f,d,a
2625,f,d,a
2626,f,l,a
2627,f,d,u
2628,t,d,a
2629,f,g,a
2630,f,d,u
2631,f,m,a
2632,f,m,a
2633,t,d,u
2634,f,g,u
2635,f,d,a
2636,f,d,u
2637,f,d,a
2638,f,d,a
2639,f,d,u
2640,f,d,u
2641,f,d,s
2642,f,h,u
2643,f,d,a
2644,f,d,u
2645,f,d,a
2646,f,d,a
2647,f,h,a
2648,f,d,w
2649,f,d,a
2650,f,g,u
2651,f,d,a
2652,t,d,u
2653,f,d,a
2654,t,d,a
2655,f,l,w
2656,f,g,u
2657,t,d,u
2658,t,d,w
2659,f,d,w
2660,f,g,a
2661,t,d,a
2662,f,d,u
2663,f,d,w
2664,f,d,a
2665,f,g,a
2666,f,d,a
2667,f,g,a
2668,t,d,a
2669,f,d,a
2670,t,d,u
2671,f,d,a
2672,f,l,u
2673,f,d,u
2674,f,l,w
2675,f,d,a
2676,f,g,w
2677,f,d,u
2678,t,d,a
2679,f,g,a
2680,f,d,u
2681,f,d,a
2682,f,l,a
2683,f,d,a
2684,t,d,u
2685,f,d,u
2686,f,g,u
2687,f,d,u
2688,f,l,u
2689,f,,a
2690,f,g,a
2691,f,d,a
2692,f,d,a
2693,f,d,u
2694,f,d,a
2695,f,d,s
2696,f,d,a
2697,f,g,a
2698,t,h,u
2699,t,d,u
2700,f,d,u
2701,f,g,a
2702,f,d,a
2703,t,d,u
2704,f,d,a
2705,f,d,w
2706,f,d,a
2707,f,d,u
2708,f,d,s
2709,f,d,a
2710,f,d,u
2711,f,d,a
2712,t,d,a
2713,f,d,a
2714,f,m,u
2715,f,d,a
2716,t,m,a
2717,f,d,w
2718,f,d,u
2719,t,d,u
2720,f,d,a
2721,f,d,a
2722,f,g,a
2723,f,g,a
2724,f,d,u
2725,f,d,a
2726,t,m,u
2727,t,m,u
2728,f,d,a
2729,f,d,u
2730,f,d,s
2731,t,d,u
2732,f,d,u
2733,t,m,u
2734,f,d,a
2735,f,d,a
2736,f,h,a
2737,f,d,a
2738,f,g,a
2739,f,d,a
2740,f,m,a
2741,f,h,u
2742,f,d,a
2743,t,g,s
2744,t,d,w
2745,t,d,u
2746,t,d,u
2747,t,d,u
2748,f,d,a
2749,f,d,u
2750,f,d,a
2751,f,d,u
2752,t,d,a
2753,f,d,a
2754,f,l,a
2755,t,d,u
2756,f,d,u
2757,f,d,a
2758,f,d,a
2759,f,d,a
2760,f,g,u
2761,f,g,u
2762,f,d,u
2763,f,d,a
2764,f,d,a
2765,f,d,w
2766,f,g,a
2767,f,d,a
2768,f,d,a
2769,t,d,a
2770,f,d,a
2771,f,d,a
2772,t,g,a
2773,f,d,u
2774,f,d,a
2775,f,d,u
2776,f,g,w
2777,f,g,u
2778,f,g,a
2779,f,g,a
2780,f,d,u
2781,f,l,a
2782,t,d,a
2783,f,d,a
2784,t,d,u
2785,f,d,s
2786,t,m,a
2787,f,d,a
2788,f,d,a
2789,f,h,u
2790,t,d,u
2791,f,g,u
2792,f,d,a
2793,f,d,a
2794,f,g,u
2795,f,g,w
2796,f,d,w
2797,f,g,u
2798,f,d,a
2799,f,g,u
2800,f,d,a
2801,t,d,a
2802,f,g,u
2803,f,d,a
2804,f,d,a
2805,f,d,a
2806,f,g,u
2807,f,d,a
2808,f,d,a
2809,f,d,a
2810,f,d,u
2811,f,l,a
2812,f,d,u
2813,f,l,s
2814,f,h,u
2815,f,d,a
2816,f,d,u
2817,f,d,u
2818,f,d,u
2819,f,d,s
2820,t,d,a
2821,f,d,a
2822,f,d,u
2823,t,d,a
2824,f,g,s
2825,t,d,u
2826,f,d,u
2827,f,d,a
2828,f,d,u
2829,t,m,s
2830,t,d,a
2831,f,d,a
2832,f,g,u
2833,t,g,w
2834,f,d,a
2835,f,g,u
2836,f,d,a
2837,t,d,a
2838,f,l,w
2839,f,d,a
2840,f,d,u
2841,f,d,u
2842,f,d,a
2843,f,d,u
2844,f,d,a
2845,t,d,a
2846,f,h,u
2847,t,d,a
2848,f,h,u
2849,f,d,a
2850,f,g,a
2851,t,d,u
2852,t,d,a
2853,f,d,a
2854,t,d,a
2855,f,g,a
2856,t,d,u
2857,f,d,u
2858,f,d,u
2859,t,d,a
2860,f,d,a
2861,t,d,u
2862,f,d,a
2863,f,l,u
2864,f,d,w
2865,f,m,a
2866,f,g,a
2867,f,d,u
2868,f,g,u
2869,f,d,w
2870,f,d,a
2871,f,d,a
2872,t,d,a
2873,f,l,a
2874,f,g,u
2875,t,g,a
2876,f,l,a
2877,f,m,u
2878,f,l,w
2879,f,g,a
2880,f,g,a
2881,f,l,w
2882,f,g,u
2883,f,h,a
2884,t,d,a
2885,f,d,w
2886,t,g,u
2887,f,d,u
2888,f,d,u
2889,f,g,a
2890,f,m,s
2891,f,d,u
2892,f,d,s
2893,f,d,a
2894,t,d,u
2895,t,d,a
2896,t,l,a
2897,f,h,u
2898,t,d,u
2899,f,d,u
2900,f,d,w
2901,f,d,u
2902,f,d,u
2903,f,d,a
2904,t,d,u
2905,t,d,u
2906,f,g,a
2907,f,g,a
2908,f,d,a
2909,f,d,u
2910,f,d,a
2911,f,d,a
2912,f,d,a
2913,f,g,u
2914,f,p,a
2915,f,g,a
2916,f,d,w
2917,f,p,u
2918,f,d,a
2919,t,d,a
2920,f,d,u
2921,f,d,w
2922,f,d,a
2923,t,g,u
2924,f,g,a
2925,t,d,u
2926,t,d,u
2927,f,d,u
2928,f,d,a
2929,f,d,u
2930,f,d,s
2931,f,g,u
2932,t,m,a
2933,t,m,u
2934,f,g,u
2935,t,g,a
2936,f,d,u
2937,f,d,u
2938,f,d,u
2939,f,d,u
2940,f,m,a
2941,f,d,u
2942,f,d,a
2943,f,d,a
2944,f,g,a
2945,f,d,w
2946,f,d,a
2947,f,l,a
2948,f,d,a
2949,f,d,u
2950,f,g,u
2951,f,l,w
2952,f,d,a
2953,f,d,a
2954,f,d,u
2955,t,g,u
2956,f,d,w
2957,t,d,a
2958,f,m,a
2959,f,h,u
2960,t,m,u
2961,f,d,a
2962,f,d,a
2963,f,d,u
2964,f,d,a
2965,f,d,a
2966,f,d,a
2967,f,d,a
2968,t,m,w
2969,f,d,w
2970,f,d,a
2971,t,d,a
2972,t,d,u
2973,f,m,a
2974,f,h,a
2975,f,d,a
2976,f,d,a
2977,f,m,a
2978,f,d,u
2979,f,h,a
2980,t,d,a
2981,f,d,u
2982,f,d,s
2983,f,d,a
2984,t,d,w
2985,f,d,a
2986,t,g,u
2987,f,g,u
2988,f,l,u
2989,f,d,a
2990,f,d,a
2991,t,d,a
2992,f,d,a
2993,f,d,s
2994,f,m,a
2995,f,d,u
2996,f,h,u
2997,f,d,a
2998,f,d,w
2999,f,d,u
3000,f,d,a
3001,f,l,u
3002,t,d,a
3003,t,d,u
3004,f,d,a
3005,f,d,a
3006,f,d,a
3007,t,d,a
3008,f,h,u
3009,f,d,a
3010,f,d,u
3011,f,l,w
3012,t,d,a
3013,f,d,a
3014,f,d,u
3015,t,d,u
3016,f,m,a
3017,t,d,w
3018,t,d,a
3019,f,d,u
3020,f,d,a
3021,f,g,s
3022,t,d,u
3023,t,g,a
3024,f,l,a
3025,f,d,a
3026,f,d,s
3027,f,d,a
3028,f,d,w
3029,f,g,a
3030,f,h,a
3031,t,d,u
3032,f,d,a
3033,f,d,a
3034,f,d,a
3035,t,d,u
3036,f,d,a
3037,f,d,a
3038,f,d,u
3039,t,d,u
3040,f,l,w
3041,f,p,u
3042,f,g,w
3043,f,g,w
3044,f,d,a
3045,f,l,a
3046,f,d,u
3047,f,d,a
3048,f,d,s
3049,f,d,u
3050,f,d,s
3051,f,d,u
3052,f,d,a
3053,f,d,a
3054,f,d,a
3055,f,d,a
3056,f,g,u
3057,f,d,u
3058,f,g,a
3059,f,l,a
3060,f,d,a
3061,f,g,u
3062,f,d,u
3063,f,d,a
3064,f,m,a
3065,f,d,s
3066,f,d,a
3067,t,g,a
3068,f,m,u
3069,t,m,a
3070,t,g,a
3071,t,d,a
3072,f,h,u
3073,f,d,w
3074,t,g,a
3075,f,d,a
3076,f,d,a
3077,t,g,w
3078,f,g,a
3079,f,d,a
3080,f,d,s
3081,f,d,u
3082,f,d,a
3083,f,d,u
3084,f,g,a
3085,f,l,u
3086,t,d,s
3087,t,d,u
3088,t,d,u
3089,f,g,u
3090,f,d,u
3091,f,d,u
3092,f,d,a
3093,t,h,a
3094,t,g,u
3095,f,g,u
3096,f,d,a
3097,f,l,s
3098,f,d,a
3099,f,d,u
3100,f,d,a
3101,f,d,a
3102,f,g,u
3103,f,d,u
3104,t,d,a
3105,f,d,a
3106,t,d,u
3107,f,g,a
3108,f,d,u
3109,f,g,a
3110,f,g,a
3111,t,d,a
3112,t,d,u
3113,f,d,a
3114,f,d,u
3115,f,m,u
3116,f,l,a
3117,f,d,s
3118,f,d,u
3119,f,l,s
3120,f,d,a
3121,t,g,u
3122,f,d,a
3123,t,d,u
3124,f,d,w
3125,t,d,a
3126,t,m,a
3127,f,d,a
3128,f,d,w
3129,f,d,a
3130,f,d,a
3131,f,d,u
3132,f,d,u
3133,t,w,u
3134,t,d,u
3135,f,d,u
3136,f,d,u
3137,f,d,a
3138,f,d,a
3139,f,d,u
3140,t,g,a
3141,f,g,a
3142,t,d,a
3143,f,d,a
3144,f,g,a
3145,f,g,u
3146,f,d,w
3147,f,d,a
3148,f,d,a
3149,f,g,a
3150,f,d,a
3151,t,d,a
3152,f,p,u
3153,f,l,s
3154,f,d,s
3155,f,d,a
3156,f,d,w
3157,f,d,a
3158,f,d,u
3159,f,d,u
3160,f,g,u
3161,f,d,a
3162,f,d,u
3163,f,d,a
3164,f,h,u
3165,f,d,a
3166,f,d,a
3167,f,g,a
3168,f,l,u
3169,f,d,a
3170,f,d,a
3171,f,m,u
3172,f,d,u
3173,f,d,u
3174,f,m,u
3175,t,d,w
3176,f,l,a
3177,f,d,u
3178,f,d,a
3179,f,d,u
3180,f,g,a
3181,t,d,w
3182,f,d,a
3183,t,p,a
3184,t,d,u
3185,t,u,s
3186,f,d,a
3187,t,d,a
3188,f,d,u
3189,f,d,w
3190,f,d,u
3191,f,g,a
3192,f,d,a
3193,f,l,a
3194,t,l,a
3195,t,d,a
3196,t,d,a
3197,f,d,a
3198,f,d,u
3199,f,d,u
3200,f,g,u
3201,f,g,u
3202,f,g,a
3203,t,d,u
3204,t,d,a
3205,f,d,a
3206,f,d,u
3207,t,d,a
3208,t,d,s
3209,f,d,u
3210,f,d,w
3211,t,d,a
3212,f,d,a
3213,f,d,u
3214,f,g,u
3215,t,d,w
3216,f,h,a
3217,f,d,u
3218,f,d,a
3219,t,m,u
3220,f,h,a
3221,t,d,a
3222,f,g,a
3223,t,d,a
3224,f,g,u
3225,t,m,u
3226,f,g,w
3227,f,d,a
3228,t,d,u
3229,f,d,u
3230,t,d,a
3231,t,d,a
3232,f,d,a
3233,t,d,w
3234,f,d,a
3235,f,g,a
3236,f,d,a
3237,f,d,w
3238,t,d,a
3239,f,d,u
3240,t,d,a
3241,f,d,u
3242,f,d,u
3243,f,d,u
3244,f,d,s
3245,t,d,s
3246,f,g,a
3247,f,g,a
3248,f,d,w
3249,f,d,w
3250,f,d,a
3251,f,l,w
3252,f,d,s
3253,f,d,u
3254,f,g,u
3255,f,d,u
3256,f,m,a
3257,f,d,s
3258,f,d,a
3259,t,d,u
3260,t,g,a
3261,f,d,u
3262,f,d,a
3263,f,d,a
3264,f,g,a
3265,f,g,u
3266,f,g,u
3267,t,d,u
3268,f,g,u
3269,f,d,u
3270,f,d,a
3271,f,d,a
3272,f,g,u
3273,t,d,a
3274,f,d,a
3275,t,d,a
3276,f,d,w
3277,t,d,a
3278,f,g,s
3279,f,d,w
3280,f,d,u
3281,f,d,a
3282,f,g,u
3283,f,h,a
3284,f,d,a
3285,f,d,u
3286,f,g,a
3287,f,d,u
3288,f,m,u
3289,f,d,u
3290,f,g,u
3291,t,d,u
3292,f,h,u
3293,t,m,u
3294,f,l,a
3295,t,d,a
3296,f,h,a
3297,f,d,a
3298,f,d,u
3299,t,d,a
3300,f,d,a
3301,t,h,u
3302,f,l,w
3303,f,h,a
3304,f,d,u
3305,f,d,a
3306,f,g,a
3307,f,d,a
3308,t,d,u
3309,f,h,a
3310,f,d,u
3311,t,d,u
3312,f,d,a
3313,t,h,a
3314,f,d,u
3315,f,h,a
3316,f,d,u
3317,f,d,a
3318,f,d,u
3319,f,d,u
3320,f,w,a
3321,f,d,u
3322,f,d,u
3323,f,l,u
3324,f,d,s
3325,t,h,u
3326,f,d,w
3327,f,d,u
3328,f,h,u
3329,f,d,a
3330,t,m,w
3331,t,d,w
3332,f,d,u
3333,t,m,u
3334,f,g,a
3335,f,g,u
3336,f,d,a
3337,f,d,a
3338,f,d,a
3339,f,l,a
3340,f,d,u
3341,f,d,u
3342,f,d,u
3343,t,d,a
3344,f,d,u
3345,f,d,a
3346,f,m,w
3347,t,d,a
3348,f,l,a
3349,t,d,u
3350,f,d,a
3351,f,d,a
3352,f,d,u
3353,f,g,a
3354,f,l,w
3355,f,g,a
3356,f,l,a
3357,t,d,w
3358,f,d,a
3359,f,p,u
3360,t,g,u
3361,f,d,u
3362,f,d,u
3363,t,d,u
3364,f,g,a
3365,f,d,a
3366,t,d,w
3367,f,g,u
3368,t,d,w
3369,f,d,a
3370,t,w,u
3371,t,d,a
3372,f,d,s
3373,f,d,a
3374,f,d,u
3375,f,d,a
3376,f,d,u
3377,f,d,a
3378,t,d,a
3379,f,l,a
3380,f,d,w
3381,t,d,w
3382,f,l,u
3383,t,m,s
3384,f,g,u
3385,f,l,a
3386,f,d,a
3387,f,d,u
3388,f,d,a
3389,f,p,u
3390,f,d,u
3391,f,d,u
3392,f,d,s
3393,f,l,u
3394,f,d,u
3395,t,d,a
3396,t,h,a
3397,f,d,a
3398,f,d,a
3399,t,m,u
3400,t,d,u
3401,f,g,a
3402,t,d,u
3403,f,d,a
3404,f,d,a
3405,t,d,s
3406,t,d,a
3407,f,l,w
3408,f,d,a
3409,f,d,s
3410,f,d,u
3411,f,d,u
3412,f,d,u
3413,t,g,a
3414,f,d,w
3415,t,m,a
3416,f,d,a
3417,f,d,a
3418,f,d,u
3419,t,d,u
3420,f,d,u
3421,f,d,a
3422,f,g,u
3423,t,d,u
3424,f,h,u
3425,f,d,a
3426,t,d,a
3427,f,d,u
3428,f,d,u
3429,t,m,a
3430,f,d,s
3431,f,d,s
3432,t,g,u
3433,f,d,a
3434,f,d,u
3435,f,d,a
3436,f,d,u
3437,f,d,a
3438,f,g,a
3439,f,d,s
3440,t,d,a
3441,f,d,u
3442,f,d,a
3443,f,d,u
3444,t,d,u
3445,f,l,w
3446,f,d,a
3447,f,d,w
3448,f,d,u
3449,t,l,u
3450,f,d,a
3451,f,d,u
3452,f,g,a
3453,f,d,s
3454,f,h,u
3455,f,d,a
3456,f,g,u
3457,f,d,w
3458,f,d,a
3459,f,d,a
3460,f,d,u
3461,f,d,u
3462,t,m,a
3463,f,h,a
3464,t,d,a
3465,f,g,u
3466,f,h,a
3467,f,d,a
3468,f,g,u
3469,f,d,a
3470,f,d,w
3471,t,m,w
3472,f,d,u
3473,f,d,u
3474,f,d,a
3475,f,d,u
3476,t,l,a
3477,t,g,u
3478,f,d,u
3479,t,g,w
3480,f,d,a
3481,f,d,a
3482,f,d,u
3483,f,d,a
3484,f,d,a
3485,f,g,a
3486,f,d,u
3487,t,g,a
3488,f,d,a
3489,f,d,a
3490,t,g,u
3491,f,d,u
3492,t,d,a
3493,f,l,w
3494,f,g,w
3495,f,d,w
3496,f,d,a
3497,f,l,a
3498,t,d,a
3499,t,d,u
3500,f,d,u
3501,f,d,u
3502,t,m,a
3503,f,d,w
3504,t,m,u
3505,f,d,u
3506,t,d,a
3507,f,d,u
3508,f,g,a
3509,t,d,w
3510,f,d,u
3511,f,d,u
3512,t,m,a
3513,f,d,a
3514,f,g,a
3515,t,d,u
3516,f,h,a
3517,f,g,u
3518,f,d,u
3519,f,d,u
3520,f,d,a
3521,t,p,a
3522,f,d,a
3523,f,d,s
3524,t,m,u
3525,f,d,u
3526,t,d,a
3527,f,l,a
3528,f,d,u
3529,f,d,w
3530,f,d,a
3531,t,d,a
3532,f,d,u
3533,f,d,a
3534,f,d,u
3535,f,d,w
3536,f,d,u
3537,f,d,a
3538,t,d,u
3539,f,g,u
3540,f,h,a
3541,t,d,u
3542,f,d,u
3543,f,l,u
3544,f,d,a
3545,f,g,u
3546,f,d,a
3547,f,d,w
3548,t,d,a
3549,f,d,u
3550,f,m,a
3551,f,h,u
3552,f,d,u
3553,f,d,u
3554,t,g,u
3555,f,l,w
3556,f,g,a
3557,f,h,a
3558,f,m,u
3559,f,d,w
3560,f,d,u
3561,t,d,u
3562,f,d,a
3563,f,d,a
3564,t,g,a
3565,f,h,a
3566,f,d,u
3567,t,d,u
3568,t,d,u
3569,f,l,s
3570,f,m,s
3571,f,d,a
3572,f,d,a
3573,t,g,w
3574,f,d,a
3575,f,d,u
3576,f,d,a
3577,t,g,u
3578,f,d,w
3579,f,h,a
3580,t,d,u
3581,f,g,u
3582,f,h,u
3583,f,g,a
3584,f,d,w
3585,f,g,u
3586,f,d,a
3587,f,d,a
3588,f,d,a
3589,f,d,u
3590,f,d,a
3591,f,d,a
3592,f,d,a
3593,f,d,w
3594,f,d,w
3595,f,d,a
3596,t,d,u
3597,f,d,a
3598,f,d,u
3599,f,l,u
3600,f,d,a
3601,f,d,a
3602,f,d,a
3603,f,d,a
3604,t,d,a
3605,t,d,w
3606,f,d,a
3607,f,d,w
3608,t,l,a
3609,f,d,u
3610,f,d,a
3611,f,d,a
3612,f,h,u
3613,t,d,u
3614,f,d,a
3615,f,l,a
3616,f,d,a
3617,t,d,a
3618,f,d,a
3619,f,d,u
3620,f,d,a
3621,f,d,a
3622,t,g,u
3623,f,d,a
3624,f,d,a
3625,f,d,u
3626,t,d,a
3627,f,d,a
3628,f,g,a
3629,f,d,w
3630,t,l,u
3631,f,g,u
3632,f,d,a
3633,f,d,a
3634,t,d,u
3635,f,d,u
3636,f,d,w
3637,t,d,a
3638,f,d,a
3639,t,d,u
3640,f,h,a
3641,f,d,s
3642,t,d,a
3643,f,d,a
3644,f,d,a
3645,f,d,a
3646,f,h,u
3647,f,d,a
3648,t,m,a
3649,f,d,a
3650,t,w,u
3651,f,d,u
3652,f,g,u
3653,f,d,u
3654,f,d,u
3655,f,d,w
3656,f,l,a
3657,f,d,a
3658,f,d,a
3659,f,g,u
3660,f,d,u
3661,f,d,a
3662,f,d,s
3663,t,g,a
3664,f,d,u
3665,t,g,u
3666,f,d,a
3667,t,g,a
3668,f,d,u
3669,t,d,a
3670,f,g,u
3671,f,d,a
3672,f,l,a
3673,f,d,u
3674,f,l,a
3675,f,m,w
3676,f,d,a
3677,f,d,a
3678,f,d,s
3679,t,d,a
3680,f,g,w
3681,f,d,a
3682,f,d,w
3683,f,d,u
3684,f,d,a
3685,f,d,u
3686,f,m,w
3687,f,d,u
3688,f,d,a
3689,f,d,a
3690,f,d,u
3691,f,d,a
3692,f,d,s
3693,f,l,a
3694,f,d,a
3695,f,m,u
3696,f,d,a
3697,f,d,u
3698,t,d,u
3699,f,d,a
3700,f,m,u
3701,f,d,u
3702,f,d,s
3703,f,p,a
3704,f,d,a
3705,f,d,a
3706,f,g,a
3707,f,h,a
3708,f,d,a
3709,f,g,a
3710,t,d,u
3711,f,d,a
3712,f,d,a
3713,f,d,a
3714,t,d,a
3715,t,m,u
3716,t,d,s
3717,t,d,u
3718,f,d,a
3719,f,d,u
3720,t,d,w
3721,f,g,w
3722,f,d,a
3723,f,m,s
3724,t,w,a
3725,t,d,a
3726,f,d,u
3727,f,d,a
3728,f,d,a
3729,t,d,u
3730,f,d,s
3731,f,d,u
3732,f,g,a
3733,f,d,a
3734,t,m,u
3735,f,d,u
3736,f,d,a
3737,t,d,a
3738,f,l,w
3739,t,d,s
3740,f,d,a
3741,t,d,w
3742,f,l,w
3743,f,d,u
3744,f,d,s
3745,f,g,u
3746,f,g,u
3747,f,d,s
3748,f,d,a
3749,f,l,a
3750,f,d,u
3751,f,g,a
3752,f,d,a
3753,t,m,a
3754,f,g,a
3755,t,g,a
3756,f,l,a
3757,f,d,a
3758,f,d,w
3759,t,d,a
3760,f,d,s
3761,f,d,a
3762,f,d,a
3763,f,d,a
3764,f,d,u
3765,t,d,a
3766,f,d,w
3767,f,g,u
3768,f,g,u
3769,f,g,a
3770,f,g,u
3771,f,d,a
3772,t,d,u
3773,f,d,a
3774,f,d,a
3775,f,d,a
3776,t,d,a
3777,t,d,w
3778,f,d,u
3779,t,d,a
3780,f,d,a
3781,f,d,u
3782,f,m,s
3783,t,d,s
3784,f,d,w
3785,f,d,a
3786,f,d,u
3787,f,d,u
3788,f,d,a
3789,f,d,w
3790,f,d,u
3791,f,d,u
3792,f,d,u
3793,f,d,a
3794,t,m,a
3795,f,m,w
3796,f,d,u
3797,f,d,a
3798,f,d,a
3799,f,d,a
3800,t,g,a
3801,f,m,s
3802,f,d,a
3803,t,d,s
3804,f,l,a
3805,f,d,w
3806,f,d,a
3807,t,d,w
3808,f,d,u
3809,f,d,a
3810,f,d,u
3811,t,h,u
3812,t,g,a
3813,f,d,a
3814,f,d,u
3815,f,d,u
3816,f,d,u
3817,t,d,a
3818,f,g,a
3819,t,d,u
3820,f,g,a
3821,f,d,a
3822,t,d,u
3823,f,d,a
3824,t,g,u
3825,f,l,u
3826,f,m,a
3827,f,l,u
3828,f,d,u
3829,f,d,s
3830,t,d,w
3831,f,g,u
3832,t,g,a
3833,f,g,a
3834,f,d,w
3835,f,d,a
3836,f,d,u
3837,f,d,u
3838,t,g,s
3839,f,d,u
3840,f,d,u
3841,f,d,u
3842,f,g,w
3843,f,l,u
3844,t,g,a
3845,f,d,s
3846,f,d,a
3847,f,d,a
3848,f,d,a
3849,t,d,a
3850,f,d,a
3851,t,d,u
3852,f,d,w
3853,f,d,u
3854,f,d,u
3855,t,d,u
3856,f,l,a
3857,f,d,a
3858,f,d,w
3859,f,d,u
3860,f,g,a
3861,f,g,a
3862,f,d,u
3863,f,h,a
3864,f,d,a
3865,t,u,a
3866,f,d,u
3867,f,d,u
3868,f,g,a
3869,f,g,a
3870,f,d,s
3871,f,d,u
3872,f,d,w
3873,f,d,a
3874,f,l,w
3875,f,d,a
3876,f,l,a
3877,f,g,u
3878,f,d,a
3879,f,d,a
3880,f,d,a
3881,f,h,u
3882,f,l,a
3883,f,d,u
3884,t,d,a
3885,f,g,u
3886,f,g,a
3887,f,h,u
3888,f,h,a
3889,f,h,a
3890,f,d,a
3891,f,g,s
3892,t,u,u
3893,f,d,u
3894,f,d,u
3895,t,d,u
3896,f,d,a
3897,f,d,a
3898,f,d,u
3899,f,d,a
3900,f,d,a
3901,t,g,a
3902,f,d,a
3903,t,d,u
3904,f,d,u
3905,f,d,u
3906,f,h,a
3907,f,d,a
3908,f,d,u
3909,t,d,a
3910,f,d,u
3911,t,d,a
3912,t,d,a
3913,t,d,a
3914,t,d,u
3915,f,g,a
3916,f,g,u
3917,f,l,a
3918,f,d,u
3919,f,d,u
3920,f,d,u
3921,t,d,s
3922,f,d,u
3923,f,d,u
3924,f,d,a
3925,t,d,a
3926,f,g,a
3927,f,g,u
3928,t,d,u
3929,f,m,u
3930,f,d,s
3931,f,l,a
3932,f,d,a
3933,f,d,a
3934,f,d,u
3935,f,d,a
3936,f,l,a
3937,f,d,a
3938,t,d,a
3939,f,d,u
3940,t,d,u
3941,f,m,u
3942,f,d,u
3943,f,d,w
3944,f,d,u
3945,t,m,a
3946,f,d,a
3947,f,d,a
3948,f,d,u
3949,f,d,u
3950,f,d,u
3951,t,m,u
3952,f,d,a
3953,t,m,u
3954,t,d,u
3955,f,d,a
3956,f,d,a
3957,f,d,a
3958,f,d,a
3959,f,d,a
3960,f,d,u
3961,t,d,a
3962,t,d,a
3963,t,g,u
3964,f,d,a
3965,f,d,u
3966,f,d,u
3967,f,d,w
3968,f,d,u
3969,f,h,a
3970,t,g,u
3971,f,d,u
3972,f,g,a
3973,t,m,a
3974,t,d,w
3975,f,d,a
3976,f,d,a
3977,f,d,a
3978,t,d,u
3979,f,d,u
3980,f,d,a
3981,t,g,u
3982,t,d,u
3983,t,g,u
3984,f,d,a
3985,f,d,a
3986,f,d,s
3987,f,d,u
3988,f,h,a
3989,f,d,w
3990,t,d,a
3991,f,d,a
3992,f,d,w
3993,t,d,a
3994,t,m,a
3995,f,m,a
3996,f,g,u
3997,f,g,a
3998,f,d,a
3999,t,m,u
4000,f,d,a
4001,t,d,u
4002,f,d,a
4003,f,d,a
4004,t,d,w
4005,f,d,a
4006,f,l,u
4007,t,d,w
4008,f,l,a
4009,f,m,a
4010,f,d,a
4011,f,d,a
4012,t,g,a
4013,t,u,u
4014,f,d,a
4015,f,d,a
4016,t,w,a
4017,f,l,u
4018,f,g,a
4019,f,d,a
4020,t,m,a
4021,t,d,a
4022,f,d,a
4023,f,d,a
4024,f,d,w
4025,f,h,u
4026,f,d,a
4027,f,h,u
4028,f,d,u
4029,t,d,a
4030,t,d,a
4031,f,d,a
4032,f,d,u
4033,t,d,a
4034,f,h,a
4035,f,d,a
4036,f,d,a
4037,t,d,w
4038,f,d,u
4039,f,d,a
4040,f,d,a
4041,f,d,s
4042,f,g,u
4043,t,d,a
4044,f,d,w
4045,f,d,u
4046,t,d,u
4047,f,l,a
4048,f,d,u
4049,t,m,a
4050,f,d,a
4051,t,m,u
4052,f,g,a
4053,t,d,a
4054,f,d,a
4055,f,l,a
4056,f,d,a
4057,f,d,u
4058,f,d,a
4059,f,g,u
4060,f,d,a
4061,f,d,u
4062,f,m,a
4063,f,l,u
4064,f,d,u
4065,f,d,u
4066,t,g,u
4067,f,d,u
4068,t,d,a
4069,t,m,u
4070,t,g,u
4071,f,d,a
4072,f,d,u
4073,f,d,u
4074,f,d,a
4075,f,g,u
4076,t,m,a
4077,f,d,w
4078,f,d,u
4079,f,d,a
4080,f,g,u
4081,t,m,a
4082,f,d,a
4083,f,g,a
4084,f,d,a
4085,f,d,a
4086,t,d,a
4087,f,g,u
4088,t,l,a
4089,t,d,u
4090,f,g,a
4091,f,d,u
4092,t,w,a
4093,t,d,a
4094,f,g,u
4095,f,d,a
4096,f,d,u
4097,f,g,u
4098,f,l,a
4099,t,d,u
4100,f,d,u
4101,f,d,u
4102,f,d,a
4103,t,d,w
4104,f,d,a
4105,f,d,u
4106,f,d,u
4107,f,d,a
4108,f,d,a
4109,f,d,u
4110,f,d,u
4111,f,d,u
4112,f,d,a
4113,f,d,s
4114,t,d,a
4115,f,d,a
4116,f,d,u
4117,f,d,u
4118,t,g,a
4119,f,d,u
4120,t,g,a
4121,f,d,a
4122,f,d,a
4123,t,d,w
4124,f,d,a
4125,t,d,a
4126,f,d,a
4127,t,d,a
4128,f,l,a
4129,f,d,u
4130,f,d,u
4131,t,d,u
4132,f,d,a
4133,t,g,w
4134,f,d,a
4135,t,d,u
4136,f,d,a
4137,f,d,s
4138,f,d,a
4139,f,g,u
4140,t,d,u
4141,f,d,u
4142,f,d,u
4143,t,g,a
4144,f,g,u
4145,f,g,u
4146,f,d,w
4147,f,d,a
4148,t,d,a
4149,t,m,u
4150,f,d,w
4151,t,d,u
4152,f,d,a
4153,f,g,a
4154,f,l,a
4155,t,w,a
4156,f,d,s
4157,f,d,u
4158,t,d,u
4159,f,d,a
4160,f,d,a
4161,t,d,a
4162,f,d,u
4163,f,d,u
4164,f,d,a
4165,f,g,a
4166,f,g,a
4167,f,d,a
4168,t,d,w
4169,t,d,a
4170,f,h,a
4171,t,d,a
4172,t,d,u
4173,f,g,u
4174,f,d,w
4175,f,d,u
4176,f,d,a
4177,t,d,u
4178,t,d,a
4179,f,d,u
4180,f,g,w
4181,f,d,u
4182,f,d,s
4183,f,l,u
4184,f,d,u
4185,f,d,a
4186,t,d,a
4187,f,d,s
4188,f,g,u
4189,f,l,w
4190,f,d,s
4191,f,d,a
4192,f,g,u
4193,t,d,u
4194,f,g,u
4195,f,d,w
4196,f,g,a
4197,f,d,a
4198,f,d,a
4199,f,d,u
4200,f,d,u
4201,f,d,a
4202,f,p,u
4203,t,d,w
4204,f,d,u
4205,f,d,a
4206,f,d,w
4207,f,d,u
4208,f,d,u
4209,f,g,u
4210,f,d,u
4211,f,d,u
4212,f,d,a
4213,f,d,u
4214,f,g,u
4215,f,g,u
4216,f,d,u
4217,t,d,a
4218,t,d,a
4219,f,m,a
4220,f,d,a
4221,f,g,u
4222,f,d,a
4223,f,d,w
4224,f,d,u
4225,t,u,w
4226,f,g,w
4227,t,d,s
4228,f,d,a
4229,f,g,w
4230,f,g,a
4231,f,d,u
4232,t,d,a
4233,f,d,u
4234,t,d,a
4235,f,l,u
4236,f,d,a
4237,f,d,a
4238,t,d,a
4239,f,d,a
4240,f,d,a
4241,t,d,a
4242,f,d,w
4243,f,d,s
4244,f,m,w
4245,f,d,u
4246,f,d,u
4247,t,d,u
4248,t,d,a
4249,t,d,a
4250,f,g,a
4251,f,d,u
4252,f,d,u
4253,f,g,u
4254,t,d,w
4255,t,d,u
4256,f,d,a
4257,f,d,a
4258,f,h,u
4259,t,m,u
4260,f,d,u
4261,f,d,a
4262,f,m,a
4263,f,h,a
4264,f,d,a
4265,f,d,a
4266,f,d,w
4267,f,d,a
4268,f,d,a
4269,t,d,w
4270,f,g,a
4271,f,m,a
4272,t,d,u
4273,t,d,a
4274,f,d,a
4275,t,d,u
4276,f,d,a
4277,t,g,u
4278,f,l,a
4279,f,d,u
4280,f,d,u
4281,t,g,u
4282,f,d,a
4283,f,d,a
4284,f,d,u
4285,t,d,u
4286,f,d,s
4287,t,d,u
4288,t,d,a
4289,f,d,u
4290,f,d,a
4291,f,d,w
4292,f,d,u
4293,f,d,a
4294,f,d,a
4295,f,d,a
4296,t,d,u
4297,t,g,u
4298,t,d,w
4299,f,l,a
4300,f,g,u
4301,f,g,u
4302,f,d,u
4303,t,d,a
4304,f,d,s
4305,f,d,u
4306,f,l,w
4307,f,m,u
4308,f,l,u
4309,t,d,a
4310,f,g,u
4311,t,d,u
4312,t,d,a
4313,t,m,s
4314,t,d,w
4315,f,l,w
4316,t,d,w
4317,t,w,a
4318,f,d,a
4319,f,d,u
4320,f,d,a
4321,t,w,u
4322,t,m,a
4323,f,d,a
4324,f,g,a
4325,t,d,a
4326,f,d,a
4327,f,d,a
4328,f,d,s
4329,f,d,a
4330,f,g,u
4331,f,d,a
4332,t,g,a
4333,f,g,w
4334,f,d,a
4335,f,m,a
4336,f,d,a
4337,f,g,w
4338,t,d,u
4339,t,g,u
4340,f,d,u
4341,t,g,u
4342,t,d,a
4343,f,d,s
4344,t,d,u
4345,t,d,a
4346,f,g,u
4347,f,d,a
4348,t,d,a
4349,t,g,a
4350,t,d,a
4351,f,d,a
4352,t,d,a
4353,f,l,u
4354,t,d,u
4355,f,d,w
4356,f,l,u
4357,f,d,u
4358,f,h,u
4359,f,d,u
4360,f,d,a
4361,f,d,a
4362,t,d,a
4363,f,d,u
4364,f,l,a
4365,t,g,u
4366,f,d,a
4367,t,d,a
4368,f,d,u
4369,f,d,a
4370,f,h,a
4371,t,g,s
4372,f,h,a
4373,f,h,a
4374,f,d,a
4375,f,d,a
4376,f,d,a
4377,f,d,a
4378,f,d,w
4379,t,d,w
4380,f,d,a
4381,t,g,u
4382,t,g,u
4383,f,d,a
4384,f,g,u
4385,f,d,a
4386,f,d,u
4387,f,d,u
4388,t,d,u
4389,t,d,a
4390,f,d,u
4391,f,h,a
4392,f,l,a
4393,f,d,u
4394,f,d,u
4395,f,d,a
4396,f,d,a
4397,f,g,a
4398,f,h,u
4399,f,l,s
4400,f,l,u
4401,f,g,u
4402,f,d,s
4403,f,h,a
4404,f,d,u
4405,t,d,a
4406,f,d,a
4407,t,m,u
4408,f,l,a
4409,t,m,u
4410,f,d,u
4411,t,d,u
4412,f,d,u
4413,f,d,u
4414,t,g,a
4415,f,d,a
4416,f,d,a
4417,f,d,a
4418,f,d,u
4419,t,d,u
4420,f,m,a
4421,f,d,a
4422,t,d,a
4423,f,d,a
4424,f,d,a
4425,t,d,u
4426,f,g,a
4427,f,d,u
4428,f,d,a
4429,t,d,u
4430,f,l,a
4431,f,d,a
4432,f,h,u
4433,t,d,a
4434,f,d,a
4435,t,d,a
4436,f,d,a
4437,f,d,u
4438,f,d,a
4439,t,d,u
4440,f,g,u
4441,f,d,a
4442,f,g,u
4443,f,d,a
4444,f,d,a
4445,f,d,a
4446,f,d,w
4447,f,d,a
4448,t,d,u
4449,t,d,a
4450,f,g,w
4451,f,d,u
4452,t,d,a
4453,f,d,a
4454,f,d,s
4455,f,h,u
4456,f,d,a
4457,f,g,u
4458,f,l,w
4459,t,d,u
4460,f,d,a
4461,f,d,a
4462,f,g,u
4463,f,m,a
4464,f,d,a
4465,t,d,a
4466,t,g,a
4467,f,d,u
4468,t,d,u
4469,f,g,a
4470,f,d,a
4471,f,d,u
4472,t,d,u
4473,t,m,a
4474,f,d,w
4475,f,d,a
4476,f,d,w
4477,f,d,w
4478,f,h,a
4479,f,g,a
4480,f,d,a
4481,f,h,a
4482,f,d,u
4483,f,d,a
4484,t,d,a
4485,f,l,u
4486,f,h,u
4487,f,m,a
4488,t,m,u
4489,t,g,a
4490,f,d,u
4491,f,l,a
4492,t,d,u
4493,t,d,a
4494,t,d,a
4495,f,d,w
4496,f,d,a
4497,f,d,w
4498,t,m,u
4499,f,h,u
4500,f,d,w
4501,t,d,u
4502,t,d,w
4503,f,d,u
4504,f,d,s
4505,f,h,u
4506,f,d,a
4507,f,m,u
4508,f,d,w
4509,f,d,w
4510,f,g,a
4511,t,d,u
4512,f,d,a
4513,f,d,a
4514,f,d,s
4515,t,d,a
4516,t,d,w
4517,f,g,u
4518,f,d,u
4519,f,d,s
4520,t,d,u
4521,t,d,u
4522,f,d,a
4523,f,g,a
4524,f,d,a
4525,f,d,a
4526,f,g,a
4527,f,d,a
4528,t,d,u
4529,f,h,a
4530,t,d,a
4531,f,d,a
4532,f,d,a
4533,f,d,a
4534,t,d,a
4535,f,d,a
4536,t,d,u
4537,f,d,s
4538,t,d,a
4539,f,d,u
4540,f,d,a
4541,t,g,a
4542,t,d,a
4543,f,d,w
4544,f,m,a
4545,f,d,a
4546,t,g,a
4547,f,d,w
4548,f,d,u
4549,t,d,w
4550,f,g,u
4551,t,d,u
4552,t,d,a
4553,f,d,a
4554,f,d,u
4555,f,d,a
4556,f,l,w
4557,f,d,a
4558,t,d,u
4559,f,h,a
4560,f,d,u
4561,t,d,a
4562,f,d,u
4563,f,h,a
4564,f,d,a
4565,f,d,u
4566,f,d,a
4567,f,l,a
4568,f,g,a
4569,f,g,a
4570,f,d,u
4571,f,m,a
4572,f,g,u
4573,f,d,u
4574,f,d,u
4575,f,g,u
4576,f,d,u
4577,t,d,a
4578,f,d,a
4579,f,d,s
4580,f,d,u
4581,t,d,a
4582,t,d,a
4583,f,d,a
4584,f,g,a
4585,f,d,u
4586,f,d,a
4587,t,d,s
4588,f,d,u
4589,f,l,s
4590,t,d,u
4591,f,d,a
4592,t,h,a
4593,t,d,a
4594,f,d,a
4595,f,d,u
4596,f,d,a
4597,f,d,a
4598,f,d,s
4599,f,d,a
4600,t,d,u
4601,f,d,a
4602,f,d,a
4603,t,m,u
4604,f,d,a
4605,f,m,a
4606,f,d,u
4607,f,d,a
4608,f,d,a
4609,f,d,a
4610,f,d,u
4611,f,d,u
4612,f,g,a
4613,t,d,a
4614,f,l,w
4615,f,d,u
4616,f,d,u
4617,t,d,a
4618,f,g,a
4619,t,g,a
4620,f,d,u
4621,f,d,w
4622,f,h,u
4623,t,d,u
4624,f,d,a
4625,f,d,a
4626,t,d,u
4627,f,d,u
4628,f,g,a
4629,f,g,a
4630,f,d,s
4631,f,m,a
4632,f,h,u
4633,f,d,u
4634,f,d,s
4635,t,g,a
4636,f,h,u
4637,f,g,a
4638,f,l,a
4639,f,d,w
4640,f,l,a
4641,f,d,a
4642,f,d,u
4643,f,d,s
4644,t,d,a
4645,f,h,u
4646,t,l,u
4647,f,d,a
4648,f,l,a
4649,f,d,a
4650,f,d,u
4651,t,d,a
4652,t,d,u
4653,t,d,a
4654,t,d,u
4655,t,d,w
4656,f,g,a
4657,f,d,a
4658,f,g,u
4659,f,d,w
4660,f,d,a
4661,f,d,u
4662,f,d,a
4663,f,m,a
4664,f,m,a
4665,t,d,w
4666,t,d,a
4667,f,d,a
4668,f,g,u
4669,t,d,a
4670,f,d,u
4671,f,d,u
4672,t,g,w
4673,f,m,u
4674,f,d,w
4675,f,l,a
4676,f,d,a
4677,t,u,a
4678,f,g,u
4679,t,d,a
4680,f,d,a
4681,t,d,a
4682,f,m,a
4683,f,d,u
4684,f,d,a
4685,f,d,a
4686,t,g,a
4687,f,g,u
4688,f,d,a
4689,t,d,u
4690,t,d,w
4691,f,g,u
4692,f,g,a
4693,f,g,u
4694,f,h,u
4695,t,d,u
4696,f,d,a
4697,t,m,a
4698,f,d,a
4699,f,d,a
4700,f,d,a
4701,f,d,u
4702,f,g,u
4703,f,g,u
4704,t,d,a
4705,t,d,a
4706,f,d,a
4707,f,d,a
4708,t,d,a
4709,f,d,a
4710,t,w,u
4711,f,d,a
4712,f,d,a
4713,t,g,a
4714,f,h,u
4715,f,h,a
4716,t,m,a
4717,t,d,u
4718,t,m,u
4719,f,g,u
4720,f,d,w
4721,t,d,a
4722,f,g,a
4723,f,d,u
4724,f,l,u
4725,f,d,u
4726,f,d,a
4727,t,d,u
4728,f,d,a
4729,f,h,u
4730,t,m,u
4731,f,d,a
4732,f,d,a
4733,f,d,u
4734,f,d,a
4735,f,l,w
4736,t,d,a
4737,f,m,a
4738,t,d,a
4739,f,g,a
4740,t,w,u
4741,f,d,s
4742,t,d,u
4743,f,g,w
4744,f,d,u
4745,f,d,w
4746,t,d,a
4747,f,d,a
4748,t,g,s
4749,f,g,a
4750,f,l,a
4751,f,d,u
4752,f,d,a
4753,f,d,u
4754,f,g,u
4755,t,g,u
4756,f,g,u
4757,f,d,w
4758,f,m,a
4759,f,d,a
4760,f,g,a
4761,f,d,w
4762,f,d,a
4763,f,d,a
4764,f,g,u
4765,f,d,u
4766,t,m,a
4767,f,d,a
4768,f,h,a
4769,f,d,a
4770,t,d,w
4771,f,d,u
4772,t,d,a
4773,f,d,u
4774,f,g,a
4775,f,d,u
4776,f,d,u
4777,t,d,u
4778,f,d,a
4779,f,d,u
4780,f,d,w
4781,f,d,u
4782,f,d,u
4783,f,d,u
4784,t,d,u
4785,t,d,u
4786,f,d,a
4787,f,d,w
4788,f,d,a
4789,f,m,a
4790,f,d,a
4791,f,d,w
4792,f,g,w
4793,f,d,w
4794,f,d,a
4795,f,d,w
4796,f,d,s
4797,f,h,u
4798,f,d,u
4799,t,g,w
4800,f,g,a
4801,t,d,a
4802,f,g,a
4803,f,d,u
4804,f,d,u
4805,f,m,a
4806,f,d,u
4807,f,d,u
4808,f,d,a
4809,t,g,a
4810,t,m,a
4811,t,d,a
4812,f,d,a
4813,f,g,s
4814,t,h,u
4815,f,d,a
4816,f,d,u
4817,t,d,a
4818,t,d,a
4819,t,d,u
4820,f,d,w
4821,f,d,a
4822,f,g,u
4823,f,l,u
4824,t,d,a
4825,f,d,w
4826,t,w,a
4827,f,d,a
4828,f,l,u
4829,f,d,a
4830,f,l,u
4831,f,d,a
4832,f,d,a
4833,f,d,u
4834,t,g,u
4835,f,d,w
4836,t,d,u
4837,t,m,a
4838,t,g,a
4839,f,d,a
4840,f,g,w
4841,f,g,a
4842,f,d,a
4843,f,d,s
4844,t,d,a
4845,f,d,a
4846,t,g,w
4847,f,g,a
4848,t,d,w
4849,f,d,u
4850,f,d,u
4851,f,l,u
4852,f,g,s
4853,f,d,a
4854,f,g,u
4855,t,d,u
4856,t,d,a
4857,f,d,a
4858,t,d,u
4859,f,d,w
4860,f,d,a
4861,f,l,a
4862,f,d,a
4863,f,d,a
4864,t,d,a
4865,f,d,a
4866,f,h,a
4867,f,g,u
4868,t,d,a
4869,f,d,a
4870,f,d,a
4871,t,g,a
4872,t,d,u
4873,f,m,a
4874,f,d,w
4875,t,g,a
4876,f,l,a
4877,t,m,u
4878,f,d,u
4879,f,d,u
4880,f,d,u
4881,t,m,u
4882,f,g,u
4883,f,d,w
4884,f,m,a
4885,t,g,a
4886,f,d,u
4887,f,g,a
4888,f,l,u
4889,t,d,a
4890,f,d,a
4891,f,l,u
4892,t,d,a
4893,f,h,a
4894,t,d,a
4895,f,d,a
4896,t,d,u
4897,f,d,a
4898,f,d,a
4899,f,d,u
4900,f,d,a
4901,f,h,s
4902,f,d,a
4903,f,d,u
4904,t,d,u
4905,f,d,a
4906,f,d,u
4907,f,h,a
4908,t,g,a
4909,f,d,u
4910,t,d,u
4911,f,d,a
4912,t,d,u
4913,f,d,a
4914,f,d,s
4915,f,d,a
4916,f,g,a
4917,f,m,s
4918,t,g,a
4919,t,d,u
4920,f,g,a
4921,f,d,a
4922,f,d,u
4923,f,d,a
4924,f,g,a
4925,f,d,u
4926,f,h,a
4927,f,g,a
4928,f,d,w
4929,f,d,w
4930,f,m,a
4931,t,d,u
4932,t,d,a
4933,f,d,a
4934,f,d,a
4935,f,d,a
4936,f,d,u
4937,f,d,u
4938,t,g,u
4939,f,d,a
4940,t,d,a
4941,f,d,u
4942,f,g,a
4943,f,d,s
4944,f,d,a
4945,f,d,a
4946,f,l,u
4947,f,d,a
4948,t,d,u
4949,t,d,a
4950,f,d,s
4951,t,d,u
4952,t,m,u
4953,t,d,u
4954,f,g,u
4955,f,g,a
4956,f,d,a
4957,f,g,a
4958,f,g,a
4959,f,d,u
4960,f,g,u
4961,f,d,w
4962,f,g,u
4963,f,d,u
4964,f,d,a
4965,f,d,a
4966,f,d,a
4967,f,d,u
4968,f,d,w
4969,f,l,a
4970,f,d,a
4971,f,d,u
4972,f,d,a
4973,f,d,u
4974,f,d,a
4975,f,g,w
4976,f,d,u
4977,t,h,u
4978,t,d,a
4979,f,h,a
4980,f,g,a
4981,f,g,a
4982,t,d,w
4983,f,d,u
4984,f,d,a
4985,f,d,w
4986,f,d,a
4987,f,g,u
4988,f,m,s
4989,f,g,a
4990,f,d,a
4991,f,d,u
4992,f,d,a
4993,t,g,u
4994,f,h,s
4995,f,d,u
4996,t,g,a
4997,t,d,a
4998,f,g,u
4999,f,d,w
5000,f,h,u
5001,f,g,u
5002,f,d,a
5003,f,d,u
5004,f,d,a
5005,f,d,a
5006,f,g,a
5007,f,d,a
5008,f,d,a
5009,f,l,u
5010,f,d,u
5011,f,d,s
5012,f,d,u
5013,f,d,a
5014,f,d,s
5015,f,d,a
5016,f,h,u
5017,t,d,a
5018,f,d,u
5019,f,g,a
5020,f,d,u
5021,f,g,u
5022,t,d,u
5023,f,l,w
5024,f,d,u
5025,t,m,s
5026,t,g,u
5027,f,d,a
5028,t,d,u
5029,f,d,a
5030,f,d,a
5031,f,d,u
5032,f,d,a
5033,t,d,w
5034,f,d,u
5035,t,w,a
5036,f,d,u
5037,f,d,a
5038,f,d,a
5039,t,d,a
5040,f,g,a
5041,f,g,w
5042,f,d,a
5043,f,d,a
5044,f,g,a
5045,f,m,u
5046,f,d,a
5047,t,h,u
5048,f,d,a
5049,f,d,w
5050,f,g,a
5051,f,d,a
5052,f,g,a
5053,t,d,u
5054,f,l,w
5055,t,w,a
5056,f,d,u
5057,f,d,u
5058,t,d,a
5059,f,d,u
5060,f,d,a
5061,f,d,a
5062,f,d,a
5063,f,g,u
5064,f,d,w
5065,f,d,a
5066,f,g,a
5067,f,d,u
5068,t,d,u
5069,f,d,u
5070,f,m,u
5071,f,d,u
5072,f,d,a
5073,f,d,a
5074,t,d,u
5075,t,d,u
5076,t,m,a
5077,f,d,a
5078,t,h,u
5079,f,h,u
5080,f,g,a
5081,f,m,a
5082,f,h,a
5083,f,d,u
5084,f,d,w
5085,t,w,a
5086,f,d,a
5087,f,g,u
5088,t,d,u
5089,f,d,a
5090,f,d,u
5091,f,d,w
5092,f,d,u
5093,f,g,a
5094,f,d,a
5095,t,g,a
5096,t,d,u
5097,t,d,a
5098,t,d,a
5099,f,g,u
5100,f,h,u
5101,f,d,a
5102,f,d,u
5103,t,d,w
5104,f,d,a
5105,f,d,a
5106,f,d,a
5107,t,d,u
5108,f,g,a
5109,f,h,a
5110,t,m,u
5111,f,g,a
5112,f,l,w
5113,t,d,u
5114,t,g,a
5115,f,g,u
5116,f,d,a
5117,f,d,u
5118,t,m,u
5119,f,d,u
5120,f,g,u
5121,f,d,u
5122,f,m,u
5123,f,l,w
5124,f,d,a
5125,f,d,u
5126,f,d,a
5127,t,d,u
5128,f,d,a
5129,t,d,a
5130,f,d,a
5131,f,d,s
5132,f,d,a
5133,f,d,u
5134,f,g,a
5135,f,h,a
5136,f,d,u
5137,f,d,a
5138,f,d,u
5139,f,d,a
5140,f,d,a
5141,f,d,a
5142,t,g,a
5143,f,d,w
5144,f,g,a
5145,f,d,u
5146,t,g,u
5147,f,d,u
5148,f,d,a
5149,t,d,u
5150,f,g,w
5151,t,d,u
5152,f,d,s
5153,f,d,a
5154,f,d,s
5155,t,g,u
5156,t,g,a
5157,t,d,u
5158,f,d,s
5159,f,g,a
5160,f,p,a
5161,f,l,a
5162,f,l,w
5163,f,h,a
5164,f,d,u
5165,t,g,a
5166,t,d,a
5167,f,d,a
5168,t,m,a
5169,t,p,u
5170,t,m,u
5171,f,h,u
5172,t,d,a
5173,t,d,u
5174,f,d,a
5175,f,l,a
5176,f,d,a
5177,f,d,a
5178,f,d,a
5179,t,d,u
5180,f,d,a
5181,f,g,u
5182,f,d,w
5183,t,d,a
5184,t,p,u
5185,f,d,a
5186,f,h,u
5187,f,l,u
5188,f,m,s
5189,f,d,u
5190,t,d,a
5191,f,d,a
5192,f,d,a
5193,f,g,u
5194,f,d,u
5195,f,d,a
5196,f,d,a
5197,f,d,a
5198,f,d,a
5199,f,d,a
5200,f,m,s
5201,f,l,a
5202,f,m,s
5203,f,d,a
5204,f,l,a
5205,t,d,u
5206,f,d,a
5207,f,d,w
5208,f,d,a
5209,f,h,a
5210,f,d,u
5211,f,g,a
5212,f,d,a
5213,f,g,w
5214,f,d,a
5215,f,g,u
5216,f,d,u
5217,f,d,u
5218,f,h,a
5219,f,d,s
5220,f,d,u
5221,f,d,u
5222,t,d,a
5223,t,m,u
5224,f,h,a
5225,f,d,u
5226,t,d,a
5227,f,d,a
5228,f,l,w
5229,f,d,a
5230,f,d,a
5231,f,g,u
5232,f,d,a
5233,t,d,u
5234,f,d,w
5235,t,d,w
5236,f,d,a
5237,f,d,u
5238,f,m,u
5239,f,d,u
5240,f,d,u
5241,f,d,u
5242,f,d,u
5243,f,g,u
5244,f,d,a
5245,t,d,u
5246,t,d,w
5247,f,d,a
5248,t,d,u
5249,t,d,a
5250,f,m,a
5251,f,d,a
5252,t,g,w
5253,f,m,w
5254,t,d,a
5255,f,d,a
5256,f,d,a
5257,t,g,a
5258,t,g,a
5259,t,d,a
5260,f,d,u
5261,f,d,s
5262,f,g,a
5263,f,g,a
5264,f,d,u
5265,f,d,a
5266,f,d,s
5267,t,d,w
5268,f,d,u
5269,f,d,a
5270,t,d,u
5271,f,d,a
5272,t,d,u
5273,f,d,a
5274,f,d,a
5275,f,d,a
5276,t,d,w
5277,f,d,a
5278,t,d,u
5279,f,h,a
5280,f,d,u
5281,t,d,a
5282,f,d,a
5283,f,d,u
5284,t,d,a
5285,t,d,u
5286,f,l,a
5287,t,g,w
5288,f,d,a
5289,t,m,u
5290,f,g,a
5291,f,d,u
5292,f,d,s
5293,t,d,a
5294,f,d,a
5295,f,d,a
5296,f,d,u
5297,t,d,a
5298,f,d,a
5299,f,d,u
5300,f,d,u
5301,t,d,a
5302,f,h,u
5303,t,d,u
5304,f,d,a
5305,f,d,u
5306,f,d,a
5307,f,d,a
5308,f,d,u
5309,t,d,a
5310,f,d,a
5311,t,g,u
5312,t,d,a
5313,f,d,u
5314,f,d,a
5315,f,g,w
5316,f,d,a
5317,f,d,a
5318,t,d,u
5319,f,d,u
5320,f,d,u
5321,f,d,a
5322,f,d,a
5323,f,d,a
5324,f,d,u
5325,f,d,u
5326,f,p,a
5327,f,d,a
5328,t,d,u
5329,f,d,a
5330,t,d,a
5331,f,d,a
5332,f,d,w
5333,t,g,s
5334,f,l,a
5335,f,d,a
5336,t,d,w
5337,t,w,u
5338,f,d,u
5339,f,g,a
5340,f,d,a
5341,f,d,a
5342,f,d,w
5343,f,d,w
5344,f,d,u
5345,t,g,w
5346,t,d,a
5347,f,d,a
5348,f,d,a
5349,f,d,a
5350,t,w,a
5351,f,d,u
5352,f,d,a
5353,f,g,w
5354,f,d,u
5355,f,d,u
5356,f,d,a
5357,f,d,a
5358,f,g,a
5359,t,g,a
5360,t,d,a
5361,f,g,u
5362,t,d,w
5363,f,d,a
5364,f,d,a
5365,f,d,u
5366,f,d,s
5367,t,d,u
5368,t,m,a
5369,f,d,a
5370,t,g,u
5371,f,m,w
5372,f,d,a
5373,f,d,u
5374,f,g,a
5375,f,d,a
5376,f,d,a
5377,t,w,u
5378,f,d,w
5379,t,d,u
5380,t,d,u
5381,f,d,u
5382,f,l,a
5383,f,d,u
5384,t,d,u
5385,t,d,a
5386,f,d,a
5387,t,d,a
5388,f,d,a
5389,f,d,a
5390,f,d,u
5391,t,d,u
5392,t,d,u
5393,f,g,w
5394,t,d,a
5395,f,g,a
5396,f,d,a
5397,f,d,u
5398,f,d,u
5399,f,d,a
5400,t,g,u
5401,f,l,a
5402,f,d,w
5403,f,d,a
5404,t,d,a
5405,t,d,u
5406,t,d,u
5407,f,g,a
5408,f,d,s
5409,f,l,u
5410,f,d,a
5411,f,h,a
5412,f,m,u
5413,f,d,a
5414,f,d,a
5415,f,d,a
5416,f,d,u
5417,t,d,u
5418,f,d,a
5419,f,d,u
5420,f,d,a
5421,f,d,u
5422,f,d,a
5423,t,d,u
5424,f,h,a
5425,f,d,u
5426,t,d,u
5427,f,g,a
5428,f,d,a
5429,f,l,u
5430,f,m,a
5431,f,d,a
5432,f,d,a
5433,t,d,u
5434,f,d,u
5435,f,d,a
5436,t,m,u
5437,f,l,u
5438,f,d,a
5439,t,m,u
5440,f,d,a
5441,t,m,a
5442,f,d,a
5443,f,d,u
5444,f,d,u
5445,f,d,w
5446,f,d,a
5447,t,d,a
5448,f,d,a
5449,t,g,a
5450,f,h,a
5451,f,g,u
5452,f,d,u
5453,f,g,w
5454,f,d,u
5455,f,g,u
5456,t,d,w
5457,f,d,a
5458,f,g,a
5459,f,g,u
5460,t,d,a
5461,f,g,u
5462,f,d,a
5463,f,d,a
5464,f,h,a
5465,f,m,w
5466,f,g,u
5467,f,d,a
5468,f,d,a
5469,f,d,u
5470,f,d,u
5471,t,d,a
5472,t,g,u
5473,f,d,a
5474,f,d,a
5475,t,g,a
5476,f,d,u
5477,t,d,a
5478,t,w,a
5479,f,h,a
5480,f,d,u
5481,f,m,u
5482,f,d,a
5483,f,d,u
5484,t,d,u
5485,f,l,u
5486,f,g,u
5487,f,h,w
5488,f,g,u
5489,f,d,a
5490,f,d,s
5491,t,d,a
5492,f,d,a
5493,f,d,u
5494,t,m,a
5495,t,d,u
5496,f,d,a
5497,f,d,u
5498,f,d,u
5499,f,d,a
5500,f,d,a
5501,f,d,a
5502,f,d,a
5503,t,d,u
5504,f,d,a
5505,f,g,u
5506,f,d,u
5507,t,d,u
5508,f,g,a
5509,f,d,a
5510,t,g,a
5511,f,d,a
5512,f,d,a
5513,f,d,u
5514,f,d,w
5515,f,g,u
5516,f,d,a
5517,f,l,a
5518,t,d,a
5519,t,g,a
5520,f,p,a
5521,t,d,a
5522,t,d,u
5523,f,d,a
5524,t,g,u
5525,f,d,a
5526,f,d,a
5527,f,d,a
5528,f,g,u
5529,t,g,a
5530,f,h,a
5531,t,d,u
5532,t,g,u
5533,t,m,a
5534,f,d,a
5535,f,g,u
5536,f,d,u
5537,f,g,u
5538,f,d,u
5539,f,d,a
5540,f,d,a
5541,f,d,a
5542,f,d,u
5543,f,d,u
5544,f,d,u
5545,t,d,u
5546,f,d,a
5547,f,g,a
5548,f,g,u
5549,f,h,u
5550,f,d,a
5551,f,g,a
5552,f,d,s
5553,f,d,a
5554,t,d,a
5555,f,d,u
5556,f,h,u
5557,t,g,a
5558,t,d,a
5559,f,d,a
5560,f,d,u
5561,f,d,u
5562,f,d,w
5563,t,d,a
5564,f,d,a
5565,t,d,a
5566,f,d,u
5567,f,d,a
5568,f,g,w
5569,t,d,u
5570,f,d,a
5571,f,l,w
5572,f,d,a
5573,t,d,a
5574,f,g,u
5575,f,d,a
5576,f,d,w
5577,f,d,a
5578,t,d,u
5579,f,h,a
5580,f,d,u
5581,t,d,a
5582,f,d,u
5583,f,d,u
5584,t,d,u
5585,f,d,u
5586,f,d,a
5587,f,l,w
5588,f,d,u
5589,f,d,a
5590,t,d,a
5591,f,d,a
5592,f,g,a
5593,f,d,a
5594,f,d,a
5595,f,d,a
5596,f,g,w
5597,f,d,a
5598,f,d,w
5599,f,g,u
5600,f,d,a
5601,f,d,u
5602,f,g,u
5603,f,d,a
5604,t,d,u
5605,t,d,u
5606,f,d,a
5607,t,u,a
5608,f,d,a
5609,f,d,a
5610,f,d,u
5611,f,d,u
5612,t,m,a
5613,t,d,u
5614,f,g,u
5615,f,g,a
5616,f,d,a
5617,f,d,a
5618,f,d,u
5619,f,d,a
5620,f,d,w
5621,t,m,a
5622,t,d,u
5623,f,g,u
5624,t,d,a
5625,f,d,u
5626,f,g,u
5627,f,d,u
5628,f,d,s
5629,f,l,u
5630,f,d,u
5631,f,h,a
5632,f,d,s
5633,t,d,u
5634,t,d,w
5635,f,d,a
5636,f,d,a
5637,f,l,a
5638,f,d,w
5639,t,d,a
5640,t,d,w
5641,f,d,u
5642,f,d,a
5643,f,d,u
5644,f,d,a
5645,f,d,s
5646,f,h,u
5647,t,g,s
5648,f,d,a
5649,f,d,u
5650,t,d,a
5651,f,g,a
5652,f,d,a
5653,t,d,u
5654,f,d,w
5655,t,d,a
5656,t,m,a
5657,t,g,u
5658,f,d,a
5659,f,g,a
5660,f,m,a
5661,f,g,a
5662,t,m,a
5663,t,d,a
5664,f,d,u
5665,f,h,u
5666,f,m,a
5667,t,g,a
5668,f,d,a
5669,f,g,u
5670,f,d,a
5671,f,g,u
5672,f,d,a
5673,f,d,a
5674,f,d,a
5675,f,d,a
5676,f,d,a
5677,f,g,u
5678,f,d,a
5679,f,g,a
5680,f,d,u
5681,f,d,u
5682,f,l,a
5683,f,l,u
5684,f,g,a
5685,f,l,u
5686,f,d,w
5687,f,d,u
5688,f,d,a
5689,f,d,a
5690,t,d,a
5691,f,g,u
5692,f,d,a
5693,f,d,a
5694,f,d,a
5695,f,h,u
5696,f,g,u
5697,f,l,s
5698,t,d,a
5699,f,d,a
5700,f,d,a
5701,f,d,u
5702,t,d,a
5703,f,d,u
5704,f,d,a
5705,f,d,a
5706,f,d,s
5707,t,d,a
5708,f,d,a
5709,f,d,a
5710,f,d,s
5711,f,d,u
5712,f,d,a
5713,f,d,a
5714,f,d,u
5715,t,p,u
5716,f,g,u
5717,f,d,s
5718,f,d,u
5719,t,d,u
5720,f,l,a
5721,f,d,s
5722,f,d,u
5723,f,d,a
5724,f,d,u
5725,f,l,a
5726,f,d,a
5727,f,d,u
5728,t,d,u
5729,t,h,u
5730,f,h,u
5731,t,m,a
5732,t,w,u
5733,f,m,u
5734,f,l,w
5735,f,d,u
5736,f,d,u
5737,f,d,a
5738,t,d,a
5739,t,p,u
5740,t,d,a
5741,t,g,w
5742,t,g,w
5743,t,d,u
5744,f,d,s
5745,f,g,a
5746,t,d,a
5747,f,g,u
5748,f,d,a
5749,t,d,u
5750,f,g,a
5751,f,d,a
5752,f,d,w
5753,f,l,u
5754,f,g,a
5755,t,d,u
5756,f,d,a
5757,f,d,u
5758,t,d,a
5759,t,d,a
5760,f,d,a
5761,f,p,a
5762,t,d,a
5763,f,d,a
5764,f,d,u
5765,f,h,u
5766,f,d,a
5767,f,d,u
5768,f,h,a
5769,f,d,a
5770,f,d,a
5771,f,d,s
5772,f,g,a
5773,f,g,a
5774,f,l,a
5775,f,g,w
5776,f,d,a
5777,f,d,a
5778,t,d,u
5779,f,d,a
5780,t,d,u
5781,f,m,a
5782,f,d,u
5783,f,d,a
5784,f,h,a
5785,t,d,a
5786,f,d,w
5787,f,d,a
5788,f,d,a
5789,t,g,a
5790,t,d,a
5791,t,m,u
5792,f,d,w
5793,t,m,a
5794,f,d,a
5795,f,d,a
5796,t,d,a
5797,f,l,a
5798,f,l,u
5799,f,d,a
5800,t,d,u
5801,f,h,u
5802,f,d,a
5803,t,g,w
5804,f,l,a
5805,t,m,u
5806,f,d,a
5807,t,d,a
5808,t,m,a
5809,t,d,a
5810,f,l,w
5811,t,d,a
5812,f,l,s
5813,f,d,a
5814,f,d,w
5815,f,l,w
5816,f,d,u
5817,f,d,w
5818,f,d,a
5819,f,d,w
5820,f,d,s
5821,f,d,u
5822,f,d,a
5823,t,d,u
5824,f,h,u
5825,t,d,a
5826,f,d,u
5827,t,d,a
5828,f,d,u
5829,t,d,a
5830,f,d,a
5831,f,d,a
5832,f,d,u
5833,f,d,a
5834,t,d,w
5835,f,d,a
5836,f,d,w
5837,f,d,a
5838,t,d,a
5839,f,d,a
5840,t,d,u
5841,f,d,a
5842,f,m,a
5843,f,d,s
5844,f,d,a
5845,f,l,u
5846,f,g,a
5847,t,d,u
5848,f,d,a
5849,f,d,a
5850,f,d,w
5851,t,d,u
5852,f,d,u
5853,f,d,a
5854,t,d,u
5855,f,d,s
5856,f,d,a
5857,f,d,u
5858,t,m,a
5859,f,d,a
5860,t,d,w
5861,t,d,a
5862,f,d,a
5863,f,d,a
5864,f,d,a
5865,t,d,u
5866,t,d,a
5867,f,d,a
5868,f,l,a
5869,f,d,u
5870,t,d,a
5871,f,d,a
5872,f,g,u
5873,f,h,u
5874,f,d,w
5875,f,d,a
5876,t,g,u
5877,t,d,w
5878,t,d,w
5879,f,g,a
5880,t,d,u
5881,f,d,w
5882,f,d,u
5883,f,d,u
5884,f,d,w
5885,f,l,u
5886,f,d,u
5887,f,g,a
5888,f,d,s
5889,f,d,w
5890,f,d,u
5891,t,m,a
5892,f,d,a
5893,t,d,a
5894,f,d,a
5895,f,g,a
5896,f,m,a
5897,f,d,u
5898,t,d,u
5899,f,g,a
5900,f,d,a
5901,f,d,a
5902,f,d,a
5903,t,d,u
5904,f,d,a
5905,f,d,s
5906,f,h,a
5907,f,d,u
5908,f,h,u
5909,f,d,u
5910,t,m,a
5911,t,d,a
5912,f,d,w
5913,f,h,u
5914,f,h,u
5915,f,m,u
5916,t,p,a
5917,f,h,a
5918,t,m,u
5919,t,m,u
5920,f,g,u
5921,f,d,u
5922,f,d,a
5923,t,m,a
5924,t,m,a
5925,f,l,a
5926,t,w,a
5927,t,d,u
5928,f,d,a
5929,f,g,a
5930,f,d,a
5931,t,d,w
5932,f,d,a
5933,f,d,a
5934,f,d,a
5935,f,d,a
5936,f,l,a
5937,f,d,u
5938,t,g,u
5939,f,d,u
5940,f,h,a
5941,f,d,w
5942,f,d,u
5943,f,h,a
5944,f,d,u
5945,f,d,u
5946,f,d,a
5947,f,d,a
5948,f,d,u
5949,f,d,w
5950,f,d,a
5951,t,g,w
5952,f,d,u
5953,f,d,a
5954,f,d,u
5955,t,d,u
5956,f,g,s
5957,t,d,a
5958,f,g,a
5959,f,d,a
5960,f,d,a
5961,f,d,u
5962,t,p,u
5963,f,d,u
5964,f,g,a
5965,f,h,a
5966,f,d,a
5967,f,g,u
5968,f,d,w
5969,f,d,a
5970,t,d,w
5971,f,d,a
5972,f,d,u
5973,f,m,u
5974,t,d,a
5975,f,d,u
5976,f,d,w
5977,f,d,a
5978,f,d,a
5979,f,g,u
5980,f,d,a
5981,f,h,a
5982,f,d,a
5983,f,d,a
5984,f,d,s
5985,f,g,s
5986,f,g,a
5987,f,d,u
5988,f,g,a
5989,f,d,u
5990,t,d,u
5991,t,d,a
5992,f,d,a
5993,f,d,u
5994,f,l,u
5995,t,d,w
5996,t,g,a
5997,f,d,w
5998,f,d,a
5999,t,d,a
6000,f,d,a
6001,t,d,u
6002,t,m,u
6003,f,d,a
6004,f,d,u
6005,f,d,u
6006,f,h,u
6007,f,d,w
6008,f,d,a
6009,f,d,a
6010,f,d,u
6011,f,d,u
6012,f,d,a
6013,t,g,a
6014,f,d,w
6015,f,d,a
6016,f,h,u
6017,f,g,a
6018,f,g,u
6019,f,h,u
6020,f,d,a
6021,f,g,a
6022,t,d,u
6023,f,d,u
6024,f,h,a
6025,t,d,s
6026,f,g,a
6027,f,d,u
6028,f,d,w
6029,f,d,a
6030,f,d,a
6031,f,m,w
6032,f,d,a
6033,f,d,a
6034,f,d,u
6035,f,g,a
6036,t,u,u
6037,f,g,u
6038,f,d,a
6039,f,g,u
6040,f,d,u
6041,f,d,u
6042,t,g,u
6043,f,d,a
6044,f,d,a
6045,t,d,a
6046,f,d,a
6047,f,l,w
6048,f,d,u
6049,t,d,a
6050,f,d,u
6051,f,l,a
6052,t,d,u
6053,f,l,a
6054,t,d,a
6055,t,d,u
6056,f,d,w
6057,f,g,u
6058,f,d,u
6059,f,g,u
6060,f,h,a
6061,t,d,u
6062,f,d,u
6063,f,d,u
6064,f,d,a
6065,f,d,s
6066,f,d,u
6067,f,h,s
6068,t,d,a
6069,f,d,w
6070,f,d,a
6071,t,g,a
6072,f,l,a
6073,f,d,a
6074,f,d,u
6075,f,d,u
6076,f,d,a
6077,f,d,u
6078,f,d,u
6079,f,d,a
6080,t,w,u
6081,f,g,a
6082,f,d,a
6083,f,d,a
6084,f,d,w
6085,t,d,u
6086,f,d,a
6087,f,m,a
6088,f,d,a
6089,f,d,u
6090,f,g,u
6091,t,w,u
6092,f,g,u
6093,f,d,w
6094,t,d,u
6095,f,d,w
6096,f,l,a
6097,f,d,a
6098,t,u,w
6099,f,d,a
6100,f,d,a
6101,t,d,a
6102,f,d,w
6103,t,d,a
6104,f,l,u
6105,f,d,a
6106,f,g,u
6107,t,d,u
6108,f,g,a
6109,f,d,a
6110,f,d,u
6111,f,d,a
6112,t,l,u
6113,t,d,w
6114,f,d,a
6115,f,d,a
6116,t,d,u
6117,f,d,u
6118,f,g,u
6119,f,d,a
6120,t,d,a
6121,f,l,u
6122,f,d,u
6123,f,d,s
6124,t,l,a
6125,f,d,u
6126,t,d,u
6127,f,d,a
6128,f,d,u
6129,f,d,a
6130,f,d,w
6131,t,d,a
6132,f,d,a
6133,f,d,a
6134,f,d,a
6135,t,d,u
6136,f,d,a
6137,f,d,a
6138,f,d,a
6139,f,d,a
6140,t,d,w
6141,f,d,a
6142,f,d,u
6143,f,m,a
6144,f,d,a
6145,f,g,u
6146,f,d,a
6147,f,d,u
6148,f,g,u
6149,f,d,u
6150,f,m,a
6151,f,d,s
6152,f,l,u
6153,f,d,u
6154,t,d,a
6155,f,d,w
6156,f,d,a
6157,f,d,s
6158,f,d,w
6159,f,h,a
6160,f,d,w
6161,f,d,u
6162,f,d,a
6163,f,d,a
6164,f,d,a
6165,f,d,u
6166,f,d,a
6167,f,d,u
6168,f,d,a
6169,t,m,u
6170,f,g,a
6171,f,d,u
6172,f,l,w
6173,t,d,u
6174,f,g,u
6175,f,d,a
6176,f,d,w
6177,f,d,u
6178,f,d,u
6179,f,d,a
6180,f,d,w
6181,f,d,u
6182,f,d,a
6183,t,g,u
6184,t,d,a
6185,t,d,w
6186,t,d,u
6187,f,d,a
6188,t,d,u
6189,t,d,s
6190,f,d,a
6191,f,d,u
6192,f,d,u
6193,f,d,u
6194,f,d,u
6195,f,m,a
6196,t,d,u
6197,t,d,a
6198,t,d,u
6199,f,d,w
6200,t,d,a
6201,t,d,u
6202,f,d,u
6203,t,g,u
6204,f,l,u
6205,f,d,w
6206,f,d,a
6207,t,m,u
6208,f,d,w
6209,t,d,u
6210,f,d,a
6211,f,d,u
6212,f,d,a
6213,t,d,a
6214,f,d,s
6215,f,d,u
6216,f,d,u
6217,f,g,u
6218,f,d,a
6219,t,d,a
6220,t,m,u
6221,t,d,a
6222,f,m,a
6223,f,l,w
6224,f,d,a
6225,f,d,w
6226,f,d,a
6227,f,d,a
6228,t,m,u
6229,f,d,u
6230,t,d,a
6231,t,d,a
6232,t,g,a
6233,t,d,u
6234,t,d,a
6235,f,d,a
6236,f,d,a
6237,f,d,u
6238,f,d,a
6239,f,d,u
6240,f,l,a
6241,f,d,a
6242,t,d,w
6243,t,d,a
6244,f,d,u
6245,f,d,a
6246,f,d,a
6247,t,d,a
6248,f,d,u
6249,f,g,a
6250,t,d,a
6251,f,h,u
6252,f,d,u
6253,f,d,a
6254,f,d,a
6255,t,d,u
6256,t,m,u
6257,f,g,u
6258,f,g,a
6259,f,d,u
6260,t,d,a
6261,t,d,w
6262,f,d,a
6263,f,d,u
6264,f,d,a
6265,f,g,w
6266,f,h,a
6267,f,d,a
6268,f,g,a
6269,f,d,a
6270,f,d,a
6271,f,g,a
6272,t,m,u
6273,t,m,a
6274,t,d,a
6275,f,d,a
6276,f,g,a
6277,f,d,u
6278,t,m,a
6279,f,d,u
6280,f,d,u
6281,f,g,a
6282,t,d,a
6283,t,d,u
6284,f,d,a
6285,t,d,w
6286,t,g,u
6287,f,l,u
6288,f,g,s
6289,f,g,u
6290,f,d,a
6291,f,d,u
6292,f,l,u
6293,f,d,u
6294,f,d,u
6295,t,d,u
6296,f,d,u
6297,f,d,a
6298,f,d,a
6299,t,m,a
6300,f,d,s
6301,f,d,u
6302,f,d,a
6303,f,g,s
6304,t,d,a
6305,f,d,a
6306,f,g,u
6307,f,g,u
6308,t,d,a
6309,t,d,w
6310,f,d,u
6311,f,d,a
6312,f,d,a
6313,f,d,a
6314,f,d,a
6315,f,d,s
6316,t,d,a
6317,f,d,u
6318,f,d,u
6319,f,d,a
6320,f,g,u
6321,t,m,a
6322,f,h,u
6323,f,d,u
6324,f,d,a
6325,f,d,a
6326,f,d,a
6327,f,d,u
6328,t,d,w
6329,f,d,u
6330,f,g,u
6331,f,d,u
6332,f,g,s
6333,f,d,a
6334,f,h,a
6335,f,d,a
6336,f,d,u
6337,t,d,a
6338,f,l,a
6339,f,l,a
6340,t,m,a
6341,f,d,u
6342,t,d,a
6343,t,g,u
6344,f,d,u
6345,f,d,u
6346,f,d,a
6347,f,d,u
6348,t,d,a
6349,f,d,a
6350,t,g,s
6351,f,l,a
6352,f,d,a
6353,f,d,u
6354,f,g,u
6355,f,d,a
6356,f,d,a
6357,f,g,a
6358,f,g,u
6359,f,g,u
6360,f,d,a
6361,f,d,a
6362,f,d,w
6363,t,d,w
6364,t,d,u
6365,f,d,a
6366,t,d,a
6367,f,d,a
6368,t,d,u
6369,t,g,a
6370,f,d,u
6371,f,d,a
6372,t,d,w
6373,f,d,a
6374,t,m,u
6375,t,d,u
6376,f,d,u
6377,t,d,u
6378,f,g,a
6379,f,d,s
6380,t,d,u
6381,f,l,u
6382,t,w,a
6383,f,d,a
6384,f,d,u
6385,f,g,u
6386,f,d,w
6387,f,d,u
6388,t,d,u
6389,f,d,u
6390,f,d,a
6391,f,m,s
6392,f,d,a
6393,f,d,w
6394,f,d,u
6395,f,d,w
6396,f,d,u
6397,t,d,a
6398,f,d,a
6399,f,h,u
6400,f,h,u
6401,f,g,u
6402,f,d,a
6403,f,d,a
6404,f,d,a
6405,f,h,a
6406,f,d,u
6407,f,d,u
6408,f,d,u
6409,f,d,a
6410,f,g,u
6411,f,d,u
6412,t,d,a
6413,f,l,a
6414,f,l,u
6415,t,d,w
6416,f,m,w
6417,f,d,w
6418,f,g,u
6419,f,h,a
6420,f,d,a
6421,f,d,u
6422,f,d,a
6423,f,d,u
6424,f,d,a
6425,f,d,s
6426,f,d,a
6427,f,d,u
6428,t,d,a
6429,f,g,u
6430,f,d,a
6431,f,g,u
6432,f,d,a
6433,t,d,w
6434,f,g,u
6435,f,d,u
6436,t,g,w
6437,f,g,u
6438,f,d,a
6439,f,d,a
6440,f,g,u
6441,f,d,a
6442,f,g,u
6443,f,l,u
6444,f,d,a
6445,t,d,a
6446,t,d,a
6447,f,d,u
6448,t,d,a
6449,t,d,u
6450,f,d,a
6451,f,d,w
6452,f,d,w
6453,f,d,u
6454,f,d,w
6455,f,d,a
6456,f,d,a
6457,f,g,u
6458,f,g,a
6459,t,m,u
6460,f,d,u
6461,f,g,a
6462,f,d,u
6463,f,g,u
6464,f,d,u
6465,t,d,u
6466,f,d,u
6467,f,d,a
6468,f,d,u
6469,f,g,a
6470,f,h,u
6471,f,d,a
6472,f,l,u
6473,f,l,a
6474,f,d,u
6475,f,g,w
6476,t,g,u
6477,f,d,u
6478,f,l,u
6479,f,d,a
6480,f,d,u
6481,f,d,a
6482,f,d,a
6483,t,d,w
6484,t,h,a
6485,f,d,a
6486,t,d,a
6487,f,d,a
6488,f,l,a
6489,f,d,a
6490,t,d,a
6491,f,g,u
6492,f,d,w
6493,f,d,a
6494,f,d,u
6495,f,l,a
6496,f,d,u
6497,f,d,u
6498,t,d,w
6499,f,h,a
6500,f,d,u
6501,f,d,a
6502,f,d,u
6503,f,d,u
6504,f,d,a
6505,f,d,a
6506,t,d,a
6507,f,h,a
6508,t,m,u
6509,t,g,u
6510,f,d,a
6511,f,d,u
6512,f,d,a
6513,f,d,a
6514,f,d,w
6515,f,d,s
6516,f,d,a
6517,f,d,a
6518,f,d,a
6519,f,d,a
6520,t,d,a
6521,t,d,a
6522,f,g,a
6523,f,d,a
6524,f,d,a
6525,f,g,a
6526,f,d,u
6527,f,d,a
6528,f,d,a
6529,f,g,a
6530,f,g,u
6531,f,g,s
6532,f,d,a
6533,f,d,u
6534,f,d,u
6535,f,m,a
6536,f,d,s
6537,f,m,a
6538,f,d,a
6539,f,d,a
6540,f,d,a
6541,t,d,u
6542,t,d,a
6543,f,d,a
6544,f,d,a
6545,t,d,a
6546,f,d,u
6547,f,h,u
6548,t,d,w
6549,f,d,a
6550,t,m,a
6551,f,d,w
6552,f,d,a
6553,f,d,a
6554,f,d,a
6555,t,g,a
6556,f,d,a
6557,t,d,a
6558,f,d,w
6559,f,d,a
6560,f,h,u
6561,t,d,u
6562,f,d,u
6563,f,g,u
6564,f,d,u
6565,f,h,a
6566,f,d,a
6567,t,g,w
6568,f,d,a
6569,t,d,a
6570,f,d,u
6571,f,d,u
6572,t,d,u
6573,f,d,a
6574,f,d,a
6575,f,d,u
6576,f,d,u
6577,t,p,u
6578,f,d,a
6579,f,d,a
6580,f,d,u
6581,f,d,a
6582,t,m,u
6583,f,g,u
6584,f,d,a
6585,f,l,a
6586,f,d,a
6587,f,d,a
6588,f,d,a
6589,f,d,w
6590,f,l,a
6591,t,d,u
6592,t,d,a
6593,f,d,a
6594,f,d,a
6595,t,d,w
6596,t,h,a
6597,t,g,u
6598,f,d,u
6599,t,d,a
6600,t,g,w
6601,f,g,u
6602,f,d,u
6603,t,d,a
6604,f,d,u
6605,t,d,u
6606,t,d,a
6607,f,d,u
6608,f,d,a
6609,f,d,u
6610,f,g,a
6611,t,d,a
6612,t,m,u
6613,t,d,a
6614,f,d,u
6615,f,d,u
6616,f,d,u
6617,f,g,a
6618,t,d,a
6619,t,d,u
6620,f,d,a
6621,t,d,u
6622,f,d,u
6623,f,l,w
6624,t,g,u
6625,f,l,u
6626,t,d,u
6627,f,d,u
6628,t,d,a
6629,f,d,a
6630,f,d,a
6631,f,d,a
6632,f,d,u
6633,f,g,a
6634,f,d,a
6635,f,d,u
6636,t,d,u
6637,f,d,a
6638,f,d,a
6639,f,d,w
6640,f,d,a
6641,f,d,u
6642,f,m,a
6643,f,l,s
6644,f,d,a
6645,f,l,a
6646,f,m,u
6647,f,g,a
6648,f,g,a
6649,f,d,a
6650,f,m,a
6651,f,d,a
6652,t,d,a
6653,f,d,a
6654,f,d,a
6655,f,d,a
6656,t,d,u
6657,f,d,a
6658,f,d,a
6659,f,d,a
6660,f,d,u
6661,f,d,w
6662,f,d,a
6663,f,h,u
6664,f,d,a
6665,f,d,u
6666,t,d,u
6667,f,d,u
6668,f,d,u
6669,f,d,a
6670,f,l,a
6671,f,d,a
6672,t,d,a
6673,f,d,u
6674,t,d,w
6675,f,d,a
6676,t,d,w
6677,f,d,u
6678,f,l,a
6679,f,d,a
6680,f,d,a
6681,f,d,a
6682,f,d,a
6683,f,d,a
6684,f,l,u
6685,f,g,a
6686,f,d,u
6687,f,l,s
6688,f,g,a
6689,f,l,u
6690,f,d,a
6691,f,d,s
6692,f,d,a
6693,f,d,a
6694,f,m,a
6695,f,d,u
6696,t,d,u
6697,f,d,u
6698,f,d,u
6699,f,d,u
6700,f,d,u
6701,f,d,a
6702,f,g,a
6703,f,d,a
6704,t,d,w
6705,t,d,a
6706,f,m,u
6707,f,h,u
6708,t,p,a
6709,t,g,u
6710,f,d,u
6711,f,d,u
6712,t,d,a
6713,t,d,a
6714,f,d,w
6715,f,d,u
6716,t,d,u
6717,f,d,u
6718,f,d,u
6719,f,d,w
6720,f,d,a
6721,t,d,a
6722,f,d,u
6723,t,m,u
6724,f,d,u
6725,f,d,a
6726,t,g,a
6727,t,d,a
6728,t,h,a
6729,f,d,a
6730,f,g,u
6731,t,g,u
6732,f,d,a
6733,f,d,w
6734,t,d,a
6735,f,g,a
6736,f,d,a
6737,f,d,a
6738,f,g,u
6739,f,d,s
6740,f,h,u
6741,f,d,a
6742,f,d,u
6743,f,d,a
6744,f,d,u
6745,t,g,u
6746,t,d,w
6747,f,d,a
6748,t,m,u
6749,f,d,u
6750,f,d,u
6751,f,l,w
6752,f,g,a
6753,t,d,u
6754,f,d,a
6755,f,d,u
6756,t,d,u
6757,f,d,a
6758,f,d,a
6759,f,d,u
6760,f,d,u
6761,t,g,u
6762,f,l,u
6763,f,d,u
6764,f,h,a
6765,t,d,u
6766,f,d,a
6767,t,d,u
6768,f,d,s
6769,f,d,u
6770,f,d,a
6771,f,h,u
6772,f,d,a
6773,t,d,a
6774,f,d,a
6775,t,d,a
6776,f,m,u
6777,f,d,u
6778,t,d,u
6779,f,d,a
6780,f,d,a
6781,t,d,u
6782,f,l,a
6783,f,d,a
6784,t,d,w
6785,t,d,w
6786,f,d,u
6787,t,d,a
6788,f,d,a
6789,f,d,u
6790,f,d,u
6791,t,g,u
6792,f,d,a
6793,f,d,w
6794,f,d,a
6795,f,h,u
6796,f,d,a
6797,t,d,u
6798,f,h,a
6799,t,d,a
6800,f,d,a
6801,f,d,a
6802,f,d,a
6803,t,d,u
6804,f,m,a
6805,f,g,u
6806,f,d,u
6807,f,h,a
6808,t,d,a
6809,f,p,u
6810,f,d,a
6811,f,d,a
6812,t,g,a
6813,f,d,w
6814,t,m,u
6815,f,d,u
6816,t,g,u
6817,f,d,w
6818,f,d,a
6819,f,g,a
6820,t,m,a
6821,f,d,u
6822,t,d,a
6823,f,m,a
6824,f,d,a
6825,f,d,a
6826,f,g,a
6827,f,h,a
6828,f,d,a
6829,f,d,a
6830,f,d,a
6831,f,d,u
6832,f,d,a
6833,f,d,a
6834,f,d,a
6835,f,d,a
6836,f,d,w
6837,f,l,a
6838,f,d,u
6839,f,d,a
6840,t,d,u
6841,f,g,u
6842,f,d,a
6843,f,d,u
6844,f,d,a
6845,f,d,u
6846,f,d,u
6847,f,g,u
6848,t,d,a
6849,f,d,a
6850,f,d,s
6851,f,g,a
6852,f,d,u
6853,f,d,a
6854,t,d,a
6855,f,h,u
6856,f,d,a
6857,f,d,a
6858,t,d,u
6859,f,d,a
6860,f,d,a
6861,f,d,a
6862,f,d,u
6863,f,g,u
6864,f,d,u
6865,t,d,s
6866,f,d,a
6867,f,h,u
6868,f,d,a
6869,f,d,a
6870,f,d,a
6871,t,m,u
6872,t,m,u
6873,f,d,u
6874,f,g,u
6875,t,d,a
6876,f,d,u
6877,f,g,a
6878,t,d,a
6879,f,d,u
6880,f,g,a
6881,t,d,a
6882,f,d,s
6883,f,d,a
6884,f,d,a
6885,f,d,u
6886,f,d,u
6887,f,g,a
6888,t,d,s
6889,t,d,u
6890,f,d,a
6891,f,d,a
6892,f,d,a
6893,f,d,a
6894,t,m,s
6895,t,d,u
6896,t,d,a
6897,f,d,u
6898,f,d,a
6899,f,d,a
6900,f,d,w
6901,f,d,s
6902,f,g,a
6903,f,d,u
6904,f,d,a
6905,f,d,a
6906,f,d,a
6907,f,d,u
6908,f,g,a
6909,f,l,a
6910,f,g,s
6911,f,d,a
6912,t,m,u
6913,f,d,a
6914,t,d,s
6915,f,d,u
6916,f,d,a
6917,f,g,a
6918,f,g,s
6919,f,d,a
6920,f,d,u
6921,f,d,u
6922,f,d,a
6923,t,g,s
6924,f,d,u
6925,t,d,w
6926,f,d,a
6927,f,d,a
6928,f,d,a
6929,f,d,u
6930,f,g,a
6931,f,d,u
6932,f,g,w
6933,f,g,s
6934,f,d,a
6935,f,d,u
6936,f,d,u
6937,t,d,a
6938,f,g,u
6939,f,d,w
6940,f,g,a
6941,f,g,u
6942,f,d,u
6943,f,d,a
6944,f,d,a
6945,t,p,u
6946,f,d,a
6947,f,g,a
6948,f,l,a
6949,t,d,u
6950,f,l,a
6951,f,d,a
6952,t,d,a
6953,f,g,w
6954,f,d,w
6955,f,l,w
6956,f,d,a
6957,t,l,a
6958,f,g,u
6959,t,d,a
6960,t,d,w
6961,t,d,a
6962,f,d,a
6963,f,d,a
6964,f,l,a
6965,t,g,u
6966,f,d,w
6967,f,d,a
6968,t,d,a
6969,f,d,a
6970,t,g,a
6971,t,m,u
6972,f,d,a
6973,f,g,u
6974,t,d,u
6975,f,d,u
6976,t,m,u
6977,f,d,u
6978,f,d,a
6979,t,w,a
6980,f,d,a
6981,f,d,a
6982,t,d,u
6983,t,m,a
6984,f,d,a
6985,f,g,a
6986,t,d,u
6987,f,m,u
6988,f,d,u
6989,f,d,a
6990,f,d,u
6991,t,d,w
6992,f,l,a
6993,f,d,u
6994,f,d,u
6995,f,d,u
6996,f,l,u
6997,f,d,u
6998,f,d,u
6999,f,d,u
7000,f,g,u
7001,f,d,a
7002,f,d,u
7003,t,d,u
7004,t,d,a
7005,f,d,u
7006,f,d,u
7007,f,d,a
7008,t,d,w
7009,f,d,w
7010,t,d,a
7011,t,d,u
7012,f,d,a
7013,f,d,u
7014,f,d,a
7015,f,g,w
7016,f,d,u
7017,f,d,u
7018,f,d,u
7019,t,d,w
7020,f,d,a
7021,f,d,u
7022,t,m,u
7023,f,d,a
7024,f,d,u
7025,t,d,a
7026,t,d,a
7027,f,h,a
7028,f,d,a
7029,f,d,u
7030,t,d,a
7031,t,g,a
7032,f,d,a
7033,f,d,u
7034,f,d,u
7035,t,d,w
7036,f,d,u
7037,f,d,w
7038,f,d,u
7039,t,d,a
7040,f,d,u
7041,f,m,u
7042,f,d,w
7043,f,d,a
7044,f,d,w
7045,t,d,u
7046,f,d,a
7047,f,d,u
7048,t,d,a
7049,f,d,u
7050,f,g,a
7051,f,m,a
7052,f,d,a
7053,f,d,a
7054,f,d,a
7055,f,d,a
7056,f,d,a
7057,f,g,a
7058,f,g,a
7059,t,g,u
7060,f,d,a
7061,f,g,a
7062,t,d,u
7063,f,d,a
7064,t,g,s
7065,f,l,a
7066,f,d,u
7067,f,g,u
7068,f,d,s
7069,f,d,a
7070,t,d,a
7071,t,d,u
7072,f,d,a
7073,f,l,a
7074,f,d,a
7075,t,d,a
7076,f,d,a
7077,f,d,a
7078,f,d,a
7079,f,d,a
7080,f,d,a
7081,f,d,a
7082,f,d,u
7083,t,d,u
7084,t,d,u
7085,t,g,a
7086,t,d,u
7087,f,d,u
7088,f,l,u
7089,t,d,a
7090,f,d,a
7091,f,g,a
7092,f,m,a
7093,f,d,w
7094,t,d,a
7095,t,d,u
7096,f,d,u
7097,f,d,a
7098,f,d,a
7099,f,d,a
7100,f,g,u
7101,t,d,u
7102,t,g,a
7103,f,d,u
7104,t,d,a
7105,f,g,a
7106,f,d,a
7107,f,d,u
7108,f,d,s
7109,f,d,u
7110,f,d,u
7111,f,d,u
7112,f,d,u
7113,f,d,a
7114,f,d,a
7115,t,g,u
7116,f,d,a
7117,f,d,a
7118,f,d,u
7119,f,d,a
7120,f,d,u
7121,t,d,a
7122,t,d,a
7123,f,l,s
7124,f,d,u
7125,f,g,a
7126,t,d,a
7127,t,p,a
7128,f,d,a
7129,t,d,w
7130,f,d,u
7131,f,d,s
7132,f,d,u
7133,f,d,u
7134,f,d,a
7135,t,m,a
7136,f,g,a
7137,f,d,a
7138,f,g,a
7139,f,d,u
7140,f,d,u
7141,f,h,u
7142,f,g,a
7143,f,d,u
7144,f,l,a
7145,f,d,u
7146,t,d,a
7147,f,d,a
7148,f,d,a
7149,f,d,a
7150,t,m,u
7151,f,d,a
7152,t,d,a
7153,f,d,a
7154,t,m,a
7155,f,d,a
7156,t,m,u
7157,t,d,u
7158,f,d,u
7159,t,d,a
7160,f,d,a
7161,t,m,a
7162,f,d,s
7163,f,d,a
7164,f,d,a
7165,f,d,a
7166,f,d,a
7167,f,d,a
7168,f,d,a
7169,f,d,a
7170,f,d,u
7171,t,d,u
7172,f,d,a
7173,f,d,a
7174,f,d,s
7175,t,m,u
7176,f,h,s
7177,f,d,u
7178,t,d,a
7179,f,d,s
7180,f,d,a
7181,f,g,w
7182,f,d,a
7183,f,m,a
7184,f,l,u
7185,t,d,u
7186,f,d,a
7187,f,g,u
7188,t,d,a
7189,t,d,a
7190,t,g,u
7191,f,d,w
7192,f,g,a
7193,f,h,a
7194,f,d,u
7195,f,d,s
7196,f,d,a
7197,f,d,a
7198,f,d,a
7199,f,d,u
7200,f,d,u
7201,f,d,a
7202,f,d,w
7203,t,m,a
7204,f,g,u
7205,f,g,a
7206,f,l,w
7207,t,u,w
7208,t,d,a
7209,f,d,u
7210,t,d,u
7211,f,d,u
7212,f,g,u
7213,f,d,u
7214,f,g,u
7215,t,d,u
7216,f,d,a
7217,f,d,a
7218,f,g,a
7219,f,d,u
7220,f,d,u
7221,t,d,a
7222,t,d,a
7223,f,l,u
7224,f,d,a
7225,f,g,w
7226,f,d,u
7227,f,d,u
7228,t,d,w
7229,f,d,u
7230,f,d,a
7231,t,d,a
7232,t,g,s
7233,t,d,u
7234,f,d,a
7235,f,d,a
7236,f,g,u
7237,f,d,w
7238,f,d,a
7239,t,d,a
7240,t,d,u
7241,f,d,u
7242,f,d,u
7243,f,d,a
7244,t,d,a
7245,f,d,u
7246,t,d,a
7247,f,d,w
7248,f,g,a
7249,f,d,u
7250,f,d,a
7251,f,g,u
7252,f,d,u
7253,f,d,u
7254,t,d,s
7255,f,d,a
7256,f,g,a
7257,t,d,a
7258,f,d,a
7259,t,d,u
7260,t,g,a
7261,f,d,a
7262,f,d,a
7263,f,d,u
7264,t,d,s
7265,f,p,a
7266,f,d,a
7267,f,p,u
7268,f,g,a
7269,f,d,u
7270,f,g,a
7271,f,d,a
7272,f,d,u
7273,t,d,a
7274,f,d,a
7275,f,d,u
7276,f,d,a
7277,t,d,u
7278,f,d,a
7279,f,d,u
7280,f,d,u
7281,t,p,u
7282,t,d,w
7283,f,g,u
7284,t,d,u
7285,f,d,u
7286,f,d,a
7287,f,g,u
7288,t,d,w
7289,f,d,a
7290,f,d,s
7291,f,d,a
7292,f,d,a
7293,t,d,a
7294,t,d,w
7295,f,d,a
7296,f,d,a
7297,f,d,u
7298,f,d,a
7299,f,h,a
7300,f,d,a
7301,f,d,u
7302,t,d,w
7303,t,d,u
7304,f,h,a
7305,f,m,u
7306,f,h,a
7307,t,d,a
7308,f,d,a
7309,f,d,a
7310,f,m,u
7311,f,g,u
7312,f,g,u
7313,t,g,u
7314,t,d,u
7315,t,d,u
7316,f,d,u
7317,f,d,a
7318,f,g,u
7319,t,d,u
7320,f,d,w
7321,t,d,a
7322,f,g,a
7323,f,d,u
7324,t,d,w
7325,f,g,a
7326,f,d,a
7327,f,l,u
7328,f,d,u
7329,f,g,a
7330,t,m,a
7331,f,d,u
7332,t,d,a
7333,f,d,w
7334,f,d,w
7335,f,m,a
7336,t,d,a
7337,f,l,a
7338,f,d,s
7339,t,d,a
7340,t,d,u
7341,t,d,u
7342,t,m,u
7343,f,d,a
7344,f,l,u
7345,f,l,a
7346,t,d,a
7347,f,g,a
7348,t,d,a
7349,f,d,a
7350,t,d,u
7351,f,d,a
7352,t,d,u
7353,f,d,a
7354,t,d,a
7355,f,h,a
7356,f,d,u
7357,f,m,u
7358,f,l,a
7359,f,d,a
7360,f,m,a
7361,t,g,u
7362,t,d,u
7363,f,d,a
7364,t,d,w
7365,f,d,a
7366,f,m,s
7367,f,d,w
7368,f,d,a
7369,t,d,u
7370,f,g,u
7371,f,d,a
7372,f,d,a
7373,f,h,u
7374,f,d,a
7375,f,g,u
7376,f,l,w
7377,f,d,u
7378,t,d,u
7379,t,d,u
7380,f,g,u
7381,f,d,a
7382,t,d,a
7383,f,m,u
7384,f,d,u
7385,f,l,a
7386,f,w,a
7387,f,d,u
7388,t,d,a
7389,f,g,u
7390,t,d,u
7391,f,d,u
7392,t,d,u
7393,f,d,s
7394,f,d,u
7395,f,d,w
7396,t,w,u
7397,f,d,a
7398,f,d,a
7399,t,d,w
7400,f,d,u
7401,f,d,a
7402,f,g,u
7403,f,d,u
7404,f,d,a
7405,f,d,w
7406,f,l,w
7407,f,d,u
7408,f,d,w
7409,f,h,a
7410,t,d,a
7411,f,d,u
7412,f,d,a
7413,f,d,a
7414,f,d,u
7415,f,d,a
7416,f,d,s
7417,f,l,w
7418,f,m,a
7419,f,d,u
7420,f,d,u
7421,f,g,a
7422,f,d,a
7423,t,d,u
7424,f,g,a
7425,f,d,a
7426,f,d,a
7427,t,d,a
7428,f,d,a
7429,f,g,a
7430,f,d,u
7431,f,d,a
7432,t,d,a
7433,t,g,a
7434,f,m,a
7435,f,m,u
7436,t,d,u
7437,f,g,u
7438,f,d,a
7439,t,d,w
7440,t,d,w
7441,f,d,u
7442,f,d,a
7443,f,d,u
7444,f,d,s
7445,f,d,a
7446,t,d,u
7447,f,h,u
7448,f,d,u
7449,f,d,a
7450,t,d,u
7451,t,m,a
7452,f,d,a
7453,f,d,u
7454,t,d,w
7455,f,d,a
7456,f,g,a
7457,f,d,w
7458,f,d,a
7459,f,d,u
7460,f,h,a
7461,f,d,a
7462,f,g,u
7463,f,d,a
7464,f,d,u
7465,f,g,w
7466,f,d,a
7467,f,g,u
7468,f,g,u
7469,t,d,a
7470,f,g,a
7471,f,g,u
7472,f,l,w
7473,t,d,u
7474,f,d,s
7475,f,d,u
7476,t,g,a
7477,f,d,a
7478,f,d,u
7479,f,l,u
7480,f,d,u
7481,f,g,a
7482,f,d,a
7483,f,g,a
7484,f,d,a
7485,f,d,u
7486,f,d,u
7487,f,d,s
7488,f,g,a
7489,f,d,u
7490,f,d,a
7491,f,d,a
7492,f,d,s
7493,f,d,a
7494,t,d,a
7495,f,d,a
7496,t,g,a
7497,f,d,a
7498,f,g,u
7499,f,d,u
7500,f,d,a
7501,f,g,a
7502,f,d,a
7503,f,g,u
7504,f,d,u
7505,f,h,a
7506,f,d,a
7507,f,d,a
7508,f,h,a
7509,f,m,w
7510,f,d,w
7511,f,d,u
7512,f,d,a
7513,f,d,a
7514,f,d,u
7515,f,d,a
7516,t,d,a
7517,f,d,w
7518,f,d,a
7519,f,d,a
7520,t,g,w
7521,t,w,u
7522,f,d,u
7523,t,g,a
7524,f,d,a
7525,f,d,a
7526,t,d,u
7527,f,h,a
7528,f,g,u
7529,f,d,a
7530,f,d,a
7531,f,d,u
7532,t,d,a
7533,f,d,u
7534,f,l,u
7535,f,g,a
7536,f,d,a
7537,f,m,u
7538,f,d,a
7539,f,d,a
7540,t,d,w
7541,t,d,w
7542,t,d,a
7543,f,m,a
7544,t,d,a
7545,f,d,u
7546,f,h,a
7547,t,d,u
7548,t,d,a
7549,f,d,a
7550,f,g,u
7551,t,d,a
7552,f,g,u
7553,f,d,u
7554,f,d,u
7555,f,h,a
7556,f,m,a
7557,f,d,a
7558,f,d,a
7559,t,d,u
7560,f,d,u
7561,f,h,a
7562,f,m,a
7563,f,d,a
7564,f,d,w
7565,f,m,a
7566,f,d,u
7567,f,d,a
7568,t,d,w
7569,f,d,a
7570,f,d,a
7571,f,d,u
7572,f,d,u
7573,f,h,a
7574,f,d,u
7575,t,d,u
7576,f,d,a
7577,f,d,u
7578,f,d,a
7579,f,d,u
7580,t,d,a
7581,f,d,u
7582,t,d,s
7583,t,d,a
7584,f,g,a
7585,t,d,a
7586,t,g,s
7587,t,d,s
7588,t,d,a
7589,f,g,u
7590,t,g,a
7591,t,l,a
7592,f,g,a
7593,f,d,u
7594,f,d,a
7595,f,d,a
7596,f,d,a
7597,f,g,a
7598,f,d,u
7599,f,d,u
7600,t,g,u
7601,t,d,u
7602,t,d,a
7603,f,d,a
7604,t,d,a
7605,f,d,s
7606,f,d,a
7607,f,d,a
7608,f,d,u
7609,t,d,a
7610,f,d,u
7611,t,d,u
7612,f,g,u
7613,f,d,u
7614,f,g,a
7615,f,g,u
7616,t,d,a
7617,f,d,u
7618,t,d,u
7619,f,d,a
7620,f,d,a
7621,f,d,u
7622,t,d,u
7623,f,d,a
7624,t,g,a
7625,f,h,s
7626,f,d,w
7627,f,m,u
7628,f,d,s
7629,f,d,u
7630,f,d,u
7631,f,g,a
7632,f,d,u
7633,f,d,w
7634,t,d,a
7635,f,d,u
7636,f,h,u
7637,f,d,u
7638,f,d,a
7639,f,d,u
7640,f,d,u
7641,f,g,a
7642,t,m,a
7643,t,d,s
7644,f,p,u
7645,f,l,a
7646,f,g,a
7647,f,d,u
7648,t,d,a
7649,f,l,a
7650,f,l,a
7651,f,d,u
7652,f,g,w
7653,f,d,u
7654,f,h,a
7655,f,g,a
7656,t,d,a
7657,f,g,u
7658,f,d,a
7659,f,g,a
7660,f,d,w
7661,f,d,u
7662,f,g,a
7663,f,h,u
7664,f,d,s
7665,f,d,a
7666,f,d,u
7667,f,d,a
7668,f,d,a
7669,t,d,a
7670,f,d,s
7671,f,d,a
7672,f,d,u
7673,f,d,u
7674,f,d,a
7675,f,d,u
7676,t,d,u
7677,f,d,u
7678,f,l,u
7679,f,d,u
7680,f,g,u
7681,f,d,w
7682,f,d,a
7683,f,d,a
7684,f,d,u
7685,t,d,u
7686,f,d,u
7687,f,g,u
7688,t,d,a
7689,f,d,w
7690,f,d,a
7691,f,g,u
7692,f,d,a
7693,f,d,u
7694,f,d,a
7695,f,d,u
7696,t,d,w
7697,f,d,u
7698,f,d,u
7699,f,d,w
7700,t,d,u
7701,f,d,u
7702,f,d,w
7703,f,d,u
7704,t,d,a
7705,f,d,a
7706,f,d,a
7707,f,d,a
7708,t,d,u
7709,f,h,u
7710,t,d,a
7711,f,d,u
7712,f,m,u
7713,f,d,a
7714,f,d,a
7715,f,d,u
7716,f,d,a
7717,t,d,u
7718,f,d,a
7719,f,d,s
7720,f,d,u
7721,t,d,u
7722,f,l,u
7723,f,d,u
7724,f,d,a
7725,t,d,s
7726,f,d,u
7727,f,d,s
7728,f,d,u
7729,f,d,u
7730,f,m,u
7731,f,d,u
7732,f,g,u
7733,t,d,a
7734,f,d,u
7735,t,p,u
7736,f,g,w
7737,f,d,u
7738,f,g,u
7739,f,d,a
7740,f,d,w
7741,f,d,u
7742,f,d,a
7743,f,d,a
7744,f,d,a
7745,f,d,s
7746,f,d,w
7747,f,d,a
7748,t,g,u
7749,f,d,a
7750,f,d,u
7751,f,g,a
7752,t,m,a
7753,f,d,u
7754,f,d,a
7755,f,d,a
7756,t,g,u
7757,f,g,u
7758,f,d,u
7759,f,g,a
7760,f,d,a
7761,f,d,a
7762,t,d,u
7763,f,d,a
7764,t,d,u
7765,f,d,u
7766,f,l,u
7767,f,g,w
7768,f,d,a
7769,t,d,u
7770,f,d,a
7771,f,d,u
7772,t,m,a
7773,f,d,u
7774,f,d,a
7775,f,h,a
7776,f,d,u
7777,f,d,a
7778,t,d,s
7779,f,d,a
7780,f,d,a
7781,f,l,a
7782,f,d,a
7783,f,d,a
7784,f,m,u
7785,f,g,u
7786,f,p,a
7787,f,d,w
7788,f,d,u
7789,t,d,s
7790,f,l,a
7791,f,d,w
7792,f,d,u
7793,f,d,u
7794,f,g,u
7795,f,g,a
7796,f,h,u
7797,f,d,a
7798,f,d,u
7799,f,d,a
7800,f,d,a
7801,f,d,a
7802,f,d,a
7803,f,d,a
7804,f,d,u
7805,f,d,u
7806,f,d,a
7807,f,d,u
7808,f,d,u
7809,f,g,u
7810,t,m,u
7811,t,w,a
7812,t,d,u
7813,f,d,u
7814,f,d,a
7815,f,l,a
7816,f,d,a
7817,f,d,w
7818,f,d,u
7819,f,d,u
7820,f,l,u
7821,f,d,u
7822,f,d,a
7823,f,d,u
7824,f,d,a
7825,f,d,u
7826,f,d,w
7827,f,d,u
7828,f,l,u
7829,f,d,s
7830,t,g,s
7831,f,g,s
7832,f,l,u
7833,f,d,a
7834,t,d,a
7835,f,h,u
7836,t,d,a
7837,t,d,u
7838,t,m,u
7839,f,d,a
7840,f,d,u
7841,f,g,u
7842,t,d,a
7843,f,d,a
7844,f,d,u
7845,t,d,u
7846,f,g,w
7847,f,g,a
7848,t,d,w
7849,f,d,u
7850,f,d,u
7851,t,g,a
7852,f,d,a
7853,f,d,a
7854,f,d,s
7855,f,d,a
7856,f,g,a
7857,f,g,u
7858,t,g,u
7859,f,d,a
7860,f,d,a
7861,f,m,u
7862,t,g,u
7863,f,d,a
7864,t,d,a
7865,t,m,a
7866,f,d,a
7867,f,d,a
7868,t,d,a
7869,f,d,w
7870,f,d,u
7871,f,l,a
7872,f,d,u
7873,f,l,u
7874,f,d,w
7875,f,d,a
7876,f,d,u
7877,t,m,u
7878,f,g,u
7879,f,d,a
7880,f,d,u
7881,f,g,u
7882,f,d,u
7883,f,d,a
7884,f,m,a
7885,f,d,w
7886,f,d,a
7887,t,d,a
7888,f,d,a
7889,f,d,a
7890,f,d,a
7891,t,m,a
7892,f,d,u
7893,f,d,a
7894,f,g,a
7895,f,d,a
7896,f,g,a
7897,f,d,u
7898,f,d,a
7899,f,g,s
7900,f,d,a
7901,t,d,a
7902,f,d,u
7903,f,d,a
7904,f,d,u
7905,f,d,u
7906,t,d,u
7907,t,d,a
7908,f,d,u
7909,f,d,a
7910,f,g,u
7911,f,d,a
7912,f,d,u
7913,f,g,u
7914,f,d,u
7915,t,g,s
7916,f,d,a
7917,f,d,a
7918,t,d,a
7919,f,d,w
7920,t,d,u
7921,f,d,u
7922,f,d,w
7923,f,d,u
7924,f,d,a
7925,f,d,a
7926,f,h,a
7927,f,g,w
7928,f,d,a
7929,f,g,a
7930,f,d,a
7931,f,d,a
7932,f,d,a
7933,f,g,u
7934,f,g,u
7935,f,g,u
7936,f,d,a
7937,f,d,u
7938,t,d,a
7939,f,h,u
7940,f,d,s
7941,t,d,a
7942,t,d,a
7943,f,d,a
7944,t,d,a
7945,f,d,a
7946,f,m,a
7947,f,g,u
7948,f,h,a
7949,f,g,u
7950,f,d,u
7951,f,h,a
7952,f,l,u
7953,f,g,a
7954,t,d,u
7955,f,d,a
7956,f,g,u
7957,t,g,u
7958,f,d,u
7959,f,d,u
7960,t,m,u
7961,f,d,w
7962,f,m,w
7963,f,g,w
7964,f,d,u
7965,f,d,u
7966,f,h,a
7967,f,l,w
7968,t,g,a
7969,f,d,a
7970,t,d,w
7971,f,h,u
7972,f,d,a
7973,f,m,a
7974,f,d,a
7975,f,d,w
7976,t,d,a
7977,t,d,u
7978,f,d,u
7979,t,d,a
7980,f,d,u
7981,f,d,a
7982,t,w,a
7983,t,d,s
7984,f,g,s
7985,t,d,w
7986,t,d,a
7987,f,d,a
7988,f,d,a
7989,t,d,a
7990,f,h,u
7991,f,d,a
7992,f,d,w
7993,f,g,u
7994,f,h,a
7995,f,d,a
7996,t,d,u
7997,t,d,u
7998,f,g,u
7999,f,d,w
8000,f,d,a
8001,t,d,u
8002,t,d,u
8003,f,d,a
8004,f,h,u
8005,f,d,a
8006,f,d,s
8007,f,d,u
8008,f,d,a
8009,f,g,a
8010,f,d,a
8011,f,d,u
8012,t,d,w
8013,t,d,u
8014,f,d,s
8015,f,d,a
8016,f,d,u
8017,t,g,w
8018,f,m,s
8019,f,m,u
8020,f,d,u
8021,f,g,u
8022,f,d,a
8023,t,w,a
8024,f,d,a
8025,f,g,u
8026,t,d,a
8027,f,d,u
8028,f,d,w
8029,f,d,u
8030,f,d,u
8031,f,d,u
8032,t,d,s
8033,f,l,a
8034,f,d,u
8035,f,d,u
8036,f,l,u
8037,f,m,a
8038,f,d,a
8039,t,g,u
8040,f,d,u
8041,t,d,a
8042,f,m,a
8043,f,d,u
8044,f,d,s
8045,f,d,w
8046,f,g,a
8047,t,g,u
8048,t,g,u
8049,f,d,a
8050,t,g,u
8051,t,d,a
8052,f,d,a
8053,f,d,u
8054,f,g,u
8055,f,d,a
8056,f,g,a
8057,t,d,a
8058,f,m,u
8059,t,d,w
8060,f,g,a
8061,f,g,s
8062,t,d,u
8063,f,l,a
8064,f,d,a
8065,f,d,u
8066,t,d,a
8067,f,h,u
8068,t,u,w
8069,f,d,s
8070,f,d,w
8071,f,d,u
8072,t,g,u
8073,t,g,u
8074,f,d,u
8075,f,d,u
8076,t,d,a
8077,f,d,u
8078,f,d,a
8079,t,d,a
8080,f,l,w
8081,t,d,w
8082,f,d,u
8083,f,l,w
8084,t,d,a
8085,t,d,a
8086,f,d,a
8087,t,g,a
8088,f,g,a
8089,t,d,u
8090,f,d,u
8091,t,g,u
8092,t,d,u
8093,f,g,u
8094,t,d,u
8095,f,d,a
8096,f,d,a
8097,f,d,a
8098,f,d,u
8099,f,d,a
8100,f,d,u
8101,t,d,w
8102,f,d,u
8103,f,d,a
8104,f,d,u
8105,f,d,a
8106,f,d,u
8107,t,d,w
8108,f,g,a
8109,t,d,w
8110,f,d,w
8111,f,d,a
8112,f,h,u
8113,t,g,a
8114,f,d,u
8115,f,p,u
8116,f,l,a
8117,f,g,u
8118,f,h,a
8119,f,d,a
8120,f,d,a
8121,f,d,u
8122,f,d,u
8123,f,h,u
8124,f,d,u
8125,f,g,a
8126,f,d,u
8127,f,m,u
8128,t,d,s
8129,f,d,u
8130,f,g,u
8131,f,d,a
8132,t,d,a
8133,f,d,a
8134,f,d,u
8135,f,g,u
8136,t,d,a
8137,f,d,a
8138,f,d,u
8139,f,l,w
8140,f,d,a
8141,t,g,u
8142,t,w,u
8143,f,d,a
8144,f,l,u
8145,f,g,s
8146,t,h,u
8147,f,h,u
8148,f,d,a
8149,f,d,a
8150,f,d,u
8151,f,d,a
8152,f,d,a
8153,f,d,u
8154,f,l,a
8155,f,l,w
8156,f,d,a
8157,f,h,a
8158,f,d,a
8159,f,d,a
8160,t,m,a
8161,f,d,a
8162,t,d,a
8163,f,d,u
8164,f,d,w
8165,f,d,u
8166,t,d,u
8167,f,d,a
8168,f,d,u
8169,f,d,s
8170,f,d,u
8171,f,d,a
8172,f,d,a
8173,f,m,a
8174,f,d,a
8175,f,d,a
8176,f,d,a
8177,t,w,a
8178,f,d,a
8179,f,d,a
8180,f,l,w
8181,f,l,a
8182,f,g,a
8183,f,d,a
8184,t,d,a
8185,t,d,w
8186,f,d,u
8187,f,g,a
8188,t,g,u
8189,f,d,a
8190,f,d,a
8191,f,l,u
8192,f,h,a
8193,f,d,u
8194,t,m,u
8195,f,d,a
8196,t,d,a
8197,f,d,a
8198,t,d,u
8199,f,d,a
8200,f,d,u
8201,f,d,w
8202,t,d,u
8203,f,d,u
8204,f,d,u
8205,t,d,w
8206,t,m,a
8207,f,d,a
8208,f,d,u
8209,f,h,a
8210,f,d,a
8211,f,d,a
8212,f,g,a
8213,f,d,a
8214,f,d,u
8215,f,d,w
8216,f,d,a
8217,f,g,a
8218,t,d,u
8219,f,d,a
8220,f,d,a
8221,t,d,u
8222,f,d,a
8223,f,g,u
8224,f,g,a
8225,t,u,w
8226,f,d,u
8227,f,g,a
8228,f,g,a
8229,f,d,a
8230,f,d,a
8231,f,d,u
8232,t,u,w
8233,t,d,s
8234,f,m,a
8235,f,d,u
8236,f,d,a
8237,f,g,a
8238,t,d,u
8239,t,d,u
8240,f,d,u
8241,f,d,u
8242,f,d,a
8243,f,p,u
8244,t,d,u
8245,f,d,s
8246,f,l,a
8247,f,g,a
8248,t,d,a
8249,f,d,a
8250,f,d,a
8251,f,d,a
8252,f,d,u
8253,f,h,a
8254,f,d,s
8255,f,l,u
8256,f,l,a
8257,f,m,a
8258,f,d,w
8259,f,d,a
8260,f,h,a
8261,f,d,a
8262,f,d,u
8263,t,g,a
8264,f,d,a
8265,t,d,u
8266,t,d,a
8267,f,h,a
8268,t,g,u
8269,f,d,u
8270,f,l,a
8271,f,d,u
8272,f,d,u
8273,t,u,u
8274,f,d,a
8275,f,d,a
8276,f,d,a
8277,t,m,u
8278,t,d,a
8279,f,g,a
8280,f,g,u
8281,t,d,u
8282,f,d,u
8283,f,l,u
8284,f,d,a
8285,t,m,u
8286,f,d,a
8287,f,d,a
8288,t,m,s
8289,f,d,a
8290,f,d,a
8291,f,d,w
8292,f,d,u
8293,f,d,u
8294,f,d,a
8295,f,d,u
8296,f,d,a
8297,f,l,a
8298,f,d,a
8299,f,d,u
8300,f,d,a
8301,f,g,u
8302,t,g,u
8303,f,d,w
8304,f,l,a
8305,f,d,a
8306,f,d,u
8307,f,d,u
8308,t,d,s
8309,t,d,s
8310,f,h,a
8311,t,m,u
8312,t,d,w
8313,f,d,a
8314,t,d,u
8315,f,d,a
8316,t,d,a
8317,f,g,u
8318,f,d,a
8319,f,l,w
8320,f,d,w
8321,f,d,s
8322,f,d,a
8323,f,d,w
8324,f,d,a
8325,f,d,w
8326,f,g,a
8327,f,g,u
8328,f,m,u
8329,f,g,u
8330,h,m,a
8331,f,d,a
8332,f,h,u
8333,f,d,a
8334,f,l,a
8335,f,g,u
8336,f,d,a
8337,f,d,w
8338,f,g,a
8339,f,d,s
8340,f,g,u
8341,f,l,u
8342,t,m,u
8343,f,d,a
8344,f,d,a
8345,f,d,a
8346,f,d,w
8347,t,d,a
8348,f,d,s
8349,f,d,s
8350,f,l,a
8351,t,d,w
8352,f,h,u
8353,f,g,u
8354,f,d,u
8355,t,d,a
8356,f,d,w
8357,t,d,u
8358,f,d,a
8359,t,l,a
8360,f,d,u
8361,f,d,w
8362,f,h,a
8363,f,d,u
8364,f,d,u
8365,f,g,w
8366,f,d,a
8367,t,d,u
8368,f,m,u
8369,t,d,u
8370,t,d,a
8371,f,d,u
8372,f,d,a
8373,f,m,s
8374,f,d,u
8375,t,d,a
8376,t,d,a
8377,f,d,a
8378,t,d,u
8379,f,h,u
8380,f,d,a
8381,f,d,a
8382,f,d,a
8383,f,d,a
8384,f,d,u
8385,f,d,a
8386,t,d,a
8387,f,d,u
8388,f,d,a
8389,f,d,u
8390,f,d,u
8391,t,d,a
8392,f,p,a
8393,t,d,w
8394,t,d,u
8395,f,d,a
8396,f,d,a
8397,t,d,a
8398,f,d,a
8399,f,g,a
8400,f,d,w
8401,f,d,a
8402,f,d,u
8403,f,d,u
8404,f,l,a
8405,f,d,s
8406,f,d,a
8407,f,d,a
8408,f,d,w
8409,f,d,a
8410,f,d,a
8411,f,d,a
8412,t,d,u
8413,f,d,u
8414,f,d,a
8415,f,d,a
8416,f,d,w
8417,f,m,a
8418,f,d,w
8419,f,d,w
8420,f,d,w
8421,f,g,a
8422,t,d,a
8423,f,h,a
8424,t,d,a
8425,t,d,a
8426,f,g,u
8427,f,l,u
8428,f,d,a
8429,f,d,a
8430,f,d,a
8431,f,d,u
8432,t,d,u
8433,f,d,u
8434,f,d,a
8435,t,d,u
8436,f,d,w
8437,t,d,u
8438,f,d,u
8439,t,m,u
8440,f,d,a
8441,f,d,u
8442,f,d,u
8443,t,d,s
8444,f,d,u
8445,f,h,u
8446,f,d,a
8447,f,d,u
8448,f,d,u
8449,f,g,u
8450,t,g,a
8451,f,d,a
8452,f,d,a
8453,f,g,w
8454,t,d,a
8455,f,d,u
8456,f,d,w
8457,f,d,a
8458,f,d,a
8459,f,d,w
8460,f,l,a
8461,f,d,a
8462,f,l,w
8463,f,d,a
8464,f,g,u
8465,t,g,w
8466,f,d,a
8467,f,d,u
8468,f,d,a
8469,f,l,w
8470,t,d,a
8471,f,d,a
8472,f,g,a
8473,t,g,a
8474,f,g,a
8475,f,d,w
8476,f,d,u
8477,f,m,a
8478,f,d,u
8479,t,g,a
8480,f,d,a
8481,t,d,a
8482,f,l,u
8483,f,d,a
8484,t,d,a
8485,f,d,a
8486,f,d,u
8487,f,g,u
8488,f,d,a
8489,f,l,u
8490,t,d,a
8491,t,d,a
8492,f,d,a
8493,f,d,u
8494,f,d,a
8495,f,d,a
8496,f,d,u
8497,f,g,u
8498,f,d,a
8499,t,d,u
8500,t,g,s
8501,t,d,a
8502,t,d,a
8503,f,d,u
8504,t,g,a
8505,f,d,a
8506,f,d,u
8507,f,d,w
8508,f,d,a
8509,f,d,a
8510,f,d,a
8511,f,d,a
8512,t,g,w
8513,f,d,u
8514,f,g,u
8515,f,d,u
8516,f,l,a
8517,f,l,u
8518,f,d,a
8519,f,d,s
8520,f,d,u
8521,f,d,u
8522,t,d,a
8523,f,m,u
8524,f,g,a
8525,t,d,u
8526,t,d,a
8527,f,d,s
8528,f,d,u
8529,t,d,a
8530,t,d,u
8531,f,d,s
8532,f,d,u
8533,f,g,a
8534,f,d,s
8535,t,d,a
8536,f,d,a
8537,f,d,a
8538,t,m,a
8539,f,d,a
8540,f,d,a
8541,f,d,u
8542,f,d,w
8543,f,g,u
8544,f,d,a
8545,t,m,a
8546,f,l,u
8547,f,g,u
8548,f,d,u
8549,t,g,a
8550,f,d,u
8551,f,d,a
8552,t,g,s
8553,f,d,w
8554,f,d,u
8555,f,d,u
8556,f,d,a
8557,f,d,s
8558,f,g,a
8559,f,m,w
8560,f,d,w
8561,t,h,u
8562,f,d,a
8563,f,d,a
8564,f,h,u
8565,f,d,u
8566,t,d,u
8567,f,d,u
8568,f,g,a
8569,t,d,u
8570,f,d,a
8571,f,d,a
8572,f,l,u
8573,t,d,a
8574,f,g,a
8575,t,d,u
8576,t,d,a
8577,t,d,w
8578,f,d,u
8579,t,g,a
8580,f,d,a
8581,t,d,a
8582,t,d,u
8583,f,d,a
8584,f,g,u
8585,t,d,a
8586,f,d,u
8587,t,d,u
8588,t,d,u
8589,f,d,a
8590,t,d,s
8591,t,d,a
8592,t,d,a
8593,f,d,a
8594,f,d,u
8595,t,g,a
8596,f,d,u
8597,f,d,a
8598,f,d,u
8599,t,d,a
8600,t,g,a
8601,f,d,a
8602,t,d,a
8603,f,d,a
8604,f,d,a
8605,f,g,w
8606,f,d,u
8607,f,d,s
8608,f,d,w
8609,t,d,a
8610,f,d,u
8611,f,d,a
8612,f,d,u
8613,f,d,u
8614,f,m,u
8615,f,d,a
8616,f,d,a
8617,f,d,w
8618,f,d,a
8619,f,g,u
8620,f,d,a
8621,f,d,u
8622,t,m,u
8623,f,d,u
8624,f,d,a
8625,f,d,a
8626,t,d,u
8627,f,m,a
8628,t,d,a
8629,f,d,u
8630,f,d,a
8631,f,d,a
8632,t,g,u
8633,f,d,u
8634,t,d,a
8635,t,d,u
8636,f,m,a
8637,f,l,u
8638,t,d,u
8639,f,d,a
8640,f,d,a
8641,f,d,a
8642,f,d,w
8643,f,d,u
8644,t,d,w
8645,f,d,u
8646,f,d,a
8647,f,d,u
8648,f,l,a
8649,f,d,a
8650,f,d,u
8651,f,d,s
8652,f,d,a
8653,t,d,a
8654,f,d,u
8655,t,d,u
8656,t,d,a
8657,t,h,u
8658,f,d,a
8659,f,l,u
8660,f,l,a
8661,f,g,u
8662,f,g,u
8663,f,d,a
8664,t,d,u
8665,f,l,w
8666,t,d,a
8667,f,g,a
8668,f,d,u
8669,f,d,a
8670,f,d,a
8671,f,d,u
8672,f,d,w
8673,f,d,a
8674,f,d,a
8675,f,d,a
8676,f,h,a
8677,f,d,a
8678,f,d,a
8679,f,d,u
8680,t,g,a
8681,f,d,a
8682,f,d,a
8683,f,d,a
8684,t,d,u
8685,f,g,a
8686,f,g,u
8687,f,d,a
8688,f,d,a
8689,f,d,u
8690,f,d,u
8691,f,d,a
8692,f,d,a
8693,f,d,a
8694,f,d,u
8695,f,d,a
8696,f,d,u
8697,f,d,a
8698,f,d,w
8699,f,d,u
8700,t,d,u
8701,f,d,a
8702,f,d,s
8703,t,d,u
8704,t,g,u
8705,t,d,w
8706,t,g,a
8707,f,d,a
8708,f,d,a
8709,t,h,a
8710,f,l,a
8711,f,d,u
8712,t,d,a
8713,f,d,a
8714,t,d,u
8715,f,d,s
8716,f,d,a
8717,f,d,w
8718,t,m,a
8719,t,d,u
8720,f,d,a
8721,f,d,a
8722,f,g,a
8723,f,d,a
8724,f,d,a
8725,f,d,a
8726,f,g,u
8727,f,d,a
8728,f,d,a
8729,f,d,s
8730,f,d,a
8731,f,d,u
8732,f,d,a
8733,f,d,a
8734,f,d,u
8735,f,d,u
8736,t,d,s
8737,t,d,u
8738,f,d,a
8739,f,d,w
8740,f,h,a
8741,t,d,w
8742,f,l,w
8743,f,d,u
8744,f,d,u
8745,f,p,u
8746,t,d,u
8747,f,d,a
8748,f,d,u
8749,f,d,a
8750,f,l,w
8751,t,h,a
8752,f,g,a
8753,f,d,u
8754,f,d,u
8755,f,d,a
8756,f,d,a
8757,f,d,a
8758,t,d,a
8759,f,d,a
8760,t,d,s
8761,f,d,u
8762,t,d,a
8763,f,d,u
8764,f,m,u
8765,f,d,a
8766,t,d,w
8767,t,d,a
8768,f,d,u
8769,t,d,u
8770,t,d,a
8771,f,d,a
8772,f,h,a
8773,f,d,s
8774,f,d,a
8775,t,d,u
8776,f,d,a
8777,f,h,u
8778,f,d,a
8779,f,d,a
8780,f,d,a
8781,t,d,u
8782,f,d,u
8783,t,g,u
8784,f,g,u
8785,f,l,u
8786,f,l,a
8787,t,m,u
8788,f,d,a
8789,t,d,u
8790,t,d,a
8791,t,d,u
8792,f,l,a
8793,t,d,a
8794,f,d,s
8795,f,d,u
8796,f,g,u
8797,f,g,u
8798,f,d,w
8799,f,l,u
8800,f,d,a
8801,f,d,u
8802,f,g,u
8803,f,l,a
8804,f,d,u
8805,f,g,a
8806,f,d,a
8807,f,d,a
8808,f,d,a
8809,f,d,w
8810,f,d,a
8811,t,l,a
8812,f,d,a
8813,f,d,u
8814,f,d,a
8815,f,d,a
8816,t,d,w
8817,f,h,u
8818,t,d,w
8819,f,d,a
8820,t,d,a
8821,t,d,u
8822,f,d,a
8823,f,d,u
8824,f,d,a
8825,f,d,u
8826,t,d,a
8827,f,d,u
8828,f,d,a
8829,f,d,a
8830,f,h,u
8831,f,d,a
8832,f,l,u
8833,f,h,u
8834,t,d,u
8835,f,d,u
8836,t,d,a
8837,f,g,u
8838,f,d,a
8839,f,d,a
8840,f,d,w
8841,f,d,a
8842,t,d,u
8843,t,d,a
8844,f,g,a
8845,f,d,a
8846,f,g,a
8847,t,d,u
8848,t,d,u
8849,f,d,a
8850,f,d,a
8851,t,d,u
8852,f,d,u
8853,f,d,a
8854,t,d,a
8855,f,d,a
8856,t,d,a
8857,f,l,u
8858,f,d,a
8859,f,g,a
8860,f,p,a
8861,f,d,u
8862,f,m,a
8863,f,d,u
8864,f,d,a
8865,f,d,a
8866,f,g,a
8867,t,g,a
8868,f,d,w
8869,f,d,u
8870,f,d,a
8871,f,h,u
8872,t,m,u
8873,t,d,u
8874,t,d,a
8875,f,d,a
8876,t,d,u
8877,f,d,u
8878,f,d,a
8879,t,d,w
8880,f,d,a
8881,t,d,u
8882,t,d,u
8883,f,g,w
8884,f,d,a
8885,f,l,s
8886,f,d,w
8887,t,d,u
8888,t,d,a
8889,f,d,a
8890,f,d,a
8891,f,m,w
8892,f,d,a
8893,f,d,a
8894,f,d,w
8895,t,d,u
8896,t,d,a
8897,t,d,a
8898,t,d,u
8899,f,d,u
8900,f,g,u
8901,f,d,u
8902,f,m,w
8903,t,m,u
8904,f,m,u
8905,f,g,a
8906,t,d,u
8907,f,h,a
8908,f,d,a
8909,f,l,w
8910,f,d,a
8911,t,p,a
8912,f,d,a
8913,t,d,w
8914,t,d,a
8915,f,d,u
8916,f,d,a
8917,f,l,w
8918,f,d,u
8919,f,d,a
8920,f,d,u
8921,f,h,a
8922,f,d,u
8923,f,d,u
8924,f,l,u
8925,f,g,a
8926,f,d,w
8927,f,l,u
8928,f,d,w
8929,f,d,u
8930,f,d,w
8931,f,d,u
8932,t,d,a
8933,f,d,u
8934,f,h,u
8935,f,d,w
8936,f,d,u
8937,f,d,a
8938,f,d,a
8939,f,d,u
8940,f,d,w
8941,f,d,u
8942,f,d,a
8943,f,d,a
8944,t,g,u
8945,f,d,u
8946,f,d,a
8947,f,l,a
8948,f,l,u
8949,f,g,u
8950,f,d,u
8951,f,d,a
8952,t,d,a
8953,f,h,a
8954,f,l,w
8955,f,d,u
8956,f,h,a
8957,f,g,u
8958,f,d,u
8959,f,d,u
8960,f,h,u
8961,f,h,a
8962,f,d,u
8963,f,g,a
8964,t,d,u
8965,f,d,u
8966,f,d,a
8967,t,d,a
8968,f,d,w
8969,f,d,u
8970,f,g,u
8971,f,d,u
8972,f,d,a
8973,f,d,a
8974,f,d,a
8975,f,d,u
8976,t,d,w
8977,t,g,w
8978,t,d,a
8979,f,d,a
8980,f,d,a
8981,f,d,u
8982,f,d,w
8983,f,d,u
8984,f,l,u
8985,t,m,a
8986,f,g,u
8987,f,d,u
8988,f,d,a
8989,f,d,a
8990,t,d,u
8991,f,g,u
8992,f,h,a
8993,f,d,w
8994,f,d,u
8995,f,d,a
8996,t,d,a
8997,f,g,u
8998,f,d,u
8999,f,l,a
9000,t,d,a
9001,f,g,a
9002,f,d,w
9003,f,d,s
9004,f,d,a
9005,f,d,u
9006,f,d,s
9007,f,d,a
9008,t,h,a
9009,t,d,a
9010,t,g,u
9011,f,d,u
9012,f,d,a
9013,f,d,a
9014,f,d,u
9015,f,d,a
9016,f,d,a
9017,f,d,a
9018,f,h,a
9019,f,d,w
9020,f,g,u
9021,f,d,u
9022,t,w,a
9023,f,d,a
9024,f,d,a
9025,f,h,a
9026,f,d,w
9027,t,g,u
9028,f,g,a
9029,f,g,u
9030,t,g,w
9031,f,d,u
9032,f,h,a
9033,f,d,a
9034,f,d,a
9035,f,d,s
9036,t,h,u
9037,f,d,s
9038,f,l,a
9039,f,d,a
9040,f,d,a
9041,t,d,w
9042,f,d,u
9043,f,d,a
9044,f,d,a
9045,t,d,w
9046,f,l,w
9047,f,d,u
9048,t,d,a
9049,f,d,u
9050,f,d,a
9051,f,d,u
9052,f,d,a
9053,f,g,a
9054,f,d,u
9055,f,d,u
9056,f,d,a
9057,f,d,u
9058,f,d,a
9059,f,d,u
9060,t,d,a
9061,f,d,w
9062,f,d,a
9063,f,d,a
9064,f,d,u
9065,f,d,u
9066,f,d,a
9067,f,d,w
9068,t,m,u
9069,f,d,a
9070,f,d,a
9071,f,d,w
9072,f,g,u
9073,f,d,u
9074,t,d,s
9075,f,d,a
9076,t,d,a
9077,t,m,a
9078,f,d,a
9079,f,h,a
9080,f,d,u
9081,f,d,a
9082,t,d,u
9083,f,d,a
9084,f,d,u
9085,f,d,u
9086,t,m,a
9087,t,d,a
9088,f,l,a
9089,f,l,a
9090,f,d,a
9091,f,d,a
9092,t,d,a
9093,f,d,a
9094,f,d,a
9095,f,m,a
9096,f,d,a
9097,t,w,u
9098,f,d,a
9099,t,d,u
9100,f,d,s
9101,f,d,u
9102,f,l,u
9103,f,d,a
9104,f,d,w
9105,t,d,u
9106,f,d,u
9107,f,d,w
9108,f,g,u
9109,f,d,u
9110,f,d,u
9111,f,d,s
9112,f,l,a
9113,t,d,w
9114,f,d,u
9115,f,d,a
9116,f,d,a
9117,f,d,u
9118,f,l,a
9119,f,l,a
9120,f,d,w
9121,f,d,a
9122,t,d,a
9123,f,d,a
9124,f,d,u
9125,f,g,a
9126,f,g,a
9127,f,h,a
9128,f,d,a
9129,f,d,a
9130,t,d,a
9131,f,d,a
9132,f,d,u
9133,f,g,u
9134,f,d,a
9135,t,d,u
9136,f,d,u
9137,f,d,u
9138,f,d,a
9139,f,d,u
9140,f,d,w
9141,f,d,u
9142,f,d,a
9143,f,d,a
9144,f,m,u
9145,f,l,w
9146,f,d,a
9147,f,h,u
9148,f,d,w
9149,f,d,u
9150,f,m,a
9151,f,d,w
9152,f,g,u
9153,f,d,s
9154,f,d,u
9155,f,d,u
9156,f,d,u
9157,t,d,u
9158,f,d,a
9159,f,d,w
9160,f,d,a
9161,f,g,a
9162,f,m,a
9163,f,d,u
9164,f,l,a
9165,f,d,s
9166,f,g,a
9167,f,d,u
9168,f,d,u
9169,f,d,s
9170,f,d,u
9171,t,d,w
9172,f,d,a
9173,f,d,a
9174,f,l,s
9175,f,d,a
9176,f,d,u
9177,f,d,u
9178,f,g,u
9179,f,d,a
9180,f,d,w
9181,f,d,u
9182,f,h,u
9183,t,d,a
9184,t,m,u
9185,f,d,u
9186,f,d,u
9187,f,l,u
9188,f,d,w
9189,f,d,a
9190,f,d,w
9191,f,d,u
9192,f,d,a
9193,f,l,u
9194,f,d,u
9195,f,d,a
9196,f,d,u
9197,f,d,a
9198,f,d,u
9199,f,g,a
9200,t,d,u
9201,t,g,a
9202,t,d,a
9203,f,l,a
9204,f,d,u
9205,f,d,a
9206,f,l,s
9207,f,d,a
9208,t,d,a
9209,f,d,u
9210,f,d,a
9211,f,d,s
9212,f,m,w
9213,t,d,a
9214,f,d,w
9215,f,l,w
9216,t,g,a
9217,f,d,w
9218,f,d,a
9219,f,d,w
9220,f,d,u
9221,f,d,a
9222,f,d,a
9223,f,d,w
9224,f,d,a
9225,f,g,u
9226,f,d,a
9227,t,d,w
9228,f,d,a
9229,f,d,a
9230,t,d,w
9231,f,d,a
9232,f,d,a
9233,f,d,w
9234,f,d,u
9235,f,d,a
9236,f,d,s
9237,f,d,u
9238,t,d,w
9239,t,d,u
9240,f,l,u
9241,f,d,u
9242,f,d,u
9243,f,g,u
9244,f,d,a
9245,f,d,u
9246,t,d,w
9247,f,l,s
9248,f,d,a
9249,t,d,u
9250,f,g,a
9251,f,d,a
9252,f,d,a
9253,f,d,a
9254,f,d,a
9255,f,d,u
9256,f,g,w
9257,f,d,u
9258,f,d,u
9259,f,d,a
9260,f,d,u
9261,f,d,a
9262,f,d,a
9263,f,d,a
9264,f,d,u
9265,f,d,a
9266,f,d,u
9267,f,d,a
9268,f,d,s
9269,f,d,a
9270,t,d,w
9271,t,d,a
9272,t,g,a
9273,f,d,u
9274,f,d,a
9275,t,g,a
9276,t,g,u
9277,f,m,w
9278,t,m,u
9279,f,d,s
9280,t,d,u
9281,f,d,a
9282,f,d,u
9283,f,d,a
9284,t,g,w
9285,t,d,s
9286,f,h,a
9287,f,h,u
9288,f,d,s
9289,f,d,a
9290,f,d,u
9291,f,h,s
9292,f,d,u
9293,f,d,a
9294,t,g,u
9295,f,h,a
9296,t,g,a
9297,t,d,a
9298,f,g,u
9299,t,d,a
9300,f,d,u
9301,f,d,u
9302,f,d,u
9303,f,d,a
9304,f,g,u
9305,f,d,a
9306,f,d,a
9307,f,d,u
9308,f,d,u
9309,f,g,w
9310,f,d,a
9311,f,h,u
9312,t,d,w
9313,f,m,s
9314,f,d,a
9315,f,l,a
9316,f,g,a
9317,f,d,a
9318,f,h,a
9319,f,d,a
9320,t,d,u
9321,f,m,u
9322,t,l,u
9323,f,d,a
9324,f,g,a
9325,f,h,a
9326,f,d,u
9327,f,d,w
9328,f,d,u
9329,f,d,a
9330,f,g,u
9331,f,d,a
9332,f,d,a
9333,t,d,s
9334,t,d,a
9335,f,d,a
9336,t,d,a
9337,f,l,u
9338,f,d,w
9339,f,d,a
9340,f,d,a
9341,f,d,a
9342,f,d,a
9343,f,d,a
9344,f,g,a
9345,t,m,a
9346,f,d,a
9347,t,d,u
9348,f,d,a
9349,t,d,u
9350,f,d,u
9351,f,d,a
9352,f,d,u
9353,f,l,a
9354,f,g,u
9355,f,d,w
9356,t,d,u
9357,f,d,a
9358,f,g,a
9359,f,d,w
9360,f,g,u
9361,f,d,a
9362,t,d,a
9363,f,l,u
9364,f,d,a
9365,f,l,u
9366,t,d,a
9367,t,m,u
9368,f,d,u
9369,t,d,u
9370,f,d,u
9371,t,w,u
9372,f,d,a
9373,t,d,a
9374,t,g,u
9375,f,d,w
9376,f,d,u
9377,f,d,u
9378,t,d,a
9379,f,d,u
9380,f,d,a
9381,f,d,u
9382,f,d,a
9383,f,d,w
9384,f,h,u
9385,f,d,u
9386,t,d,a
9387,t,g,a
9388,f,m,u
9389,f,g,a
9390,f,d,a
9391,f,g,a
9392,f,d,u
9393,t,d,a
9394,f,d,u
9395,t,m,u
9396,t,m,s
9397,t,d,a
9398,f,d,a
9399,f,h,a
9400,f,d,s
9401,f,m,a
9402,f,d,a
9403,f,m,a
9404,f,d,u
9405,f,d,u
9406,f,d,s
9407,f,g,s
9408,f,d,a
9409,t,g,a
9410,f,d,u
9411,f,d,w
9412,f,d,u
9413,t,d,a
9414,f,d,u
9415,f,g,u
9416,f,d,u
9417,t,d,u
9418,f,d,a
9419,f,d,u
9420,f,l,a
9421,t,g,w
9422,f,g,a
9423,f,d,a
9424,f,d,s
9425,f,d,w
9426,t,g,a
9427,f,d,u
9428,f,d,u
9429,f,d,a
9430,f,h,u
9431,f,l,a
9432,f,d,u
9433,f,m,a
9434,t,m,u
9435,f,g,u
9436,f,h,a
9437,f,h,a
9438,f,d,u
9439,f,d,u
9440,f,d,w
9441,t,d,a
9442,f,d,a
9443,t,d,u
9444,f,g,a
9445,f,h,a
9446,f,d,a
9447,t,d,u
9448,f,g,a
9449,f,d,s
9450,f,d,u
9451,f,g,a
9452,f,d,u
9453,f,l,w
9454,f,d,u
9455,f,d,a
9456,f,d,a
9457,f,m,u
9458,f,d,w
9459,f,d,a
9460,f,d,a
9461,f,d,a
9462,f,g,a
9463,f,d,u
9464,f,d,u
9465,f,d,u
9466,f,d,u
9467,t,d,w
9468,f,g,u
9469,t,d,a
9470,t,d,a
9471,f,g,u
9472,f,d,a
9473,t,d,u
9474,f,l,u
9475,f,d,w
9476,f,d,w
9477,f,h,a
9478,f,d,u
9479,f,d,u
9480,t,d,a
9481,t,d,w
9482,f,g,a
9483,f,d,u
9484,f,d,a
9485,f,d,a
9486,f,d,u
9487,f,d,a
9488,t,d,a
9489,f,d,w
9490,f,d,a
9491,f,g,u
9492,t,g,a
9493,f,d,a
9494,t,d,a
9495,t,d,u
9496,f,g,w
9497,f,d,a
9498,f,d,w
9499,t,g,u
9500,f,d,s
9501,f,g,a
9502,f,d,a
9503,f,d,u
9504,f,h,u
9505,t,d,a
9506,t,m,u
9507,f,d,u
9508,f,d,u
9509,f,d,a
9510,t,g,u
9511,f,w,w
9512,f,l,u
9513,f,d,a
9514,f,d,u
9515,t,d,a
9516,t,d,u
9517,f,d,a
9518,f,l,a
9519,f,d,a
9520,f,d,a
9521,f,d,a
9522,f,d,a
9523,f,d,a
9524,t,g,a
9525,f,d,u
9526,t,g,a
9527,t,d,w
9528,f,d,u
9529,f,d,a
9530,t,m,a
9531,f,g,a
9532,f,d,u
9533,f,d,a
9534,f,d,u
9535,f,d,a
9536,f,g,a
9537,f,d,w
9538,f,d,a
9539,f,d,a
9540,f,d,a
9541,f,l,u
9542,f,d,a
9543,t,d,a
9544,f,d,a
9545,f,l,s
9546,f,d,a
9547,f,d,u
9548,f,d,a
9549,f,h,u
9550,t,m,u
9551,f,m,u
9552,t,d,a
9553,f,l,a
9554,f,d,u
9555,f,m,u
9556,f,d,a
9557,f,d,a
9558,t,h,u
9559,f,d,a
9560,f,l,a
9561,f,d,a
9562,f,l,u
9563,f,g,s
9564,f,d,s
9565,t,d,s
9566,f,g,a
9567,t,w,u
9568,t,g,a
9569,f,d,a
9570,f,d,a
9571,f,d,a
9572,f,d,s
9573,t,d,u
9574,f,g,u
9575,t,d,u
9576,f,d,a
9577,f,d,a
9578,f,d,u
9579,f,d,a
9580,f,d,u
9581,f,m,a
9582,f,d,a
9583,f,g,a
9584,f,d,a
9585,f,d,a
9586,f,g,a
9587,f,d,w
9588,f,d,w
9589,f,l,a
9590,f,d,a
9591,f,d,a
9592,f,d,a
9593,t,d,a
9594,f,d,a
9595,f,d,u
9596,t,g,u
9597,t,d,a
9598,f,l,a
9599,f,d,a
9600,f,h,a
9601,t,d,u
9602,t,h,u
9603,t,d,u
9604,f,d,u
9605,f,g,u
9606,f,d,a
9607,f,d,u
9608,f,d,a
9609,f,h,u
9610,f,d,u
9611,f,l,s
9612,t,d,a
9613,f,g,u
9614,f,l,a
9615,f,d,u
9616,f,d,a
9617,f,d,u
9618,f,d,u
9619,f,l,w
9620,f,d,a
9621,t,m,u
9622,f,d,a
9623,f,g,u
9624,f,d,u
9625,f,d,a
9626,f,d,w
9627,f,d,u
9628,f,d,a
9629,f,d,u
9630,t,d,w
9631,f,d,a
9632,t,d,u
9633,f,d,u
9634,f,d,a
9635,t,d,u
9636,t,d,u
9637,t,d,w
9638,f,d,a
9639,f,d,a
9640,f,d,w
9641,f,d,a
9642,f,g,a
9643,f,g,a
9644,f,d,a
9645,f,g,u
9646,f,d,u
9647,f,l,a
9648,t,d,a
9649,f,d,a
9650,t,d,u
9651,f,h,a
9652,t,d,w
9653,t,d,a
9654,t,d,a
9655,f,g,a
9656,f,d,a
9657,t,d,u
9658,t,d,u
9659,f,d,u
9660,f,d,a
9661,f,d,u
9662,t,d,a
9663,f,g,a
9664,t,g,a
9665,f,g,a
9666,t,d,u
9667,f,g,a
9668,f,g,a
9669,f,d,a
9670,f,d,u
9671,f,d,a
9672,f,d,a
9673,t,d,a
9674,t,d,a
9675,t,m,s
9676,t,d,u
9677,f,h,u
9678,f,g,a
9679,t,d,a
9680,f,g,u
9681,f,m,u
9682,f,d,a
9683,f,d,u
9684,f,d,a
9685,f,d,a
9686,t,d,s
9687,t,w,a
9688,f,d,a
9689,f,d,u
9690,f,d,a
9691,f,d,a
9692,t,d,u
9693,f,d,u
9694,f,d,u
9695,f,d,a
9696,f,d,u
9697,f,l,a
9698,f,d,u
9699,f,h,u
9700,t,d,u
9701,t,h,a
9702,t,d,a
9703,f,d,u
9704,f,d,u
9705,t,d,a
9706,f,d,a
9707,f,d,a
9708,f,h,u
9709,f,d,a
9710,f,d,a
9711,f,d,u
9712,f,d,a
9713,f,g,u
9714,f,d,a
9715,f,h,u
9716,t,d,a
9717,f,d,u
9718,f,d,a
9719,f,d,u
9720,f,d,a
9721,t,d,u
9722,f,d,a
9723,f,g,u
9724,f,g,u
9725,f,d,a
9726,f,d,a
9727,t,d,a
9728,f,d,a
9729,f,d,a
9730,t,g,a
9731,f,d,a
9732,f,l,w
9733,f,d,a
9734,f,m,a
9735,f,g,u
9736,t,w,a
9737,f,d,u
9738,t,d,a
9739,f,h,a
9740,f,g,a
9741,f,d,u
9742,f,d,a
9743,f,d,a
9744,f,d,a
9745,f,d,u
9746,f,d,s
9747,f,d,w
9748,f,m,u
9749,t,d,a
9750,f,d,a
9751,t,d,u
9752,t,d,u
9753,f,d,a
9754,f,d,u
9755,t,d,a
9756,f,g,a
9757,f,l,a
9758,f,l,s
9759,t,m,u
9760,f,d,a
9761,f,d,a
9762,t,m,u
9763,f,d,u
9764,f,d,s
9765,f,d,u
9766,f,m,u
9767,f,g,u
9768,t,g,w
9769,f,d,a
9770,t,g,w
9771,f,d,a
9772,f,d,a
9773,f,d,u
9774,t,d,w
9775,f,d,u
9776,f,d,a
9777,f,d,a
9778,f,d,u
9779,t,d,a
9780,t,d,a
9781,f,g,u
9782,f,d,w
9783,f,l,a
9784,t,m,u
9785,f,d,a
9786,f,d,u
9787,t,m,u
9788,t,m,u
9789,f,d,u
9790,f,h,u
9791,f,d,a
9792,f,d,u
9793,f,d,u
9794,f,d,u
9795,f,d,u
9796,f,d,a
9797,f,d,u
9798,t,d,w
9799,f,g,u
9800,f,g,u
9801,t,d,a
9802,f,d,a
9803,f,g,u
9804,f,d,a
9805,t,h,u
9806,t,d,a
9807,f,d,a
9808,f,d,u
9809,f,h,u
9810,f,d,u
9811,f,d,a
9812,f,d,a
9813,f,d,u
9814,f,g,u
9815,t,g,u
9816,f,d,a
9817,f,g,a
9818,f,d,u
9819,t,d,u
9820,t,d,w
9821,f,h,u
9822,f,d,u
9823,t,d,s
9824,t,l,a
9825,f,d,a
9826,f,d,u
9827,f,d,s
9828,f,d,u
9829,f,d,w
9830,f,d,w
9831,f,g,u
9832,f,m,a
9833,f,h,a
9834,f,d,a
9835,f,m,a
9836,t,d,a
9837,f,d,u
9838,f,m,a
9839,f,d,a
9840,f,d,a
9841,f,d,u
9842,f,d,a
9843,f,d,u
9844,t,g,a
9845,f,d,a
9846,f,m,a
9847,f,d,a
9848,f,d,s
9849,f,d,s
9850,t,m,u
9851,f,l,u
9852,f,d,u
9853,f,d,u
9854,f,g,u
9855,f,g,a
9856,f,d,u
9857,f,l,a
9858,f,d,w
9859,f,g,u
9860,f,d,w
9861,f,d,u
9862,f,d,a
9863,f,g,a
9864,f,l,a
9865,t,g,u
9866,f,d,u
9867,t,d,a
9868,f,d,u
9869,f,d,a
9870,t,d,a
9871,f,d,u
9872,f,m,a
9873,f,l,w
9874,t,m,s
9875,f,d,w
9876,f,d,a
9877,f,d,a
9878,f,l,a
9879,f,d,a
9880,t,d,a
9881,f,d,a
9882,f,h,u
9883,t,m,u
9884,f,g,a
9885,f,h,u
9886,t,d,w
9887,f,d,u
9888,f,d,w
9889,f,d,a
9890,f,d,u
9891,f,d,w
9892,f,h,u
9893,f,d,u
9894,f,d,w
9895,f,d,a
9896,t,d,a
9897,f,g,a
9898,f,d,w
9899,f,g,u
9900,f,g,u
9901,t,d,u
9902,f,d,a
9903,f,d,u
9904,f,d,u
9905,t,d,u
9906,f,d,u
9907,f,m,u
9908,f,d,u
9909,f,d,a
9910,f,d,a
9911,f,h,a
9912,t,d,w
9913,f,h,u
9914,f,d,a
9915,f,d,a
9916,f,d,w
9917,t,d,u
9918,f,d,a
9919,f,l,a
9920,f,g,a
9921,f,d,a
9922,f,d,a
9923,f,d,a
9924,f,d,a
9925,t,d,a
9926,f,d,a
9927,f,d,w
9928,t,g,u
9929,f,g,w
9930,f,l,u
9931,f,h,a
9932,f,d,a
9933,f,h,a
9934,t,d,a
9935,f,d,u
9936,t,d,u
9937,f,l,w
9938,f,m,a
9939,f,g,u
9940,f,d,a
9941,f,h,a
9942,f,d,a
9943,f,d,a
9944,f,d,a
9945,f,d,a
9946,f,d,a
9947,t,d,a
9948,f,g,a
9949,f,m,u
9950,f,g,a
9951,t,d,u
9952,t,d,w
9953,f,d,a
9954,t,d,a
9955,f,l,a
9956,t,m,u
9957,f,g,w
9958,f,d,a
9959,f,d,w
9960,f,d,a
9961,f,d,u
9962,f,d,a
9963,f,g,w
9964,t,g,a
9965,f,d,u
9966,f,h,a
9967,f,d,u
9968,f,h,a
9969,f,d,a
9970,t,d,u
9971,f,d,s
9972,t,d,s
9973,f,d,a
9974,t,d,a
9975,f,d,w
9976,f,d,u
9977,f,d,u
9978,f,g,w
9979,f,d,s
9980,f,d,u
9981,t,d,a
9982,f,g,w
9983,f,d,u
9984,t,d,w
9985,t,g,a
9986,f,d,a
9987,f,d,s
9988,f,g,a
9989,t,g,u
9990,f,d,a
9991,f,d,u
9992,f,d,u
9993,f,h,a
9994,f,l,a
9995,f,d,a
9996,f,g,u
9997,f,d,u
9998,f,h,a
9999,t,g,a
10000,f,d,a
10001,f,d,a
10002,f,d,w
10003,f,h,a
10004,f,g,u
10005,f,d,a
10006,f,d,u
10007,f,d,a
10008,t,d,a
10009,f,g,a
10010,t,g,a
10011,f,d,u
10012,f,d,u
10013,t,d,s
10014,t,d,a
10015,f,g,u
10016,f,g,a
10017,f,d,w
10018,f,d,u
10019,t,w,a
10020,f,h,u
10021,f,d,u
10022,f,l,w
10023,f,d,a
10024,f,g,a
10025,f,d,w
10026,t,d,u
10027,f,d,u
10028,f,h,u
10029,f,d,a
10030,f,g,s
10031,f,l,a
10032,f,g,u
10033,f,g,a
10034,f,d,a
10035,f,d,a
10036,t,d,u
10037,t,d,a
10038,f,d,a
10039,f,d,w
10040,f,d,u
10041,f,g,a
10042,f,d,a
10043,t,g,s
10044,t,d,a
10045,f,d,a
10046,f,d,u
10047,f,d,u
10048,f,d,u
10049,t,g,u
10050,f,d,u
10051,f,d,a
10052,f,d,a
10053,f,d,a
10054,f,d,a
10055,t,d,a
10056,f,l,a
10057,f,d,u
10058,f,g,u
10059,t,g,u
10060,f,d,u
10061,f,d,u
10062,f,d,a
10063,f,l,a
10064,f,d,a
10065,f,l,u
10066,f,g,u
10067,t,d,u
10068,f,l,u
10069,f,l,u
10070,f,g,u
10071,f,l,a
10072,f,g,u
10073,f,g,a
10074,t,g,a
10075,f,d,a
10076,f,d,a
10077,f,d,a
10078,f,d,a
10079,t,d,a
10080,f,g,a
10081,f,d,u
10082,f,d,s
10083,t,w,a
10084,f,d,a
10085,f,m,a
10086,f,d,u
10087,t,g,a
10088,f,d,u
10089,f,d,u
10090,f,d,a
10091,f,l,a
10092,f,d,a
10093,t,m,u
10094,f,l,a
10095,f,d,a
10096,f,d,u
10097,f,d,u
10098,f,d,u
10099,f,h,a
10100,f,g,u
10101,f,d,a
10102,t,d,u
10103,f,l,a
10104,f,g,a
10105,f,d,u
10106,f,d,u
10107,f,g,u
10108,f,d,u
10109,f,h,u
10110,t,g,u
10111,t,d,u
10112,t,d,a
10113,f,d,a
10114,t,u,a
10115,f,d,a
10116,f,d,a
10117,f,d,u
10118,f,d,u
10119,f,d,w
10120,f,d,s
10121,f,d,w
10122,f,d,u
10123,f,l,a
10124,f,d,a
10125,f,d,a
10126,f,d,u
10127,f,d,u
10128,f,d,a
10129,t,d,u
10130,t,d,u
10131,t,g,a
10132,f,d,u
10133,t,d,u
10134,f,d,a
10135,f,l,a
10136,f,m,s
10137,t,d,w
10138,f,h,u
10139,t,w,a
10140,f,l,u
10141,t,d,w
10142,f,d,a
10143,t,d,a
10144,f,d,u
10145,f,g,u
10146,t,g,u
10147,t,d,a
10148,f,d,a
10149,f,l,u
10150,t,m,a
10151,f,l,u
10152,f,d,a
10153,f,g,a
10154,f,d,a
10155,f,d,a
10156,t,g,a
10157,f,d,u
10158,f,d,u
10159,f,d,u
10160,f,d,a
10161,f,d,u
10162,f,d,a
10163,t,g,u
10164,f,d,a
10165,t,d,a
10166,t,d,u
10167,f,d,s
10168,f,d,u
10169,f,d,a
10170,f,d,a
10171,t,d,w
10172,f,d,s
10173,f,d,u
10174,f,d,a
10175,t,d,u
10176,f,d,u
10177,f,d,u
10178,f,d,a
10179,f,g,u
10180,f,d,a
10181,f,d,a
10182,f,d,a
10183,f,g,u
10184,f,d,u
10185,f,g,a
10186,f,d,u
10187,f,d,a
10188,f,d,a
10189,f,d,a
10190,f,d,a
10191,f,d,u
10192,f,g,w
10193,f,d,u
10194,f,d,a
10195,f,d,u
10196,t,d,a
10197,f,l,u
10198,f,d,u
10199,f,d,u
10200,t,g,s
10201,f,h,u
10202,f,d,a
10203,t,d,a
10204,t,d,u
10205,f,d,u
10206,t,d,u
10207,t,g,u
10208,f,d,a
10209,f,g,u
10210,f,l,a
10211,f,d,a
10212,t,d,a
10213,f,d,a
10214,f,g,u
10215,t,d,u
10216,f,d,w
10217,t,l,a
10218,f,g,u
10219,f,d,w
10220,f,d,u
10221,f,m,a
10222,f,d,u
10223,f,d,a
10224,f,d,w
10225,f,m,w
10226,f,d,a
10227,f,d,w
10228,f,d,u
10229,t,d,u
10230,f,d,a
10231,f,h,u
10232,f,l,a
10233,f,d,u
10234,f,d,w
10235,f,d,a
10236,f,d,u
10237,f,d,u
10238,t,g,s
10239,f,d,a
10240,t,m,u
10241,t,d,a
10242,f,d,a
10243,f,g,a
10244,f,g,u
10245,t,d,u
10246,f,g,u
10247,f,h,a
10248,t,d,a
10249,f,d,w
10250,t,d,u
10251,f,d,u
10252,t,m,a
10253,f,d,s
10254,f,d,a
10255,f,d,a
10256,f,d,a
10257,f,n,a
10258,f,d,u
10259,f,m,a
10260,f,d,w
10261,f,d,u
10262,f,h,u
10263,t,m,w
10264,f,d,a
10265,f,d,a
10266,t,d,a
10267,f,d,w
10268,f,d,u
10269,f,d,u
10270,f,d,s
10271,f,d,a
10272,t,d,a
10273,f,d,a
10274,f,d,w
10275,f,d,a
10276,f,d,s
10277,f,l,a
10278,f,d,a
10279,t,d,a
10280,t,m,s
10281,f,g,a
10282,f,d,a
10283,f,g,a
10284,f,g,a
10285,t,d,a
10286,t,d,u
10287,f,g,u
10288,t,d,u
10289,t,d,u
10290,f,d,u
10291,f,g,u
10292,f,d,u
10293,f,d,u
10294,t,d,u
10295,f,d,u
10296,f,d,a
10297,t,d,a
10298,t,d,a
10299,f,g,a
10300,t,d,a
10301,f,d,u
10302,f,d,w
10303,f,d,a
10304,t,d,a
10305,f,d,u
10306,f,d,u
10307,t,d,a
10308,f,m,a
10309,f,d,u
10310,t,g,u
10311,f,g,u
10312,f,d,u
10313,f,d,w
10314,f,d,u
10315,f,l,u
10316,f,d,w
10317,f,d,a
10318,f,g,u
10319,f,d,a
10320,f,d,a
10321,f,g,a
10322,f,d,a
10323,f,d,u
10324,f,d,a
10325,f,d,w
10326,f,d,a
10327,f,d,u
10328,t,m,a
10329,t,d,u
10330,f,g,a
10331,f,g,u
10332,f,m,u
10333,t,d,w
10334,t,d,a
10335,f,l,a
10336,t,d,u
10337,f,h,a
10338,f,d,a
10339,f,d,u
10340,f,g,u
10341,t,d,a
10342,f,d,w
10343,t,d,u
10344,t,d,a
10345,f,g,a
10346,f,d,a
10347,f,d,u
10348,f,d,u
10349,t,m,w
10350,f,h,u
10351,t,d,a
10352,t,m,u
10353,f,d,a
10354,f,d,a
10355,f,d,u
10356,t,d,u
10357,t,d,a
10358,f,l,a
10359,f,d,w
10360,f,d,a
10361,f,d,a
10362,f,d,a
10363,f,d,s
10364,t,d,u
10365,t,d,w
10366,f,d,w
10367,f,d,u
10368,t,d,s
10369,f,d,u
10370,f,d,u
10371,f,h,a
10372,f,g,a
10373,f,d,u
10374,f,d,u
10375,f,d,a
10376,f,d,u
10377,f,d,a
10378,f,h,a
10379,f,d,a
10380,f,d,a
10381,f,g,u
10382,t,g,u
10383,f,d,w
10384,f,h,a
10385,f,d,a
10386,f,m,u
10387,t,g,a
10388,f,d,u
10389,f,g,u
10390,t,g,a
10391,f,d,a
10392,f,d,s
10393,t,d,a
10394,f,d,a
10395,t,d,u
10396,f,l,u
10397,t,d,a
10398,f,d,a
10399,t,w,a
10400,t,d,u
10401,t,d,a
10402,f,l,u
10403,t,d,a
10404,f,d,a
10405,f,g,a
10406,f,g,u
10407,t,d,a
10408,f,d,a
10409,t,d,a
10410,f,h,u
10411,f,d,u
10412,f,d,a
10413,f,d,a
10414,f,d,u
10415,f,d,u
10416,f,d,u
10417,f,d,w
10418,t,d,a
10419,f,d,u
10420,f,d,a
10421,f,d,a
10422,f,d,w
10423,f,d,u
10424,f,d,a
10425,f,l,a
10426,f,h,a
10427,f,d,s
10428,f,d,a
10429,t,d,u
10430,f,d,a
10431,t,g,u
10432,t,g,a
10433,f,d,a
10434,f,d,a
10435,f,d,a
10436,f,d,s
10437,f,d,a
10438,f,g,u
10439,f,d,a
10440,f,d,u
10441,f,d,a
10442,f,g,a
10443,t,d,u
10444,f,g,u
10445,f,d,a
10446,f,d,u
10447,f,d,a
10448,f,d,w
10449,f,l,u
10450,f,d,u
10451,t,h,a
10452,f,d,a
10453,f,d,a
10454,f,d,a
10455,f,d,u
10456,f,l,a
10457,t,d,u
10458,t,d,u
10459,f,d,a
10460,t,d,u
10461,f,d,a
10462,f,d,w
10463,f,d,u
10464,f,d,a
10465,f,d,w
10466,f,g,a
10467,t,d,u
10468,t,d,a
10469,t,d,a
10470,f,d,a
10471,f,d,a
10472,f,d,u
10473,t,m,a
10474,f,d,s
10475,f,d,a
10476,f,h,u
10477,t,d,a
10478,f,d,a
10479,t,d,a
10480,f,d,u
10481,t,d,u
10482,f,d,s
10483,f,g,u
10484,f,m,s
10485,f,d,u
10486,f,d,u
10487,f,d,u
10488,f,d,w
10489,f,d,u
10490,f,g,u
10491,t,g,s
10492,f,d,u
10493,t,d,w
10494,f,d,a
10495,f,g,u
10496,f,d,a
10497,f,g,u
10498,f,g,u
10499,f,d,a
10500,f,d,a
10501,f,d,u
10502,t,m,u
10503,t,d,a
10504,f,l,u
10505,f,d,a
10506,t,d,a
10507,t,m,a
10508,f,d,a
10509,f,g,a
10510,t,d,u
10511,f,m,w
10512,t,d,u
10513,f,d,u
10514,f,d,a
10515,f,h,u
10516,f,d,a
10517,f,d,s
10518,f,d,w
10519,f,d,u
10520,f,m,a
10521,f,d,a
10522,f,d,w
10523,f,l,u
10524,f,d,u
10525,f,d,a
10526,f,d,a
10527,f,d,a
10528,f,d,u
10529,f,d,a
10530,f,d,a
10531,f,d,u
10532,f,d,a
10533,t,d,a
10534,f,d,u
10535,f,d,u
10536,f,d,a
10537,f,h,u
10538,f,d,u
10539,f,g,a
10540,f,d,u
10541,f,g,a
10542,f,d,a
10543,t,d,s
10544,f,d,a
10545,t,d,u
10546,t,m,u
10547,t,d,a
10548,f,g,a
10549,f,d,a
10550,f,g,u
10551,f,d,a
10552,f,d,a
10553,t,m,a
10554,t,d,w
10555,f,d,a
10556,f,d,u
10557,f,h,a
10558,f,d,a
10559,f,d,a
10560,f,d,a
10561,f,d,u
10562,f,d,a
10563,f,d,a
10564,f,d,u
10565,f,g,a
10566,f,d,a
10567,t,d,a
10568,f,d,a
10569,f,d,u
10570,f,h,a
10571,f,g,a
10572,f,d,a
10573,f,d,u
10574,t,d,w
10575,f,d,u
10576,f,g,a
10577,f,d,s
10578,f,h,a
10579,f,m,u
10580,f,d,a
10581,f,l,a
10582,f,l,u
10583,f,l,u
10584,t,g,w
10585,f,g,a
10586,f,d,a
10587,f,d,a
10588,t,d,w
10589,f,d,u
10590,f,d,u
10591,t,g,a
10592,f,g,u
10593,f,d,a
10594,f,d,a
10595,f,d,a
10596,f,l,u
10597,f,d,w
10598,f,m,w
10599,f,d,w
10600,f,h,u
10601,t,d,a
10602,f,m,u
10603,t,d,u
10604,t,d,a
10605,t,d,s
10606,f,d,a
10607,f,l,u
10608,t,d,a
10609,f,d,u
10610,f,d,a
10611,f,d,a
10612,f,m,u
10613,f,d,a
10614,t,d,u
10615,f,h,a
10616,f,d,a
10617,f,d,u
10618,f,m,w
10619,f,d,a
10620,f,d,a
10621,f,d,a
10622,f,d,u
10623,f,l,a
10624,f,g,a
10625,t,d,w
10626,f,l,a
10627,f,d,a
10628,f,d,u
10629,t,d,a
10630,f,g,u
10631,f,g,u
10632,t,m,u
10633,f,d,a
10634,f,d,s
10635,f,d,a
10636,t,d,a
10637,f,d,a
10638,f,h,a
10639,f,d,a
10640,f,d,a
10641,f,d,a
10642,f,d,a
10643,f,g,a
10644,t,g,a
10645,f,g,a
10646,f,g,a
10647,t,g,w
10648,f,l,a
10649,f,l,u
10650,f,g,a
10651,t,d,a
10652,f,d,u
10653,f,d,a
10654,f,d,a
10655,f,g,a
10656,f,d,s
10657,f,d,a
10658,f,d,w
10659,f,d,s
10660,f,d,u
10661,f,d,w
10662,f,d,a
10663,f,h,a
10664,t,d,a
10665,f,d,a
10666,t,m,a
10667,f,h,u
10668,f,g,a
10669,f,g,u
10670,f,h,u
10671,f,d,a
10672,f,d,a
10673,f,d,a
10674,f,l,a
10675,t,g,u
10676,f,d,w
10677,f,d,u
10678,f,h,a
10679,f,h,a
10680,f,d,a
10681,f,d,u
10682,f,d,u
10683,t,d,a
10684,f,d,a
10685,t,d,a
10686,f,d,a
10687,f,h,u
10688,t,d,u
10689,f,l,a
10690,f,l,u
10691,t,d,a
10692,f,d,u
10693,f,g,a
10694,f,d,a
10695,f,d,a
10696,f,d,a
10697,f,d,a
10698,t,d,u
10699,f,d,u
10700,f,h,a
10701,f,d,a
10702,f,d,a
10703,t,d,u
10704,t,m,a
10705,t,d,a
10706,f,d,u
10707,t,d,a
10708,f,p,u
10709,f,g,u
10710,t,g,w
10711,f,d,a
10712,t,d,u
10713,t,d,a
10714,f,d,u
10715,f,d,u
10716,f,d,a
10717,f,d,u
10718,t,d,u
10719,f,d,a
10720,t,d,u
10721,f,d,u
10722,f,l,a
10723,t,g,a
10724,f,d,u
10725,f,m,a
10726,f,d,u
10727,f,l,u
10728,f,d,s
10729,t,g,a
10730,f,d,a
10731,f,d,w
10732,f,l,u
10733,f,l,u
10734,f,d,u
10735,f,g,s
10736,f,d,a
10737,f,d,a
10738,f,d,w
10739,f,h,u
10740,f,d,a
10741,f,l,a
10742,f,d,u
10743,f,g,a
10744,f,d,u
10745,t,m,a
10746,f,d,u
10747,f,m,a
10748,f,d,a
10749,t,d,u
10750,f,d,u
10751,f,d,a
10752,f,g,w
10753,f,d,a
10754,f,d,u
10755,f,d,a
10756,f,d,u
10757,t,d,w
10758,t,d,u
10759,f,g,w
10760,t,d,u
10761,f,d,u
10762,f,d,a
10763,t,d,a
10764,t,d,u
10765,f,d,a
10766,f,g,u
10767,t,d,u
10768,f,d,u
10769,f,d,u
10770,f,d,u
10771,t,d,u
10772,f,d,a
10773,f,d,w
10774,f,d,a
10775,f,d,a
10776,f,h,u
10777,f,d,u
10778,f,d,u
10779,f,d,a
10780,t,p,u
10781,f,g,a
10782,f,d,a
10783,f,h,a
10784,f,m,a
10785,f,d,a
10786,f,d,s
10787,f,d,a
10788,f,d,w
10789,f,h,a
10790,f,d,a
10791,f,l,a
10792,f,h,a
10793,t,d,u
10794,f,d,a
10795,f,d,u
10796,f,d,a
10797,f,g,u
10798,f,g,u
10799,t,h,u
10800,f,d,u
10801,f,d,a
10802,t,d,u
10803,f,d,a
10804,f,d,u
10805,f,d,u
10806,t,d,w
10807,f,d,a
10808,f,d,w
10809,t,d,a
10810,f,l,u
10811,t,d,u
10812,f,g,a
10813,f,d,u
10814,f,m,a
10815,f,g,u
10816,f,d,a
10817,f,d,a
10818,f,d,a
10819,f,d,a
10820,f,d,u
10821,f,d,w
10822,f,d,a
10823,f,d,u
10824,f,d,a
10825,f,d,u
10826,f,g,u
10827,f,d,w
10828,f,h,a
10829,f,l,a
10830,f,d,w
10831,f,d,u
10832,t,d,u
10833,f,d,a
10834,f,d,a
10835,f,d,a
10836,f,d,u
10837,f,d,u
10838,t,g,a
10839,t,d,w
10840,f,d,a
10841,f,d,u
10842,t,d,a
10843,f,d,u
10844,f,d,s
10845,t,g,u
10846,t,g,a
10847,f,g,a
10848,f,d,u
10849,f,d,w
10850,f,g,a
10851,f,d,u
10852,f,d,a
10853,f,d,a
10854,t,g,a
10855,f,h,a
10856,t,d,u
10857,f,d,a
10858,f,l,w
10859,f,d,w
10860,f,g,a
10861,f,d,a
10862,t,d,u
10863,f,d,a
10864,t,m,a
10865,f,g,a
10866,f,g,a
10867,f,d,u
10868,t,g,a
10869,f,d,w
10870,f,h,u
10871,f,d,a
10872,f,g,a
10873,f,d,a
10874,f,d,s
10875,f,d,a
10876,f,d,u
10877,f,d,u
10878,f,d,a
10879,f,d,a
10880,f,d,a
10881,f,h,u
10882,f,d,a
10883,t,d,w
10884,t,d,s
10885,t,d,w
10886,t,d,u
10887,f,m,a
10888,f,d,a
10889,f,h,a
10890,f,d,u
10891,f,g,s
10892,f,g,u
10893,f,d,s
10894,f,d,u
10895,f,d,u
10896,f,d,a
10897,f,d,u
10898,f,d,a
10899,f,d,a
10900,f,d,w
10901,t,d,a
10902,f,h,u
10903,f,d,a
10904,t,l,a
10905,f,d,u
10906,t,d,u
10907,f,d,u
10908,f,g,u
10909,f,g,u
10910,f,d,u
10911,t,d,a
10912,f,d,a
10913,f,d,s
10914,f,d,a
10915,f,g,a
10916,f,d,a
10917,f,d,u
10918,t,d,w
10919,f,d,a
10920,f,l,u
10921,f,d,u
10922,f,g,u
10923,t,g,u
10924,f,g,w
10925,f,d,u
10926,f,d,w
10927,f,d,u
10928,f,d,a
10929,f,d,a
10930,f,d,a
10931,f,d,w
10932,t,d,w
10933,f,m,u
10934,f,d,a
10935,f,h,a
10936,f,l,a
10937,t,d,a
10938,t,d,a
10939,f,d,u
10940,t,d,u
10941,f,d,a
10942,f,d,s
10943,t,g,a
10944,f,d,a
10945,f,d,a
10946,t,w,a
10947,f,d,u
10948,f,d,u
10949,f,d,s
10950,f,g,w
10951,f,d,a
10952,f,d,a
10953,f,d,u
10954,f,d,u
10955,t,d,a
10956,f,d,u
10957,f,d,a
10958,f,l,w
10959,f,d,u
10960,f,d,u
10961,t,m,a
10962,f,g,a
10963,t,d,a
10964,f,g,a
10965,t,w,u
10966,f,d,u
10967,f,d,u
10968,f,d,a
10969,t,g,a
10970,t,g,s
10971,t,g,u
10972,f,d,a
10973,f,d,u
10974,f,d,a
10975,f,d,u
10976,f,d,a
10977,f,d,a
10978,f,d,u
10979,f,d,u
10980,f,h,a
10981,t,d,u
10982,t,d,u
10983,f,d,a
10984,f,d,u
10985,f,d,u
10986,f,d,a
10987,t,d,a
10988,f,l,u
10989,f,d,a
10990,t,d,u
10991,f,g,a
10992,f,g,u
10993,t,d,u
10994,t,d,a
10995,t,u,w
10996,f,d,w
10997,f,g,a
10998,f,d,u
10999,f,d,u
11000,f,d,a
11001,f,d,a
11002,f,g,u
11003,f,d,a
11004,t,d,u
11005,f,d,w
11006,f,g,a
11007,t,h,u
11008,f,d,u
11009,t,g,u
11010,t,g,a
11011,f,d,s
11012,t,d,a
11013,f,d,a
11014,t,d,a
11015,f,d,a
11016,f,d,a
11017,f,d,u
11018,t,g,a
11019,f,d,w
11020,f,g,a
11021,f,d,w
11022,f,d,u
11023,f,d,a
11024,f,d,u
11025,f,g,u
11026,f,d,a
11027,f,d,u
11028,f,d,u
11029,f,d,a
11030,f,d,w
11031,f,d,u
11032,f,d,u
11033,t,d,u
11034,f,d,a
11035,f,h,s
11036,t,m,u
11037,t,g,u
11038,f,d,u
11039,f,l,u
11040,t,d,w
11041,f,d,a
11042,f,g,u
11043,f,d,u
11044,f,h,w
11045,t,m,a
11046,f,g,a
11047,t,d,w
11048,t,d,u
11049,f,d,a
11050,t,g,u
11051,f,l,a
11052,f,g,w
11053,f,g,a
11054,f,d,u
11055,f,d,u
11056,f,d,a
11057,t,d,a
11058,f,d,a
11059,f,g,u
11060,f,d,u
11061,f,d,a
11062,f,m,w
11063,f,g,u
11064,f,l,u
11065,f,d,a
11066,f,m,u
11067,f,m,u
11068,t,d,a
11069,f,g,a
11070,f,d,a
11071,f,d,a
11072,f,d,a
11073,f,d,s
11074,f,d,a
11075,f,h,a
11076,f,d,a
11077,f,d,a
11078,f,d,a
11079,t,d,s
11080,f,d,a
11081,f,d,a
11082,f,d,u
11083,f,d,a
11084,t,d,a
11085,f,d,a
11086,f,d,a
11087,f,d,a
11088,f,d,u
11089,f,d,a
11090,f,d,a
11091,t,d,u
11092,f,d,a
11093,t,d,u
11094,f,d,s
11095,t,m,u
11096,t,m,u
11097,t,w,a
11098,f,g,u
11099,f,d,u
11100,f,m,w
11101,f,d,u
11102,t,g,u
11103,f,d,a
11104,f,g,u
11105,t,d,w
11106,f,d,u
11107,f,d,a
11108,t,d,a
11109,t,d,a
11110,f,d,u
11111,f,d,a
11112,f,g,a
11113,f,d,a
11114,f,d,u
11115,f,d,a
11116,f,g,w
11117,f,d,u
11118,f,g,a
11119,f,d,s
11120,t,d,a
11121,f,d,a
11122,t,d,u
11123,f,d,a
11124,t,d,u
11125,f,d,w
11126,f,d,a
11127,f,g,a
11128,f,d,u
11129,f,d,a
11130,f,g,a
11131,f,m,a
11132,f,h,u
11133,f,d,u
11134,t,d,u
11135,f,d,a
11136,f,m,a
11137,f,d,a
11138,f,d,u
11139,f,m,a
11140,f,g,a
11141,t,d,u
11142,f,d,a
11143,f,g,a
11144,f,m,u
11145,f,d,u
11146,t,d,u
11147,f,d,u
11148,f,d,a
11149,f,d,s
11150,f,d,a
11151,f,d,a
11152,t,d,a
11153,f,g,a
11154,f,d,u
11155,f,d,a
11156,f,g,a
11157,t,d,u
11158,f,d,a
11159,t,d,a
11160,f,d,w
11161,f,d,a
11162,t,d,u
11163,f,d,u
11164,t,d,w
11165,f,d,u
11166,t,d,u
11167,t,d,u
11168,f,d,u
11169,f,l,a
11170,f,d,a
11171,f,d,a
11172,t,g,u
11173,f,d,u
11174,f,d,a
11175,f,g,a
11176,f,g,u
11177,f,g,u
11178,t,d,u
11179,t,d,u
11180,t,d,w
11181,f,d,u
11182,f,g,a
11183,t,w,u
11184,f,d,u
11185,f,d,a
11186,f,d,u
11187,f,d,u
11188,f,d,u
11189,f,d,u
11190,f,l,a
11191,f,d,a
11192,f,g,a
11193,f,d,w
11194,t,d,a
11195,f,d,s
11196,f,d,a
11197,t,d,a
11198,t,d,a
11199,f,d,u
11200,f,d,a
11201,f,d,u
11202,f,g,u
11203,f,l,a
11204,t,d,a
11205,t,d,a
11206,t,d,w
11207,f,d,u
11208,f,g,u
11209,f,g,u
11210,f,g,a
11211,f,l,a
11212,f,l,u
11213,t,m,a
11214,f,d,w
11215,f,d,w
11216,f,h,a
11217,f,d,a
11218,f,d,s
11219,f,d,a
11220,f,g,a
11221,f,d,u
11222,f,d,a
11223,f,d,u
11224,f,g,u
11225,f,d,a
11226,f,d,a
11227,f,d,u
11228,f,d,u
11229,f,d,a
11230,f,d,u
11231,f,d,w
11232,t,g,a
11233,t,d,a
11234,f,d,a
11235,f,d,u
11236,f,d,w
11237,f,d,w
11238,f,d,a
11239,f,d,u
11240,t,d,a
11241,f,g,a
11242,f,g,w
11243,t,d,u
11244,f,d,a
11245,t,d,u
11246,t,d,u
11247,f,g,s
11248,f,d,a
11249,t,u,a
11250,f,d,u
11251,t,m,a
11252,f,d,u
11253,f,d,u
11254,t,g,u
11255,f,d,a
11256,f,g,s
11257,f,l,a
11258,f,g,u
11259,t,d,a
11260,f,d,a
11261,f,d,u
11262,f,g,a
11263,t,g,u
11264,f,d,a
11265,f,d,a
11266,f,d,a
11267,f,d,w
11268,f,d,a
11269,f,d,a
11270,f,d,u
11271,f,l,w
11272,f,d,u
11273,t,g,s
11274,t,d,u
11275,t,g,a
11276,f,g,a
11277,f,h,u
11278,f,d,a
11279,f,d,a
11280,f,d,a
11281,f,l,a
11282,f,d,w
11283,t,g,s
11284,f,h,u
11285,f,d,u
11286,f,d,w
11287,t,d,a
11288,t,d,a
11289,f,l,u
11290,f,h,u
11291,f,d,a
11292,t,d,a
11293,f,m,u
11294,t,d,a
11295,f,d,a
11296,t,d,w
11297,t,d,a
11298,f,d,u
11299,t,d,u
11300,t,d,a
11301,f,g,a
11302,f,d,a
11303,f,d,u
11304,f,a,a
11305,t,d,a
11306,f,l,a
11307,t,g,s
11308,f,g,u
11309,f,g,a
11310,f,m,u
11311,f,d,u
11312,f,g,a
11313,t,d,a
11314,f,d,w
11315,f,m,a
11316,f,d,w
11317,t,d,u
11318,t,m,a
11319,f,d,u
11320,f,d,a
11321,f,d,a
11322,t,d,a
11323,f,d,u
11324,f,g,u
11325,f,d,a
11326,f,d,u
11327,f,l,s
11328,t,d,a
11329,f,d,s
11330,t,d,a
11331,f,d,a
11332,f,d,u
11333,f,d,a
11334,f,d,a
11335,f,d,a
11336,f,d,a
11337,f,l,a
11338,f,m,u
11339,t,d,u
11340,t,w,a
11341,f,g,a
11342,f,d,w
11343,f,l,a
11344,f,d,u
11345,f,d,u
11346,f,d,u
11347,f,d,w
11348,f,d,a
11349,f,d,a
11350,t,g,u
11351,f,d,a
11352,f,d,u
11353,t,d,w
11354,f,d,a
11355,f,d,a
11356,f,d,a
11357,t,d,u
11358,f,d,a
11359,f,d,u
11360,f,d,a
11361,f,d,a
11362,f,d,a
11363,f,g,a
11364,f,d,a
11365,f,d,a
11366,f,d,u
11367,t,d,a
11368,f,g,u
11369,f,d,s
11370,f,d,w
11371,t,d,a
11372,f,d,a
11373,f,d,w
11374,t,d,a
11375,f,d,w
11376,f,d,a
11377,f,d,u
11378,f,d,s
11379,t,w,u
11380,f,m,s
11381,f,d,s
11382,f,d,s
11383,f,d,a
11384,f,d,a
11385,f,d,w
11386,f,d,a
11387,f,d,u
11388,f,d,a
11389,f,g,u
11390,t,p,a
11391,f,d,u
11392,f,d,a
11393,f,d,u
11394,f,d,a
11395,f,l,u
11396,f,g,a
11397,f,d,a
11398,f,d,a
11399,f,l,w
11400,f,d,a
11401,t,d,u
11402,f,d,a
11403,f,l,u
11404,f,m,w
11405,f,d,u
11406,f,g,a
11407,f,g,u
11408,f,d,u
11409,f,g,a
11410,t,d,a
11411,t,d,a
11412,f,d,u
11413,f,d,w
11414,f,h,u
11415,f,g,u
11416,f,d,a
11417,t,d,a
11418,f,m,u
11419,t,d,w
11420,f,d,w
11421,f,g,a
11422,t,g,a
11423,f,d,u
11424,f,h,a
11425,t,d,a
11426,f,d,a
11427,f,d,w
11428,f,d,u
11429,f,d,w
11430,f,d,w
11431,f,h,a
11432,f,d,a
11433,f,d,s
11434,f,l,w
11435,f,d,a
11436,f,d,a
11437,t,d,a
11438,t,d,u
11439,f,d,a
11440,t,d,a
11441,f,d,a
11442,f,d,a
11443,f,g,u
11444,f,d,a
11445,f,d,u
11446,t,g,a
11447,f,d,a
11448,f,d,a
11449,t,p,a
11450,t,d,u
11451,t,d,w
11452,f,d,a
11453,f,d,w
11454,t,m,a
11455,t,d,a
11456,f,d,u
11457,t,d,a
11458,f,d,w
11459,f,d,a
11460,f,m,a
11461,f,d,a
11462,f,d,a
11463,t,d,a
11464,f,g,u
11465,f,l,a
11466,f,g,s
11467,f,l,w
11468,t,d,u
11469,f,g,a
11470,f,l,s
11471,f,d,a
11472,f,d,u
11473,f,d,u
11474,f,d,w
11475,t,g,u
11476,f,d,s
11477,f,d,a
11478,f,g,u
11479,f,d,u
11480,t,d,u
11481,f,d,u
11482,f,d,a
11483,f,d,w
11484,f,g,u
11485,f,d,s
11486,f,g,a
11487,t,d,a
11488,t,d,a
11489,f,m,a
11490,f,d,a
11491,f,d,a
11492,f,d,u
11493,f,l,a
11494,t,g,a
11495,f,g,a
11496,f,d,u
11497,f,d,a
11498,f,g,a
11499,f,d,a
11500,f,d,a
11501,f,d,a
11502,f,g,u
11503,f,l,a
11504,t,d,a
11505,f,d,u
11506,f,d,a
11507,f,d,u
11508,f,l,u
11509,f,d,a
11510,f,g,u
11511,f,l,u
11512,f,d,u
11513,f,d,a
11514,f,d,u
11515,f,g,u
11516,f,d,u
11517,f,d,a
11518,f,d,a
11519,f,d,a
11520,f,d,u
11521,f,d,a
11522,t,d,u
11523,f,m,s
11524,f,d,a
11525,f,d,a
11526,f,d,u
11527,f,g,u
11528,f,g,u
11529,f,g,u
11530,f,g,a
11531,t,d,u
11532,f,l,a
11533,f,d,a
11534,t,d,u
11535,f,d,u
11536,t,m,u
11537,f,d,a
11538,t,d,u
11539,f,d,a
11540,f,g,u
11541,f,d,a
11542,f,d,a
11543,f,d,u
11544,f,l,a
11545,f,d,a
11546,f,g,u
11547,t,d,w
11548,f,g,u
11549,f,g,u
11550,f,d,u
11551,f,d,a
11552,f,d,a
11553,f,d,a
11554,f,d,a
11555,f,d,w
11556,f,d,a
11557,t,g,a
11558,t,d,a
11559,f,d,w
11560,f,d,a
11561,f,d,u
11562,f,d,a
11563,t,d,u
11564,f,l,w
11565,f,d,u
11566,f,d,w
11567,f,d,a
11568,t,d,a
11569,f,d,a
11570,t,h,u
11571,f,d,u
11572,t,d,u
11573,f,d,a
11574,f,d,u
11575,f,d,a
11576,f,d,a
11577,f,g,a
11578,t,d,a
11579,f,d,u
11580,f,d,a
11581,f,d,u
11582,t,d,a
11583,f,d,u
11584,t,d,w
11585,f,g,a
11586,f,g,w
11587,f,h,a
11588,f,d,a
11589,f,d,u
11590,f,m,a
11591,t,d,a
11592,f,d,a
11593,f,d,u
11594,t,d,w
11595,f,d,a
11596,f,g,u
11597,f,d,w
11598,f,d,a
11599,f,d,u
11600,f,d,a
11601,f,g,a
11602,t,g,a
11603,f,d,s
11604,t,d,a
11605,f,d,a
11606,f,h,a
11607,f,d,u
11608,f,h,s
11609,f,d,a
11610,t,h,a
11611,f,l,a
11612,t,d,a
11613,t,d,u
11614,f,d,u
11615,f,d,u
11616,f,d,u
11617,f,d,u
11618,f,d,u
11619,f,d,w
11620,f,d,a
11621,f,d,a
11622,f,d,a
11623,f,d,a
11624,t,d,a
11625,f,d,a
11626,f,d,a
11627,t,d,u
11628,f,d,a
11629,t,m,u
11630,t,d,a
11631,f,d,w
11632,f,d,a
11633,f,d,a
11634,t,d,u
11635,f,d,a
11636,f,d,a
11637,f,g,a
11638,f,g,u
11639,f,l,a
11640,f,d,u
11641,t,w,a
11642,t,d,a
11643,f,d,a
11644,f,d,a
11645,f,d,w
11646,f,l,w
11647,f,d,a
11648,f,d,a
11649,f,d,a
11650,f,d,a
11651,t,g,u
11652,f,d,a
11653,t,d,a
11654,t,d,a
11655,f,h,a
11656,f,d,a
11657,f,l,u
11658,t,d,a
11659,f,h,u
11660,f,d,a
11661,f,d,u
11662,f,d,a
11663,f,d,a
11664,f,d,u
11665,t,d,u
11666,t,m,a
11667,f,d,w
11668,f,d,a
11669,t,d,a
11670,f,d,a
11671,t,w,a
11672,f,d,u
11673,f,l,u
11674,f,d,a
11675,t,l,a
11676,f,d,a
11677,t,d,a
11678,f,d,w
11679,t,d,a
11680,t,d,a
11681,f,d,w
11682,t,d,u
11683,t,h,u
11684,t,d,a
11685,t,d,u
11686,f,d,w
11687,f,d,u
11688,f,d,a
11689,f,g,a
11690,t,d,a
11691,f,d,u
11692,t,d,w
11693,f,g,a
11694,t,w,a
11695,f,d,a
11696,f,d,a
11697,f,d,a
11698,f,d,u
11699,f,d,a
11700,f,d,a
11701,f,g,a
11702,f,d,a
11703,f,d,u
11704,f,d,a
11705,f,d,a
11706,f,d,a
11707,f,g,a
11708,f,d,u
11709,f,d,u
11710,f,d,u
11711,f,d,u
11712,f,d,u
11713,f,d,a
11714,t,m,u
11715,f,d,a
11716,f,d,w
11717,t,d,u
11718,t,m,u
11719,f,d,u
11720,t,g,a
11721,f,d,a
11722,f,d,a
11723,f,h,u
11724,t,d,a
11725,f,d,a
11726,t,d,w
11727,f,l,u
11728,f,d,a
11729,t,d,u
11730,t,d,u
11731,f,d,a
11732,t,d,a
11733,t,d,a
11734,f,d,u
11735,f,m,u
11736,f,g,a
11737,t,d,u
11738,f,d,u
11739,f,g,a
11740,f,d,u
11741,t,g,s
11742,f,d,u
11743,f,d,a
11744,f,d,a
11745,f,d,a
11746,f,m,s
11747,f,l,a
11748,f,g,a
11749,f,d,a
11750,f,l,a
11751,f,d,a
11752,t,m,u
11753,t,d,a
11754,t,m,a
11755,f,l,a
11756,f,d,u
11757,f,l,u
11758,t,d,a
11759,f,d,u
11760,t,g,w
11761,f,d,a
11762,f,d,a
11763,f,g,u
11764,f,d,u
11765,t,g,a
11766,t,m,u
11767,f,l,a
11768,f,g,u
11769,f,d,a
11770,f,l,u
11771,f,g,u
11772,f,d,u
11773,t,d,w
11774,f,p,a
11775,f,d,a
11776,f,d,a
11777,f,d,a
11778,f,d,a
11779,f,d,u
11780,f,d,u
11781,f,h,a
11782,t,d,u
11783,f,d,a
11784,f,d,w
11785,f,h,a
11786,f,d,a
11787,t,d,a
11788,f,d,a
11789,f,d,u
11790,f,d,u
11791,f,g,u
11792,t,d,a
11793,f,d,s
11794,t,d,u
11795,t,m,u
11796,f,d,u
11797,f,d,u
11798,f,l,u
11799,f,d,u
11800,f,d,a
11801,f,g,a
11802,f,d,a
11803,f,d,a
11804,t,d,a
11805,f,d,a
11806,f,d,u
11807,f,l,u
11808,f,d,a
11809,f,d,u
11810,f,d,a
11811,f,g,u
11812,t,d,w
11813,f,d,u
11814,f,d,u
11815,f,m,s
11816,f,d,u
11817,t,d,s
11818,f,d,a
11819,t,g,u
11820,f,d,a
11821,f,d,u
11822,t,d,u
11823,f,d,a
11824,f,m,u
11825,f,d,a
11826,t,d,a
11827,t,g,u
11828,t,d,a
11829,f,d,a
11830,t,d,s
11831,f,d,w
11832,t,d,u
11833,f,d,a
11834,f,d,a
11835,t,d,s
11836,t,d,u
11837,f,d,a
11838,t,u,s
11839,f,d,s
11840,t,g,a
11841,t,d,a
11842,t,d,u
11843,f,g,a
11844,f,g,u
11845,f,d,u
11846,f,d,a
11847,f,d,a
11848,t,m,u
11849,f,d,a
11850,t,d,a
11851,f,p,u
11852,t,d,w
11853,f,p,u
11854,f,m,a
11855,f,d,a
11856,t,d,a
11857,f,d,u
11858,f,g,a
11859,f,d,u
11860,f,d,u
11861,f,g,a
11862,t,d,u
11863,t,d,w
11864,f,d,u
11865,f,d,u
11866,f,l,s
11867,f,d,a
11868,f,d,u
11869,f,d,u
11870,f,g,a
11871,t,d,u
11872,f,l,u
11873,f,g,u
11874,f,l,a
11875,t,d,w
11876,f,d,u
11877,f,d,a
11878,f,d,a
11879,f,d,w
11880,f,d,a
11881,t,g,u
11882,f,d,w
11883,f,d,w
11884,f,d,u
11885,f,g,a
11886,t,d,a
11887,f,d,a
11888,f,d,a
11889,f,d,s
11890,f,d,a
11891,f,d,a
11892,f,d,u
11893,f,m,u
11894,t,m,s
11895,f,g,u
11896,t,d,u
11897,t,g,a
11898,f,l,a
11899,f,d,a
11900,t,d,u
11901,f,d,a
11902,f,d,a
11903,f,d,a
11904,f,d,a
11905,t,d,u
11906,f,d,a
11907,t,d,a
11908,t,m,a
11909,f,d,s
11910,f,d,a
11911,t,d,u
11912,f,d,a
11913,f,l,u
11914,t,m,u
11915,f,d,a
11916,f,g,a
11917,f,d,a
11918,f,d,w
11919,t,d,a
11920,f,d,u
11921,f,d,a
11922,t,d,u
11923,f,d,u
11924,f,d,a
11925,f,d,a
11926,f,d,a
11927,f,g,a
11928,f,d,a
11929,f,d,u
11930,f,l,a
11931,f,d,a
11932,f,g,u
11933,f,l,u
11934,t,d,a
11935,f,d,u
11936,f,m,w
11937,f,d,u
11938,t,d,a
11939,f,h,a
11940,t,d,a
11941,f,m,w
11942,f,d,a
11943,f,g,u
11944,f,d,a
11945,t,d,a
11946,t,d,a
11947,f,d,a
11948,f,d,a
11949,f,d,a
11950,f,d,a
11951,f,d,u
11952,f,m,a
11953,f,d,a
11954,f,d,a
11955,f,d,u
11956,f,g,a
11957,f,g,a
11958,f,d,u
11959,f,l,w
11960,f,g,u
11961,f,g,a
11962,f,d,u
11963,f,d,a
11964,f,d,w
11965,f,d,u
11966,t,d,u
11967,f,d,u
11968,f,g,u
11969,f,h,u
11970,t,d,a
11971,f,d,u
11972,f,d,a
11973,f,d,a
11974,f,d,w
11975,f,d,u
11976,f,d,u
11977,f,d,u
11978,f,d,a
11979,f,d,u
11980,f,d,s
11981,f,d,a
11982,f,d,u
11983,f,d,a
11984,f,d,w
11985,t,d,u
11986,f,d,u
11987,f,d,w
11988,f,d,u
11989,t,d,w
11990,f,p,a
11991,t,l,a
11992,f,g,a
11993,f,d,u
11994,f,d,a
11995,f,d,u
11996,t,d,a
11997,f,d,w
11998,t,d,w
11999,f,m,u
12000,f,h,u
12001,f,d,a
12002,f,d,u
12003,f,d,a
12004,t,d,a
12005,f,d,w
12006,f,d,a
12007,f,d,a
12008,t,d,u
12009,t,g,u
12010,f,d,u
12011,t,g,u
12012,f,m,u
12013,f,d,u
12014,f,d,a
12015,f,d,a
12016,f,d,a
12017,t,m,s
12018,f,d,a
12019,f,d,a
12020,f,l,a
12021,f,m,u
12022,f,d,a
12023,t,d,w
12024,f,d,a
12025,f,d,a
12026,f,d,a
12027,f,g,u
12028,f,d,w
12029,t,d,u
12030,f,h,u
12031,f,d,u
12032,f,d,u
12033,f,d,u
12034,f,d,a
12035,f,d,u
12036,f,d,a
12037,f,g,u
12038,f,l,a
12039,f,d,a
12040,f,d,u
12041,f,d,u
12042,f,d,u
12043,f,d,a
12044,t,d,u
12045,f,h,a
12046,t,d,a
12047,f,h,a
12048,t,g,u
12049,f,d,u
12050,f,d,u
12051,f,d,a
12052,f,g,a
12053,f,g,a
12054,f,l,u
12055,t,d,a
12056,f,p,u
12057,t,g,u
12058,t,d,u
12059,t,d,a
12060,f,l,u
12061,t,d,u
12062,f,d,u
12063,f,d,u
12064,f,m,w
12065,f,d,u
12066,f,d,u
12067,f,d,a
12068,f,d,u
12069,f,d,a
12070,f,d,a
12071,f,d,s
12072,f,l,u
12073,f,d,w
12074,f,m,a
12075,f,d,u
12076,t,d,u
12077,f,m,a
12078,t,d,u
12079,f,d,a
12080,f,d,a
12081,t,d,w
12082,t,d,w
12083,t,d,a
12084,f,d,a
12085,f,d,u
12086,f,d,a
12087,f,p,u
12088,f,d,a
12089,f,d,u
12090,f,d,a
12091,f,d,u
12092,f,g,a
12093,t,g,a
12094,f,d,u
12095,t,d,a
12096,f,d,w
12097,f,d,a
12098,t,d,a
12099,f,d,a
12100,t,l,a
12101,f,d,a
12102,t,w,u
12103,f,d,a
12104,f,d,s
12105,f,d,u
12106,f,d,a
12107,t,d,a
12108,f,g,a
12109,f,d,u
12110,t,m,a
12111,f,d,a
12112,t,d,u
12113,f,d,a
12114,t,d,a
12115,f,d,u
12116,f,d,a
12117,f,d,a
12118,f,d,w
12119,f,d,a
12120,f,l,u
12121,t,d,a
12122,t,g,u
12123,f,d,a
12124,t,d,w
12125,f,d,u
12126,f,d,a
12127,f,d,a
12128,f,d,a
12129,t,m,a
12130,t,p,a
12131,f,g,a
12132,f,d,u
12133,f,g,u
12134,f,d,a
12135,f,d,a
12136,f,d,u
12137,t,d,a
12138,f,d,a
12139,f,d,a
12140,f,m,s
12141,t,d,u
12142,f,d,u
12143,f,p,u
12144,f,d,u
12145,f,d,u
12146,t,d,a
12147,f,g,a
12148,t,d,u
12149,f,d,a
12150,t,d,u
12151,f,d,u
12152,f,l,u
12153,t,d,w
12154,f,d,u
12155,f,d,a
12156,f,d,u
12157,f,d,u
12158,f,d,u
12159,f,m,u
12160,f,l,a
12161,t,d,a
12162,t,m,u
12163,f,d,u
12164,f,g,a
12165,f,g,u
12166,t,d,a
12167,f,d,u
12168,f,d,a
12169,f,g,a
12170,f,l,a
12171,f,l,a
12172,f,h,u
12173,t,d,w
12174,f,d,u
12175,f,d,u
12176,f,d,a
12177,f,d,u
12178,f,d,a
12179,t,m,a
12180,t,d,u
12181,f,g,u
12182,f,d,a
12183,f,d,u
12184,t,m,u
12185,t,d,a
12186,f,d,u
12187,t,d,u
12188,f,d,a
12189,f,d,a
12190,f,d,s
12191,f,d,u
12192,f,m,a
12193,f,d,u
12194,f,g,a
12195,f,d,a
12196,t,d,u
12197,t,g,a
12198,f,d,s
12199,f,d,a
12200,f,d,u
12201,f,d,a
12202,t,d,u
12203,f,g,u
12204,f,l,s
12205,t,d,u
12206,f,d,a
12207,t,d,a
12208,f,g,a
12209,f,d,u
12210,f,d,a
12211,t,m,a
12212,t,w,a
12213,f,d,u
12214,f,d,a
12215,f,d,a
12216,t,d,a
12217,f,d,u
12218,f,d,a
12219,f,d,u
12220,f,h,u
12221,f,d,a
12222,f,d,u
12223,f,d,a
12224,f,d,u
12225,f,d,a
12226,f,l,u
12227,f,d,w
12228,f,d,u
12229,t,d,s
12230,f,d,a
12231,f,d,a
12232,f,d,a
12233,t,l,a
12234,f,d,a
12235,t,d,a
12236,f,d,a
12237,f,d,u
12238,f,d,a
12239,t,d,a
12240,f,d,a
12241,f,d,a
12242,f,d,u
12243,f,d,w
12244,t,d,a
12245,f,l,u
12246,f,d,u
12247,f,d,a
12248,f,d,a
12249,f,d,u
12250,f,d,u
12251,f,d,a
12252,f,d,a
12253,f,d,a
12254,f,d,a
12255,f,d,a
12256,f,d,u
12257,f,l,s
12258,t,d,w
12259,t,m,a
12260,t,d,a
12261,t,d,a
12262,t,g,a
12263,f,d,a
12264,f,d,a
12265,f,d,u
12266,f,d,u
12267,f,m,u
12268,t,d,a
12269,f,d,s
12270,f,d,u
12271,f,l,w
12272,f,d,u
12273,f,d,u
12274,t,d,u
12275,f,g,u
12276,f,d,u
12277,f,d,a
12278,t,d,s
12279,f,h,a
12280,f,d,a
12281,f,d,a
12282,t,l,a
12283,f,d,a
12284,f,d,u
12285,t,d,a
12286,f,h,u
12287,f,d,w
12288,t,d,a
12289,f,d,u
12290,f,d,a
12291,t,m,u
12292,f,d,u
12293,f,g,u
12294,t,g,u
12295,f,d,a
12296,f,d,u
12297,f,g,u
12298,t,d,a
12299,f,h,a
12300,f,d,u
12301,t,d,u
12302,f,h,u
12303,f,d,u
12304,f,g,u
12305,f,l,w
12306,t,m,u
12307,f,g,u
12308,f,g,a
12309,f,d,u
12310,f,d,u
12311,f,m,a
12312,f,h,a
12313,f,d,a
12314,f,d,u
12315,f,d,u
12316,f,d,s
12317,f,d,u
12318,f,d,w
12319,t,d,a
12320,f,d,a
12321,f,m,a
12322,f,g,u
12323,f,d,u
12324,f,g,u
12325,f,d,a
12326,f,d,a
12327,f,d,a
12328,f,l,a
12329,t,d,u
12330,f,g,a
12331,f,d,a
12332,f,d,u
12333,f,p,a
12334,f,d,a
12335,t,d,u
12336,f,g,u
12337,f,g,u
12338,f,d,a
12339,t,d,a
12340,f,h,a
12341,f,d,u
12342,f,d,a
12343,f,d,a
12344,f,d,w
12345,f,d,a
12346,t,d,u
12347,f,d,u
12348,f,g,u
12349,t,d,u
12350,f,d,u
12351,f,d,a
12352,f,d,u
12353,f,l,a
12354,t,d,u
12355,f,d,u
12356,t,g,a
12357,f,d,u
12358,t,d,a
12359,f,d,w
12360,f,d,a
12361,f,d,s
12362,f,d,a
12363,t,m,u
12364,f,m,a
12365,t,m,a
12366,f,d,u
12367,t,d,a
12368,t,d,s
12369,f,d,a
12370,t,g,w
12371,t,w,u
12372,f,g,u
12373,t,d,u
12374,f,g,u
12375,f,d,a
12376,f,l,s
12377,t,d,u
12378,f,d,a
12379,f,d,a
12380,f,d,a
12381,f,d,u
12382,t,d,a
12383,f,d,u
12384,f,d,u
12385,t,m,a
12386,f,d,a
12387,t,g,a
12388,f,d,a
12389,f,d,a
12390,f,d,a
12391,f,d,u
12392,f,d,u
12393,f,d,a
12394,f,d,a
12395,f,d,a
12396,f,d,w
12397,f,d,a
12398,f,d,a
12399,f,g,u
12400,f,d,s
12401,f,g,w
12402,f,d,a
12403,f,p,a
12404,t,w,a
12405,f,d,a
12406,f,d,a
12407,f,d,s
12408,f,d,u
12409,t,m,u
12410,f,g,u
12411,t,d,u
12412,f,d,u
12413,f,d,u
12414,f,g,a
12415,f,h,a
12416,f,g,a
12417,t,d,u
12418,f,d,a
12419,t,m,u
12420,f,d,a
12421,f,d,u
12422,t,d,w
12423,f,d,a
12424,f,d,a
12425,t,d,s
12426,f,d,u
12427,t,d,u
12428,t,d,a
12429,f,h,a
12430,f,d,a
12431,t,m,u
12432,f,d,w
12433,f,d,u
12434,f,g,u
12435,f,g,u
12436,f,d,a
12437,t,d,a
12438,f,d,a
12439,f,d,a
12440,f,g,a
12441,f,m,a
12442,t,d,a
12443,f,d,a
12444,f,d,a
12445,f,d,a
12446,f,d,a
12447,f,h,u
12448,f,d,a
12449,f,d,a
12450,f,m,w
12451,f,d,u
12452,f,d,w
12453,f,d,a
12454,f,d,u
12455,t,d,u
12456,f,d,u
12457,t,d,a
12458,f,d,a
12459,t,d,a
12460,f,d,a
12461,f,d,a
12462,f,d,u
12463,t,p,u
12464,t,m,s
12465,f,g,a
12466,t,d,a
12467,f,d,u
12468,t,d,u
12469,f,h,u
12470,t,d,a
12471,f,d,a
12472,f,d,s
12473,f,l,u
12474,t,m,u
12475,f,d,a
12476,t,d,a
12477,t,d,a
12478,t,d,a
12479,f,h,a
12480,f,l,a
12481,f,l,w
12482,t,d,a
12483,t,g,s
12484,f,l,u
12485,f,g,u
12486,t,d,a
12487,t,d,a
12488,f,d,a
12489,f,d,a
12490,f,d,w
12491,f,d,u
12492,f,d,u
12493,f,d,a
12494,f,m,a
12495,f,d,u
12496,t,m,a
12497,f,g,a
12498,f,d,a
12499,f,m,a
12500,f,d,a
12501,f,d,w
12502,f,d,w
12503,f,d,w
12504,t,d,a
12505,f,d,a
12506,f,d,u
12507,t,d,a
12508,f,d,a
12509,f,d,a
12510,f,l,s
12511,f,d,a
12512,f,d,s
12513,t,d,a
12514,f,d,a
12515,t,d,u
12516,f,g,u
12517,f,d,a
12518,t,d,a
12519,f,d,u
12520,f,d,u
12521,f,d,a
12522,f,d,a
12523,f,l,u
12524,f,g,u
12525,f,m,u
12526,f,h,u
12527,f,d,a
12528,t,d,u
12529,t,g,a
12530,f,h,a
12531,f,d,a
12532,f,g,a
12533,t,d,u
12534,f,d,a
12535,t,d,a
12536,f,d,a
12537,f,d,a
12538,f,g,u
12539,f,d,a
12540,f,d,a
12541,f,d,a
12542,f,d,w
12543,f,d,u
12544,f,g,a
12545,f,d,a
12546,f,d,u
12547,f,g,u
12548,t,d,a
12549,t,d,a
12550,f,d,w
12551,t,d,w
12552,f,d,a
12553,f,g,a
12554,f,d,u
12555,f,d,u
12556,f,l,u
12557,f,h,a
12558,f,d,a
12559,f,d,u
12560,f,d,u
12561,f,d,a
12562,f,d,a
12563,f,d,u
12564,f,d,u
12565,t,d,w
12566,f,d,u
12567,f,g,u
12568,t,d,u
12569,f,d,a
12570,f,d,w
12571,f,d,s
12572,t,d,a
12573,f,d,a
12574,f,d,a
12575,f,d,u
12576,f,d,a
12577,t,h,a
12578,t,g,u
12579,f,d,a
12580,f,d,a
12581,t,d,a
12582,t,d,w
12583,f,d,a
12584,t,d,u
12585,t,m,u
12586,t,d,a
12587,t,d,w
12588,t,m,u
12589,f,m,u
12590,f,d,a
12591,f,g,a
12592,t,p,w
12593,f,d,a
12594,t,d,u
12595,t,d,u
12596,t,d,a
12597,f,g,s
12598,f,d,u
12599,t,d,u
12600,f,d,u
12601,f,d,a
12602,f,d,u
12603,t,g,u
12604,f,d,a
12605,f,d,a
12606,f,d,a
12607,f,d,u
12608,f,l,u
12609,f,d,a
12610,f,g,s
12611,f,d,a
12612,t,g,s
12613,f,d,u
12614,f,d,a
12615,f,h,u
12616,f,h,a
12617,t,m,u
12618,f,d,a
12619,f,d,a
12620,f,h,u
12621,f,d,a
12622,f,d,u
12623,t,d,a
12624,f,g,a
12625,t,m,u
12626,f,g,u
12627,f,g,a
12628,f,d,u
12629,f,d,a
12630,t,d,w
12631,f,d,a
12632,f,g,w
12633,f,d,u
12634,t,m,a
12635,t,d,a
12636,f,d,a
12637,f,d,a
12638,f,g,a
12639,f,d,a
12640,f,g,a
12641,f,d,u
12642,f,d,u
12643,f,g,u
12644,f,l,a
12645,f,d,a
12646,f,d,a
12647,f,d,u
12648,t,d,a
12649,t,d,u
12650,f,d,u
12651,t,d,s
12652,f,d,u
12653,t,d,u
12654,t,g,a
12655,t,g,u
12656,f,m,a
12657,f,d,s
12658,f,d,a
12659,t,d,u
12660,f,d,a
12661,f,d,u
12662,f,d,u
12663,f,d,u
12664,f,g,a
12665,f,d,a
12666,f,d,a
12667,f,d,a
12668,t,d,a
12669,f,d,u
12670,f,g,u
12671,f,g,u
12672,f,d,a
12673,t,d,u
12674,t,d,u
12675,f,g,a
12676,t,d,a
12677,f,d,u
12678,t,g,s
12679,f,d,w
12680,f,g,u
12681,t,d,s
12682,f,m,w
12683,f,d,a
12684,f,l,a
12685,t,d,a
12686,f,d,u
12687,f,d,w
12688,f,g,u
12689,f,d,a
12690,f,g,w
12691,f,d,u
12692,f,g,a
12693,f,h,a
12694,f,d,a
12695,f,d,a
12696,t,d,a
12697,f,g,u
12698,f,d,a
12699,t,d,a
12700,f,d,u
12701,t,d,u
12702,t,d,w
12703,f,d,a
12704,f,d,u
12705,f,g,u
12706,f,d,u
12707,f,h,u
12708,f,d,u
12709,f,d,a
12710,f,h,a
12711,t,d,u
12712,f,d,u
12713,f,d,u
12714,t,l,u
12715,f,d,a
12716,t,d,u
12717,t,m,u
12718,f,d,u
12719,f,d,a
12720,t,d,u
12721,f,d,w
12722,f,d,a
12723,f,d,a
12724,t,d,u
12725,f,d,u
12726,f,d,s
12727,t,d,u
12728,f,d,a
12729,f,d,u
12730,t,g,u
12731,f,d,w
12732,t,m,a
12733,t,d,a
12734,f,d,u
12735,f,d,w
12736,f,d,u
12737,f,d,u
12738,f,d,a
12739,f,d,w
12740,f,d,u
12741,f,d,a
12742,f,d,a
12743,t,d,w
12744,t,d,a
12745,f,l,s
12746,f,g,a
12747,f,d,u
12748,f,h,u
12749,t,m,s
12750,f,d,a
12751,f,g,a
12752,f,g,a
12753,t,w,u
12754,f,g,a
12755,f,d,a
12756,f,d,u
12757,f,d,a
12758,f,d,u
12759,f,g,u
12760,f,d,a
12761,t,d,a
12762,t,d,a
12763,f,d,u
12764,f,g,w
12765,f,m,a
12766,f,l,a
12767,t,m,u
12768,f,l,a
12769,f,d,u
12770,f,d,u
12771,t,m,u
12772,t,d,u
12773,f,l,w
12774,f,d,u
12775,t,d,u
12776,f,d,a
12777,f,g,a
12778,f,d,w
12779,f,d,u
12780,f,g,a
12781,f,d,u
12782,f,l,s
12783,f,d,a
12784,f,d,w
12785,f,d,s
12786,f,d,u
12787,t,d,a
12788,f,g,a
12789,f,d,s
12790,f,g,u
12791,f,d,a
12792,f,l,u
12793,t,d,u
12794,f,d,a
12795,t,d,a
12796,f,d,u
12797,f,d,a
12798,t,d,u
12799,f,d,u
12800,t,w,u
12801,t,m,s
12802,f,d,a
12803,f,d,s
12804,f,g,a
12805,f,l,s
12806,f,d,s
12807,t,m,a
12808,f,g,u
12809,f,d,u
12810,t,g,a
12811,f,d,a
12812,f,d,a
12813,f,d,a
12814,t,l,a
12815,f,d,u
12816,f,d,a
12817,f,d,a
12818,t,d,a
12819,f,d,a
12820,f,d,w
12821,f,d,a
12822,f,d,s
12823,f,d,a
12824,f,d,a
12825,f,d,u
12826,f,d,u
12827,t,m,u
12828,t,g,a
12829,f,m,u
12830,t,g,u
12831,t,d,a
12832,f,g,a
12833,f,l,u
12834,f,d,a
12835,f,l,a
12836,f,m,a
12837,f,m,w
12838,f,d,u
12839,f,d,a
12840,f,g,u
12841,f,d,a
12842,f,d,u
12843,t,d,a
12844,f,g,u
12845,f,g,a
12846,f,g,s
12847,f,d,a
12848,f,d,a
12849,f,g,a
12850,f,l,a
12851,f,m,a
12852,f,d,w
12853,f,d,u
12854,t,d,u
12855,t,d,w
12856,f,d,a
12857,f,d,u
12858,f,l,a
12859,f,l,u
12860,t,d,u
12861,f,d,a
12862,f,l,u
12863,f,d,a
12864,f,d,u
12865,f,d,a
12866,f,d,u
12867,f,g,u
12868,f,g,u
12869,f,d,a
12870,f,l,w
12871,f,d,a
12872,f,d,u
12873,f,g,a
12874,f,d,u
12875,f,d,u
12876,f,d,s
12877,f,d,u
12878,f,d,a
12879,f,d,a
12880,t,d,u
12881,f,d,a
12882,f,l,u
12883,f,d,u
12884,f,m,a
12885,f,m,a
12886,f,g,u
12887,t,g,u
12888,f,h,a
12889,f,d,a
12890,t,d,a
12891,f,d,a
12892,f,d,s
12893,t,d,u
12894,f,d,s
12895,t,w,u
12896,f,h,a
12897,f,g,u
12898,f,d,u
12899,f,d,w
12900,f,d,a
12901,f,d,a
12902,f,h,a
12903,t,m,a
12904,f,d,a
12905,f,d,a
12906,f,l,a
12907,f,d,a
12908,f,d,u
12909,f,g,a
12910,f,d,a
12911,f,d,u
12912,t,d,a
12913,f,g,s
12914,t,d,u
12915,t,d,a
12916,f,d,s
12917,t,d,a
12918,f,d,u
12919,f,d,a
12920,f,d,a
12921,f,l,u
12922,f,l,a
12923,f,g,w
12924,f,d,a
12925,f,d,u
12926,f,d,a
12927,f,d,a
12928,f,d,a
12929,f,d,u
12930,t,d,u
12931,f,l,w
12932,t,m,u
12933,f,d,a
12934,f,d,u
12935,f,d,u
12936,f,d,a
12937,f,d,u
12938,t,g,a
12939,f,l,a
12940,f,d,a
12941,t,d,a
12942,f,h,u
12943,f,d,s
12944,t,d,a
12945,f,d,a
12946,f,d,a
12947,f,d,s
12948,f,d,a
12949,f,g,a
12950,f,d,u
12951,f,d,a
12952,f,d,a
12953,f,d,u
12954,f,d,u
12955,f,d,a
12956,f,d,a
12957,f,d,a
12958,f,d,a
12959,f,d,u
12960,f,d,a
12961,f,d,a
12962,t,d,a
12963,f,d,a
12964,f,d,a
12965,f,d,u
12966,f,h,a
12967,t,d,u
12968,f,d,a
12969,f,d,u
12970,f,d,a
12971,f,d,w
12972,f,d,u
12973,f,d,w
12974,f,g,u
12975,f,d,u
12976,f,m,s
12977,t,d,a
12978,f,d,a
12979,f,d,u
12980,t,w,u
12981,f,h,u
12982,f,d,a
12983,f,d,a
12984,t,d,w
12985,f,d,a
12986,t,d,u
12987,t,g,a
12988,f,d,u
12989,t,g,a
12990,f,d,u
12991,f,h,a
12992,t,d,w
12993,f,g,w
12994,f,l,s
12995,t,d,a
12996,f,d,a
12997,f,d,a
12998,f,d,a
12999,f,d,a
13000,f,d,u
13001,f,d,a
13002,f,l,w
13003,f,g,a
13004,t,d,w
13005,t,m,u
13006,f,g,u
13007,f,l,u
13008,f,d,a
13009,f,d,u
13010,t,m,u
13011,f,d,a
13012,f,m,u
13013,f,d,u
13014,f,g,u
13015,f,d,u
13016,f,d,w
13017,f,g,a
13018,f,h,u
13019,f,m,u
13020,f,d,a
13021,f,h,a
13022,f,d,a
13023,f,d,a
13024,f,m,a
13025,f,m,a
13026,f,d,a
13027,t,d,a
13028,f,l,a
13029,f,m,u
13030,t,d,a
13031,t,d,a
13032,f,h,a
13033,t,d,a
13034,f,d,s
13035,f,m,s
13036,f,g,a
13037,f,d,a
13038,t,d,u
13039,f,d,u
13040,f,l,u
13041,t,d,u
13042,f,d,a
13043,f,d,a
13044,f,d,a
13045,f,d,u
13046,f,d,a
13047,t,d,u
13048,f,g,u
13049,f,h,a
13050,f,d,u
13051,f,d,w
13052,t,d,a
13053,t,d,a
13054,f,g,u
13055,t,d,a
13056,f,g,u
13057,f,d,a
13058,f,d,u
13059,t,d,a
13060,f,d,a
13061,f,g,a
13062,f,p,u
13063,t,d,a
13064,f,d,a
13065,f,g,a
13066,t,d,s
13067,t,d,a
13068,f,g,s
13069,f,m,u
13070,f,g,a
13071,f,d,u
13072,f,d,s
13073,f,d,a
13074,t,d,a
13075,f,d,u
13076,f,d,u
13077,f,d,u
13078,t,d,w
13079,f,g,u
13080,t,d,a
13081,t,d,s
13082,f,d,a
13083,t,d,u
13084,f,g,a
13085,t,d,u
13086,f,d,u
13087,f,d,a
13088,f,g,a
13089,t,d,u
13090,f,l,w
13091,t,d,a
13092,f,l,w
13093,f,d,a
13094,f,d,a
13095,f,d,u
13096,f,d,a
13097,f,d,a
13098,f,l,u
13099,t,d,w
13100,f,d,a
13101,f,d,a
13102,f,g,a
13103,f,h,a
13104,f,d,a
13105,t,d,w
13106,f,h,u
13107,f,d,a
13108,t,d,s
13109,f,d,a
13110,f,d,a
13111,f,d,a
13112,t,d,a
13113,f,d,a
13114,f,l,w
13115,t,d,u
13116,f,d,a
13117,f,h,a
13118,f,d,u
13119,t,d,u
13120,f,d,a
13121,f,d,u
13122,f,d,a
13123,f,d,a
13124,t,w,u
13125,t,d,a
13126,t,w,u
13127,f,g,u
13128,f,g,a
13129,f,g,a
13130,f,m,a
13131,f,d,w
13132,f,l,u
13133,f,d,w
13134,f,d,u
13135,f,d,a
13136,f,d,u
13137,f,d,a
13138,t,d,w
13139,f,d,a
13140,f,d,a
13141,f,d,u
13142,f,d,u
13143,f,l,u
13144,t,d,w
13145,f,d,a
13146,f,d,u
13147,f,g,w
13148,f,d,a
13149,f,d,a
13150,f,d,a
13151,f,h,a
13152,f,d,u
13153,t,d,u
13154,t,g,u
13155,f,d,a
13156,f,d,u
13157,f,m,w
13158,f,d,a
13159,t,d,a
13160,f,d,u
13161,f,h,a
13162,f,d,u
13163,f,h,a
13164,f,d,u
13165,f,d,a
13166,f,d,u
13167,f,d,u
13168,f,d,a
13169,t,d,u
13170,t,d,u
13171,t,d,u
13172,f,d,u
13173,f,d,u
13174,f,g,a
13175,f,g,a
13176,f,h,a
13177,t,d,a
13178,t,d,u
13179,f,l,a
13180,f,d,a
13181,f,d,a
13182,t,d,w
13183,f,d,u
13184,f,d,u
13185,f,d,a
13186,f,g,u
13187,f,d,a
13188,t,d,w
13189,f,h,a
13190,f,d,a
13191,f,d,a
13192,f,g,a
13193,t,d,u
13194,f,d,u
13195,f,d,s
13196,f,d,u
13197,f,g,u
13198,f,d,u
13199,f,d,u
13200,t,d,a
13201,f,d,a
13202,f,d,a
13203,f,d,a
13204,f,d,a
13205,f,d,a
13206,f,d,u
13207,t,m,s
13208,f,l,a
13209,f,d,u
13210,f,d,w
13211,t,d,u
13212,f,h,u
13213,f,d,u
13214,f,d,a
13215,f,d,a
13216,f,d,a
13217,f,g,u
13218,f,h,a
13219,f,h,a
13220,f,d,a
13221,f,h,a
13222,t,d,u
13223,f,d,a
13224,f,d,a
13225,t,d,a
13226,f,l,a
13227,f,l,w
13228,t,d,a
13229,f,d,u
13230,f,d,u
13231,t,g,u
13232,f,d,u
13233,f,d,a
13234,f,h,u
13235,t,m,u
13236,t,m,u
13237,f,g,u
13238,t,d,u
13239,f,d,u
13240,f,d,a
13241,f,h,u
13242,f,d,a
13243,f,d,w
13244,f,m,u
13245,t,d,u
13246,f,d,a
13247,f,d,a
13248,f,m,s
13249,f,l,w
13250,f,d,u
13251,f,d,a
13252,t,d,u
13253,t,d,a
13254,f,d,u
13255,f,l,a
13256,f,d,w
13257,f,d,a
13258,t,g,a
13259,f,h,a
13260,t,d,a
13261,f,d,w
13262,f,d,s
13263,t,d,u
13264,f,d,a
13265,f,d,u
13266,f,d,a
13267,t,d,w
13268,f,d,u
13269,f,d,u
13270,f,d,u
13271,f,d,a
13272,f,d,u
13273,t,d,a
13274,f,d,a
13275,f,d,a
13276,f,d,u
13277,f,g,u
13278,f,d,u
13279,t,p,u
13280,t,d,a
13281,f,d,u
13282,f,l,u
13283,t,g,u
13284,t,d,u
13285,f,g,a
13286,f,d,a
13287,f,d,u
13288,f,d,u
13289,f,g,a
13290,f,g,a
13291,f,g,w
13292,t,m,u
13293,f,d,a
13294,f,d,a
13295,t,m,a
13296,f,d,a
13297,f,d,w
13298,f,d,a
13299,f,d,a
13300,f,d,a
13301,t,g,a
13302,f,d,u
13303,f,g,a
13304,f,d,a
13305,f,d,s
13306,t,m,a
13307,f,d,a
13308,f,d,a
13309,f,d,u
13310,f,d,u
13311,t,d,u
13312,f,d,u
13313,t,d,a
13314,t,l,a
13315,f,d,w
13316,f,m,w
13317,f,h,u
13318,t,l,a
13319,f,g,a
13320,f,m,u
13321,f,d,s
13322,t,d,u
13323,t,d,u
13324,f,d,w
13325,t,d,a
13326,f,g,u
13327,t,d,a
13328,f,d,a
13329,f,h,a
13330,f,h,u
13331,f,l,a
13332,f,h,u
13333,f,l,u
13334,f,d,a
13335,f,d,u
13336,f,d,s
13337,f,d,u
13338,f,d,a
13339,f,d,u
13340,f,g,u
13341,f,d,u
13342,f,d,u
13343,f,d,u
13344,f,m,a
13345,f,d,w
13346,t,g,s
13347,f,h,a
13348,f,d,w
13349,f,d,u
13350,f,h,u
13351,f,d,u
13352,f,l,a
13353,f,d,u
13354,f,d,u
13355,t,g,a
13356,f,d,a
13357,f,d,a
13358,f,d,s
13359,t,d,a
13360,t,d,u
13361,f,d,w
13362,f,d,a
13363,f,d,u
13364,f,l,a
13365,t,d,a
13366,t,d,u
13367,f,d,a
13368,f,d,u
13369,t,d,a
13370,f,h,u
13371,t,d,u
13372,f,d,a
13373,t,d,a
13374,f,d,a
13375,t,d,w
13376,f,d,w
13377,f,g,a
13378,t,m,a
13379,f,d,u
13380,t,d,a
13381,f,d,a
13382,f,d,a
13383,f,d,u
13384,t,m,u
13385,t,d,u
13386,f,g,a
13387,f,d,a
13388,f,g,u
13389,f,d,a
13390,t,d,a
13391,f,d,a
13392,f,d,u
13393,f,d,a
13394,f,g,w
13395,t,m,u
13396,f,d,a
13397,f,l,u
13398,f,d,a
13399,f,d,a
13400,f,d,a
13401,f,d,a
13402,t,d,w
13403,f,d,s
13404,t,g,u
13405,f,m,w
13406,f,d,u
13407,t,d,s
13408,t,d,u
13409,f,d,a
13410,f,g,u
13411,t,d,u
13412,f,d,u
13413,t,d,a
13414,f,l,a
13415,f,h,a
13416,t,d,w
13417,f,d,u
13418,f,d,u
13419,f,h,a
13420,f,l,u
13421,f,d,a
13422,t,m,a
13423,t,d,u
13424,f,d,w
13425,f,d,u
13426,f,d,a
13427,f,g,u
13428,t,d,u
13429,f,d,a
13430,t,d,a
13431,f,d,a
13432,f,d,w
13433,f,d,a
13434,f,d,a
13435,f,d,a
13436,t,w,a
13437,f,d,u
13438,f,d,a
13439,f,g,u
13440,f,l,w
13441,f,d,a
13442,f,d,w
13443,f,d,a
13444,f,d,a
13445,f,g,a
13446,f,g,a
13447,f,g,a
13448,t,d,u
13449,f,g,a
13450,f,d,u
13451,f,d,a
13452,f,d,u
13453,t,d,a
13454,f,d,u
13455,f,h,u
13456,f,d,a
13457,t,m,u
13458,f,h,a
13459,f,d,a
13460,f,d,u
13461,f,d,u
13462,f,d,a
13463,f,d,a
13464,f,g,u
13465,f,d,a
13466,t,d,a
13467,f,d,u
13468,f,d,a
13469,f,g,u
13470,t,d,u
13471,f,d,a
13472,f,p,u
13473,t,d,a
13474,t,g,u
13475,t,d,u
13476,f,d,a
13477,t,d,a
13478,f,g,u
13479,t,d,u
13480,f,d,a
13481,t,d,a
13482,f,h,a
13483,f,l,a
13484,f,g,a
13485,t,d,a
13486,f,g,a
13487,t,d,u
13488,f,d,u
13489,f,d,u
13490,f,d,u
13491,f,p,a
13492,t,d,a
13493,f,d,a
13494,t,g,w
13495,f,g,a
13496,f,d,a
13497,f,d,a
13498,f,d,u
13499,f,m,a
13500,f,d,u
13501,f,d,a
13502,t,m,u
13503,f,g,a
13504,f,g,u
13505,f,d,u
13506,t,d,u
13507,f,d,a
13508,f,l,a
13509,t,g,u
13510,f,d,a
13511,t,l,a
13512,f,d,a
13513,t,m,u
13514,f,d,u
13515,t,g,a
13516,f,g,a
13517,t,m,a
13518,f,d,u
13519,t,g,a
13520,f,d,u
13521,f,d,a
13522,f,d,u
13523,f,d,a
13524,t,d,u
13525,t,m,a
13526,t,d,u
13527,t,g,u
13528,f,d,a
13529,f,g,a
13530,f,d,a
13531,f,d,a
13532,t,g,u
13533,f,d,a
13534,f,d,a
13535,f,d,a
13536,t,d,u
13537,t,m,s
13538,t,w,a
13539,f,g,u
13540,f,g,u
13541,f,d,u
13542,f,l,a
13543,f,d,a
13544,t,d,a
13545,t,d,a
13546,f,d,a
13547,f,d,u
13548,f,d,a
13549,t,g,u
13550,t,d,u
13551,f,d,u
13552,t,d,a
13553,f,d,a
13554,f,d,u
13555,t,d,a
13556,f,m,u
13557,f,d,a
13558,f,l,a
13559,f,m,s
13560,f,d,u
13561,f,d,u
13562,f,g,a
13563,f,g,u
13564,t,d,a
13565,f,m,a
13566,f,d,u
13567,t,d,a
13568,t,d,a
13569,f,d,u
13570,t,d,a
13571,f,d,u
13572,f,d,u
13573,f,d,a
13574,f,d,a
13575,f,d,a
13576,f,d,u
13577,f,g,w
13578,f,d,a
13579,t,d,w
13580,t,d,w
13581,t,g,u
13582,f,d,u
13583,f,m,u
13584,f,d,a
13585,t,d,a
13586,f,d,a
13587,t,d,w
13588,t,d,u
13589,t,d,a
13590,t,w,u
13591,f,d,u
13592,f,d,w
13593,f,d,u
13594,f,m,a
13595,f,d,w
13596,t,d,u
13597,t,d,a
13598,f,d,u
13599,f,h,a
13600,f,d,u
13601,f,d,u
13602,t,d,a
13603,f,g,u
13604,t,g,u
13605,f,d,a
13606,f,d,u
13607,f,g,a
13608,f,d,a
13609,f,d,a
13610,f,m,a
13611,f,l,u
13612,f,d,a
13613,f,g,a
13614,f,d,a
13615,f,g,a
13616,f,d,a
13617,f,d,w
13618,t,m,a
13619,f,d,u
13620,t,d,a
13621,f,l,w
13622,f,d,a
13623,t,d,u
13624,f,d,w
13625,f,d,a
13626,f,l,s
13627,f,m,a
13628,f,d,a
13629,f,d,w
13630,f,d,a
13631,f,d,w
13632,f,g,w
13633,f,d,a
13634,t,d,u
13635,f,d,w
13636,f,d,w
13637,f,g,a
13638,f,d,a
13639,t,d,a
13640,f,d,a
13641,t,d,a
13642,t,g,s
13643,f,l,s
13644,f,d,a
13645,f,d,u
13646,t,d,u
13647,f,d,a
13648,f,d,u
13649,f,d,a
13650,t,d,u
13651,f,d,u
13652,f,l,u
13653,f,d,a
13654,f,d,a
13655,f,d,u
13656,f,l,u
13657,t,g,a
13658,f,d,u
13659,f,m,a
13660,f,d,u
13661,f,g,a
13662,f,d,a
13663,t,d,u
13664,f,d,u
13665,f,d,w
13666,f,d,w
13667,f,m,a
13668,f,g,a
13669,f,d,u
13670,f,l,u
13671,f,g,a
13672,f,g,a
13673,f,m,a
13674,f,g,u
13675,f,g,u
13676,t,d,w
13677,f,g,a
13678,f,d,u
13679,t,g,a
13680,f,d,w
13681,f,d,u
13682,t,u,a
13683,f,h,a
13684,t,g,u
13685,f,d,a
13686,t,d,a
13687,f,d,u
13688,f,m,w
13689,f,g,u
13690,t,m,u
13691,t,g,a
13692,f,d,u
13693,f,m,w
13694,f,d,a
13695,f,l,u
13696,f,d,w
13697,f,h,u
13698,f,g,u
13699,t,d,w
13700,f,g,u
13701,f,d,a
13702,t,d,w
13703,f,d,a
13704,t,d,u
13705,f,d,u
13706,f,d,a
13707,f,d,u
13708,t,d,a
13709,f,d,u
13710,f,d,u
13711,f,d,u
13712,f,d,u
13713,f,d,a
13714,t,d,u
13715,f,d,u
13716,t,d,a
13717,f,d,a
13718,f,d,a
13719,f,d,a
13720,f,d,a
13721,t,d,w
13722,f,d,u
13723,f,d,a
13724,t,l,a
13725,f,d,u
13726,f,g,u
13727,f,d,a
13728,f,d,u
13729,f,d,a
13730,f,d,u
13731,t,d,u
13732,t,g,a
13733,f,d,a
13734,f,l,s
13735,f,d,u
13736,f,d,u
13737,f,d,a
13738,f,d,u
13739,f,d,a
13740,f,d,a
13741,t,d,a
13742,f,h,u
13743,f,d,u
13744,f,d,a
13745,t,d,u
13746,f,d,a
13747,t,d,a
13748,t,d,a
13749,t,d,a
13750,f,d,u
13751,t,d,s
13752,f,d,a
13753,f,g,a
13754,t,g,a
13755,f,d,u
13756,t,d,a
13757,f,d,u
13758,f,d,a
13759,f,d,a
13760,f,d,a
13761,f,d,a
13762,f,d,a
13763,t,d,a
13764,f,d,u
13765,f,g,u
13766,t,h,a
13767,f,d,u
13768,f,g,u
13769,f,l,u
13770,f,d,a
13771,f,d,u
13772,f,d,u
13773,f,d,a
13774,f,d,s
13775,t,g,a
13776,f,d,u
13777,f,d,w
13778,f,h,a
13779,f,d,a
13780,f,d,u
13781,f,d,a
13782,f,d,u
13783,f,d,a
13784,f,d,u
13785,f,d,a
13786,f,d,u
13787,f,d,u
13788,f,d,a
13789,f,h,u
13790,f,d,u
13791,f,l,a
13792,t,g,w
13793,f,d,u
13794,f,d,w
13795,f,g,a
13796,f,g,a
13797,f,d,a
13798,f,g,u
13799,f,d,a
13800,f,d,a
13801,f,d,a
13802,f,d,u
13803,t,d,a
13804,f,m,s
13805,f,d,w
13806,f,g,a
13807,t,d,s
13808,f,d,a
13809,t,d,u
13810,f,d,a
13811,t,m,a
13812,f,d,a
13813,f,d,u
13814,f,d,a
13815,f,g,a
13816,f,d,w
13817,f,h,a
13818,f,m,a
13819,f,d,w
13820,f,g,a
13821,f,d,a
13822,f,m,a
13823,t,d,a
13824,f,d,w
13825,f,d,a
13826,f,l,a
13827,f,m,u
13828,f,d,a
13829,f,g,u
13830,f,h,u
13831,f,g,a
13832,f,d,u
13833,t,g,s
13834,f,d,w
13835,t,d,a
13836,f,d,u
13837,t,m,u
13838,f,d,a
13839,f,l,u
13840,t,d,a
13841,f,g,w
13842,f,l,a
13843,f,d,a
13844,f,d,a
13845,f,d,u
13846,f,d,a
13847,f,d,u
13848,f,d,u
13849,t,g,u
13850,f,d,u
13851,f,l,u
13852,f,g,u
13853,f,d,s
13854,f,g,u
13855,f,d,a
13856,f,m,w
13857,f,d,a
13858,t,d,w
13859,f,d,a
13860,f,d,a
13861,f,d,a
13862,f,d,u
13863,f,d,a
13864,f,d,u
13865,f,h,u
13866,f,d,u
13867,f,l,a
13868,f,d,u
13869,f,d,a
13870,f,d,a
13871,f,d,a
13872,f,l,u
13873,t,d,u
13874,f,d,u
13875,t,m,a
13876,f,d,u
13877,f,d,a
13878,f,l,a
13879,f,m,w
13880,f,d,a
13881,t,d,u
13882,f,d,u
13883,f,h,a
13884,f,m,u
13885,f,d,a
13886,f,d,a
13887,f,d,w
13888,t,g,u
13889,f,g,s
13890,t,d,a
13891,f,d,u
13892,f,d,u
13893,t,d,a
13894,f,d,a
13895,f,d,w
13896,f,g,a
13897,f,d,u
13898,f,g,a
13899,f,l,u
13900,f,g,u
13901,t,d,a
13902,f,l,a
13903,f,g,u
13904,f,d,w
13905,f,l,u
13906,f,d,u
13907,t,d,u
13908,t,d,a
13909,f,m,s
13910,t,w,a
13911,t,g,u
13912,f,d,a
13913,f,d,u
13914,f,d,w
13915,f,d,a
13916,f,d,u
13917,t,d,u
13918,f,d,u
13919,f,g,a
13920,f,d,u
13921,f,d,a
13922,t,d,a
13923,f,d,a
13924,t,d,w
13925,f,g,a
13926,f,d,a
13927,f,d,a
13928,f,d,a
13929,t,g,a
13930,f,d,a
13931,t,d,a
13932,t,d,u
13933,f,l,w
13934,f,l,u
13935,f,g,u
13936,f,d,a
13937,t,d,a
13938,t,m,u
13939,f,d,u
13940,t,g,w
13941,f,d,a
13942,f,d,u
13943,f,d,a
13944,f,d,a
13945,f,d,a
13946,f,d,s
13947,t,d,u
13948,f,d,a
13949,f,d,a
13950,f,d,a
13951,f,d,a
13952,f,d,a
13953,f,d,a
13954,f,d,a
13955,f,d,a
13956,f,d,u
13957,f,d,u
13958,f,d,u
13959,f,d,a
13960,f,g,a
13961,t,d,a
13962,f,d,a
13963,f,d,a
13964,f,d,u
13965,f,h,a
13966,f,d,a
13967,f,d,a
13968,f,g,a
13969,f,g,u
13970,f,d,w
13971,f,d,a
13972,f,d,a
13973,t,d,a
13974,f,d,w
13975,t,d,u
13976,f,d,a
13977,f,d,a
13978,t,g,u
13979,f,d,u
13980,f,d,w
13981,f,m,u
13982,f,d,a
13983,f,d,a
13984,f,d,a
13985,f,d,w
13986,t,d,u
13987,f,d,a
13988,f,d,a
13989,f,d,u
13990,f,l,u
13991,f,d,u
13992,t,m,a
13993,f,g,a
13994,f,d,u
13995,f,d,w
13996,f,d,w
13997,f,d,a
13998,f,g,u
13999,f,m,u
14000,f,m,w
14001,f,l,a
14002,f,d,u
14003,f,d,w
14004,f,d,u
14005,f,d,u
14006,f,m,w
14007,f,g,a
14008,f,g,u
14009,f,d,u
14010,f,d,w
14011,f,d,u
14012,t,d,a
14013,f,d,a
14014,f,h,u
14015,f,d,a
14016,t,l,a
14017,f,d,w
14018,f,g,a
14019,f,d,a
14020,t,m,u
14021,f,d,w
14022,f,d,a
14023,f,d,a
14024,f,d,a
14025,t,g,u
14026,f,d,a
14027,t,d,a
14028,f,d,a
14029,t,d,a
14030,f,d,a
14031,t,g,u
14032,f,d,u
14033,f,d,u
14034,f,g,u
14035,f,l,w
14036,t,d,u
14037,f,d,a
14038,f,d,a
14039,f,d,s
14040,f,d,a
14041,f,l,a
14042,f,d,u
14043,f,d,s
14044,f,g,a
14045,f,d,a
14046,t,p,w
14047,f,d,u
14048,f,d,u
14049,f,d,a
14050,f,d,a
14051,f,d,a
14052,f,g,u
14053,f,l,u
14054,f,d,u
14055,f,l,w
14056,f,d,u
14057,t,m,u
14058,f,d,a
14059,f,d,a
14060,f,l,a
14061,f,g,a
14062,f,l,a
14063,t,m,a
14064,f,d,w
14065,f,d,s
14066,f,d,u
14067,f,d,a
14068,f,d,u
14069,t,w,a
14070,f,d,a
14071,f,d,w
14072,f,g,u
14073,f,d,a
14074,f,d,u
14075,f,d,u
14076,t,d,a
14077,f,d,a
14078,f,g,u
14079,t,d,a
14080,t,w,u
14081,t,d,u
14082,f,d,u
14083,f,d,a
14084,f,d,a
14085,t,d,u
14086,f,g,u
14087,f,d,a
14088,f,d,u
14089,t,d,a
14090,t,d,u
14091,f,d,u
14092,f,l,u
14093,t,d,a
14094,f,h,s
14095,f,d,a
14096,f,d,w
14097,t,d,w
14098,t,d,a
14099,f,d,a
14100,f,m,s
14101,f,l,u
14102,f,d,a
14103,f,g,a
14104,t,g,a
14105,f,d,u
14106,f,d,a
14107,f,d,a
14108,t,d,s
14109,f,m,w
14110,f,d,a
14111,t,d,a
14112,f,g,u
14113,f,d,u
14114,f,d,s
14115,f,d,a
14116,f,m,s
14117,f,d,a
14118,t,m,a
14119,f,l,a
14120,f,g,a
14121,f,d,u
14122,f,h,a
14123,t,m,a
14124,f,g,a
14125,f,d,a
14126,f,d,a
14127,f,d,a
14128,t,d,u
14129,f,d,a
14130,t,d,a
14131,f,d,a
14132,f,m,w
14133,t,d,w
14134,f,d,a
14135,f,g,w
14136,f,d,a
14137,f,g,w
14138,f,d,w
14139,f,d,a
14140,t,d,a
14141,f,d,a
14142,t,d,a
14143,t,d,a
14144,f,d,w
14145,f,d,u
14146,f,d,u
14147,t,d,u
14148,t,d,a
14149,f,d,a
14150,f,d,a
14151,t,m,u
14152,f,g,u
14153,f,d,a
14154,f,d,a
14155,f,d,a
14156,f,g,a
14157,t,d,u
14158,f,d,u
14159,f,m,a
14160,f,m,s
14161,f,d,w
14162,f,l,a
14163,f,d,u
14164,f,p,u
14165,f,d,u
14166,t,w,u
14167,t,g,w
14168,f,d,a
14169,f,d,u
14170,f,d,a
14171,t,d,u
14172,f,l,w
14173,f,h,a
14174,f,d,a
14175,t,d,a
14176,f,d,w
14177,t,d,u
14178,f,p,a
14179,f,d,u
14180,t,d,s
14181,f,d,u
14182,f,d,a
14183,f,d,u
14184,t,d,u
14185,f,l,u
14186,f,d,u
14187,f,d,u
14188,f,d,a
14189,t,h,a
14190,f,m,u
14191,f,d,w
14192,f,g,a
14193,t,d,u
14194,t,d,w
14195,f,d,u
14196,f,d,u
14197,f,d,a
14198,t,d,a
14199,t,d,a
14200,f,g,a
14201,f,d,u
14202,f,d,a
14203,f,d,u
14204,f,d,u
14205,f,d,u
14206,f,h,u
14207,f,d,a
14208,t,d,a
14209,f,d,u
14210,f,d,u
14211,f,g,u
14212,f,g,u
14213,f,g,a
14214,f,h,u
14215,f,g,w
14216,f,g,a
14217,f,g,u
14218,f,d,u
14219,f,d,a
14220,f,d,a
14221,f,d,a
14222,f,g,a
14223,f,d,a
14224,f,l,a
14225,f,d,w
14226,f,g,u
14227,f,d,s
14228,f,d,a
14229,f,d,a
14230,f,l,w
14231,f,d,w
14232,f,d,u
14233,t,d,u
14234,f,g,a
14235,f,d,a
14236,f,d,a
14237,f,d,w
14238,t,d,a
14239,f,d,a
14240,f,h,a
14241,f,g,u
14242,t,w,u
14243,f,g,a
14244,f,d,a
14245,t,m,u
14246,f,g,a
14247,f,d,u
14248,f,d,a
14249,f,d,u
14250,f,d,a
14251,t,w,u
14252,f,g,u
14253,f,m,s
14254,f,g,u
14255,f,d,a
14256,t,g,w
14257,f,l,a
14258,t,m,a
14259,f,d,w
14260,t,d,w
14261,f,d,w
14262,f,l,u
14263,f,d,a
14264,f,m,w
14265,f,m,a
14266,f,d,s
14267,f,l,a
14268,t,d,a
14269,f,l,a
14270,f,d,w
14271,f,g,w
14272,f,d,w
14273,f,d,s
14274,f,d,a
14275,t,d,u
14276,f,d,u
14277,f,d,a
14278,f,h,a
14279,t,d,a
14280,f,d,u
14281,t,d,a
14282,f,d,a
14283,f,d,a
14284,f,d,a
14285,f,d,a
14286,t,d,u
14287,f,d,a
14288,f,g,a
14289,f,g,u
14290,f,d,a
14291,f,g,u
14292,f,d,u
14293,t,d,a
14294,f,d,a
14295,f,l,w
14296,t,g,s
14297,f,d,a
14298,f,d,a
14299,f,g,a
14300,t,g,u
14301,t,d,a
14302,f,h,a
14303,f,h,a
14304,f,d,w
14305,f,d,a
14306,f,g,a
14307,f,d,a
14308,f,m,w
14309,t,d,u
14310,f,d,s
14311,t,d,a
14312,f,d,u
14313,f,d,a
14314,t,d,u
14315,f,d,u
14316,f,l,w
14317,f,d,u
14318,t,d,u
14319,f,d,a
14320,f,d,w
14321,f,g,a
14322,f,d,u
14323,t,d,u
14324,f,d,u
14325,t,d,a
14326,f,d,a
14327,f,d,a
14328,f,m,w
14329,f,d,a
14330,f,d,a
14331,f,d,a
14332,t,d,u
14333,f,d,a
14334,t,d,a
14335,f,g,w
14336,f,d,a
14337,f,d,w
14338,f,g,s
14339,f,d,a
14340,f,d,u
14341,f,d,a
14342,f,d,w
14343,f,d,a
14344,f,g,u
14345,f,g,u
14346,t,d,a
14347,f,d,a
14348,f,g,w
14349,f,d,s
14350,f,l,a
14351,f,d,a
14352,f,d,a
14353,f,d,a
14354,f,d,s
14355,f,d,a
14356,t,g,u
14357,f,d,u
14358,t,g,a
14359,f,d,a
14360,f,d,u
14361,f,d,u
14362,f,l,a
14363,t,d,a
14364,f,d,u
14365,f,d,a
14366,f,d,a
14367,f,l,u
14368,f,d,u
14369,f,g,a
14370,t,d,a
14371,t,d,u
14372,f,g,u
14373,f,d,a
14374,f,g,u
14375,f,g,u
14376,f,d,w
14377,f,g,u
14378,f,h,a
14379,f,h,u
14380,t,m,a
14381,t,d,a
14382,f,m,a
14383,f,d,u
14384,t,d,a
14385,t,d,u
14386,f,d,u
14387,f,h,u
14388,f,l,a
14389,f,d,u
14390,f,d,u
14391,t,w,u
14392,t,d,u
14393,f,d,u
14394,t,d,w
14395,f,d,u
14396,f,d,a
14397,f,d,u
14398,t,d,a
14399,t,d,w
14400,f,d,a
14401,f,d,u
14402,f,d,a
14403,f,d,w
14404,f,l,w
14405,f,h,u
14406,f,d,a
14407,f,g,s
14408,t,d,u
14409,f,d,a
14410,f,h,a
14411,f,d,u
14412,f,d,a
14413,t,w,u
14414,f,m,a
14415,t,d,u
14416,f,d,s
14417,f,d,a
14418,f,d,u
14419,t,d,u
14420,f,g,a
14421,f,l,a
14422,f,d,a
14423,f,l,a
14424,f,g,u
14425,f,g,u
14426,f,d,a
14427,f,d,s
14428,t,d,u
14429,f,d,a
14430,f,d,u
14431,t,d,a
14432,f,d,a
14433,f,d,w
14434,f,d,a
14435,f,d,a
14436,f,d,s
14437,f,l,a
14438,t,d,a
14439,t,d,a
14440,f,d,a
14441,f,g,a
14442,f,g,u
14443,t,d,u
14444,f,d,a
14445,t,d,u
14446,f,d,a
14447,f,h,u
14448,f,d,u
14449,t,g,a
14450,f,d,a
14451,f,d,u
14452,f,g,a
14453,f,l,a
14454,t,d,a
14455,f,d,u
14456,f,d,u
14457,f,g,a
14458,f,d,a
14459,f,d,u
14460,f,d,u
14461,t,d,u
14462,t,d,u
14463,f,g,u
14464,f,d,u
14465,f,l,s
14466,t,g,s
14467,f,d,a
14468,t,g,w
14469,f,d,a
14470,f,d,w
14471,t,d,a
14472,f,d,u
14473,f,d,u
14474,f,d,u
14475,f,d,a
14476,f,d,a
14477,f,d,u
14478,t,d,a
14479,f,m,u
14480,f,g,u
14481,t,d,a
14482,f,d,a
14483,t,d,u
14484,t,d,u
14485,f,g,u
14486,t,g,u
14487,f,d,a
14488,f,d,u
14489,t,d,u
14490,f,d,a
14491,f,g,u
14492,f,l,a
14493,f,d,u
14494,f,d,u
14495,t,d,w
14496,f,d,a
14497,t,g,w
14498,f,d,s
14499,f,g,u
14500,f,g,u
14501,f,d,u
14502,f,d,a
14503,f,d,s
14504,f,g,w
14505,f,m,u
14506,f,d,a
14507,f,d,u
14508,t,g,a
14509,f,d,w
14510,t,d,a
14511,f,d,u
14512,f,d,a
14513,f,d,u
14514,f,d,a
14515,f,d,a
14516,f,d,u
14517,f,d,a
14518,f,d,w
14519,f,d,a
14520,t,g,w
14521,f,d,a
14522,t,d,u
14523,t,d,u
14524,t,h,u
14525,t,d,u
14526,f,l,a
14527,t,d,u
14528,f,l,s
14529,f,d,a
14530,t,d,a
14531,t,d,a
14532,t,g,a
14533,f,g,a
14534,t,d,a
14535,f,d,a
14536,f,d,a
14537,f,d,a
14538,f,d,a
14539,f,d,u
14540,f,d,a
14541,f,d,u
14542,f,d,a
14543,f,d,u
14544,f,d,a
14545,f,m,w
14546,f,d,a
14547,f,d,a
14548,f,d,u
14549,f,d,a
14550,f,d,u
14551,t,d,a
14552,f,d,a
14553,f,d,w
14554,f,p,a
14555,f,d,u
14556,f,d,w
14557,f,g,a
14558,t,m,a
14559,f,g,a
14560,f,d,u
14561,f,d,a
14562,f,d,a
14563,f,h,a
14564,f,d,a
14565,t,d,u
14566,f,h,a
14567,t,d,a
14568,f,d,s
14569,t,d,u
14570,f,d,a
14571,f,g,a
14572,f,d,a
14573,f,d,a
14574,f,g,w
14575,f,d,a
14576,f,d,s
14577,f,d,u
14578,f,h,u
14579,f,d,a
14580,f,l,u
14581,f,g,w
14582,f,l,w
14583,t,d,a
14584,f,d,a
14585,f,l,w
14586,f,d,a
14587,f,g,u
14588,t,d,a
14589,f,d,a
14590,f,d,a
14591,t,d,u
14592,f,d,u
14593,f,d,s
14594,f,m,a
14595,f,g,u
14596,f,p,a
14597,t,m,a
14598,f,g,a
14599,f,d,a
14600,t,d,u
14601,f,d,w
14602,f,h,a
14603,t,g,a
14604,t,d,a
14605,f,d,u
14606,f,h,a
14607,f,g,a
14608,t,p,a
14609,t,d,a
14610,f,d,u
14611,f,g,u
14612,f,g,a
14613,f,d,s
14614,f,d,a
14615,f,d,a
14616,f,g,u
14617,f,d,a
14618,f,g,s
14619,f,d,a
14620,f,d,a
14621,f,d,a
14622,f,d,a
14623,f,d,u
14624,f,d,u
14625,f,d,a
14626,f,d,u
14627,f,d,w
14628,f,d,u
14629,t,g,u
14630,t,d,w
14631,t,d,u
14632,f,d,u
14633,f,d,u
14634,f,m,w
14635,f,d,w
14636,f,d,a
14637,f,d,a
14638,f,d,s
14639,f,d,a
14640,t,d,a
14641,t,g,s
14642,f,d,s
14643,t,d,s
14644,f,d,a
14645,f,h,u
14646,t,h,u
14647,t,d,a
14648,f,l,a
14649,f,d,a
14650,t,g,u
14651,f,g,a
14652,t,d,u
14653,f,d,u
14654,f,l,u
14655,f,d,a
14656,t,d,u
14657,f,d,u
14658,f,d,u
14659,f,d,a
14660,f,d,s
14661,t,d,a
14662,f,d,a
14663,f,d,u
14664,t,d,a
14665,f,g,a
14666,f,l,s
14667,t,m,a
14668,t,d,a
14669,f,d,a
14670,t,d,u
14671,f,d,u
14672,f,d,a
14673,f,g,a
14674,f,d,s
14675,f,d,a
14676,f,d,a
14677,f,d,a
14678,t,w,a
14679,f,d,w
14680,f,g,a
14681,f,d,u
14682,f,d,a
14683,f,d,a
14684,t,d,a
14685,f,d,a
14686,f,d,a
14687,f,l,s
14688,f,d,a
14689,f,d,u
14690,f,d,a
14691,t,g,a
14692,f,h,u
14693,f,d,a
14694,t,d,u
14695,f,d,a
14696,f,d,a
14697,f,d,a
14698,f,d,a
14699,t,d,w
14700,t,d,u
14701,f,h,u
14702,f,d,u
14703,t,d,u
14704,t,d,u
14705,f,g,a
14706,f,d,a
14707,f,d,w
14708,f,d,a
14709,f,d,u
14710,f,d,a
14711,t,w,a
14712,f,g,a
14713,f,g,u
14714,f,m,u
14715,f,d,a
14716,f,d,u
14717,f,d,u
14718,f,l,a
14719,f,d,u
14720,t,g,u
14721,f,d,a
14722,f,g,a
14723,f,d,a
14724,f,d,u
14725,f,d,u
14726,f,d,a
14727,f,h,a
14728,f,g,u
14729,t,d,a
14730,t,d,u
14731,f,d,a
14732,f,d,a
14733,f,d,u
14734,f,d,u
14735,f,d,a
14736,f,d,s
14737,t,d,w
14738,f,d,a
14739,f,d,a
14740,f,g,a
14741,t,d,a
14742,f,g,u
14743,f,d,u
14744,f,g,u
14745,f,d,a
14746,f,g,a
14747,t,d,u
14748,f,g,u
14749,t,g,a
14750,f,d,s
14751,f,d,u
14752,f,l,s
14753,f,d,u
14754,f,d,a
14755,f,d,u
14756,f,g,a
14757,f,d,u
14758,f,d,w
14759,f,g,a
14760,f,d,a
14761,f,d,a
14762,f,d,u
14763,f,d,w
14764,f,d,a
14765,f,d,a
14766,t,d,u
14767,f,g,a
14768,f,d,u
14769,t,d,u
14770,f,d,u
14771,f,d,u
14772,t,d,w
14773,f,d,a
14774,t,d,u
14775,f,d,a
14776,f,d,a
14777,f,d,a
14778,f,g,a
14779,f,d,a
14780,t,m,a
14781,f,l,a
14782,f,g,u
14783,f,d,u
14784,f,d,w
14785,f,g,w
14786,f,d,a
14787,t,d,w
14788,f,l,u
14789,t,d,a
14790,t,d,a
14791,f,d,a
14792,f,m,u
14793,f,d,a
14794,f,d,a
14795,f,d,u
14796,t,d,a
14797,f,d,u
14798,f,d,a
14799,t,d,u
14800,t,m,a
14801,f,l,u
14802,f,d,a
14803,f,d,w
14804,t,d,a
14805,t,g,a
14806,f,d,u
14807,t,d,u
14808,f,d,u
14809,f,d,u
14810,f,d,u
14811,f,d,s
14812,t,d,a
14813,f,g,a
14814,f,l,u
14815,f,d,a
14816,f,d,a
14817,f,g,u
14818,f,d,w
14819,f,d,a
14820,f,d,u
14821,f,d,a
14822,t,d,a
14823,f,d,a
14824,f,d,w
14825,f,l,s
14826,f,d,u
14827,f,d,u
14828,f,d,a
14829,f,d,a
14830,f,l,a
14831,t,m,a
14832,f,d,a
14833,t,d,a
14834,f,d,u
14835,f,d,w
14836,t,d,w
14837,f,d,u
14838,f,g,w
14839,f,p,u
14840,f,d,u
14841,t,p,a
14842,f,g,u
14843,f,d,w
14844,f,d,u
14845,f,d,a
14846,t,m,u
14847,f,d,a
14848,f,d,a
14849,t,l,a
14850,f,d,a
14851,f,d,w
14852,f,d,a
14853,f,d,a
14854,t,l,a
14855,f,d,a
14856,f,d,a
14857,t,m,u
14858,t,d,s
14859,t,m,u
14860,f,l,u
14861,t,d,u
14862,f,d,a
14863,f,m,a
14864,f,g,u
14865,f,d,a
14866,f,g,a
14867,t,g,s
14868,f,d,a
14869,f,d,w
14870,t,g,a
14871,f,d,u
14872,f,g,u
14873,f,d,w
14874,f,d,a
14875,f,d,a
14876,t,d,a
14877,t,d,a
14878,f,d,u
14879,t,d,a
14880,f,d,w
14881,t,d,u
14882,f,g,u
14883,f,d,u
14884,f,g,a
14885,t,g,a
14886,f,d,u
14887,f,h,u
14888,f,d,a
14889,f,d,a
14890,f,d,w
14891,f,d,a
14892,f,l,a
14893,f,g,a
14894,f,g,u
14895,f,d,w
14896,t,d,u
14897,f,g,a
14898,f,d,a
14899,f,d,a
14900,f,g,u
14901,f,g,a
14902,t,d,a
14903,f,d,a
14904,f,h,a
14905,f,d,s
14906,t,d,u
14907,f,d,u
14908,f,d,a
14909,f,d,a
14910,t,l,a
14911,t,d,a
14912,f,d,s
14913,f,l,u
14914,f,g,s
14915,t,d,a
14916,f,g,u
14917,f,d,a
14918,f,d,u
14919,f,d,a
14920,f,d,w
14921,f,d,a
14922,f,h,u
14923,t,d,a
14924,f,d,w
14925,f,d,u
14926,f,d,a
14927,f,g,u
14928,t,d,a
14929,f,d,a
14930,f,d,u
14931,t,d,a
14932,f,d,w
14933,f,d,a
14934,f,d,a
14935,f,h,a
14936,t,w,a
14937,f,d,a
14938,f,g,u
14939,f,l,w
14940,f,d,a
14941,f,d,u
14942,f,d,a
14943,f,l,a
14944,t,d,a
14945,t,g,a
14946,f,d,u
14947,f,d,u
14948,f,d,u
14949,f,d,u
14950,t,m,a
14951,f,h,u
14952,f,d,a
14953,t,d,u
14954,f,d,u
14955,f,g,u
14956,f,d,a
14957,f,d,u
14958,f,d,u
14959,f,d,w
14960,f,d,a
14961,t,d,a
14962,f,g,u
14963,f,d,a
14964,t,d,a
14965,t,u,s
14966,t,d,u
14967,f,g,a
14968,t,d,a
14969,f,d,w
14970,f,g,u
14971,f,g,u
14972,f,g,a
14973,f,d,a
14974,f,d,a
14975,f,d,u
14976,f,h,a
14977,f,h,a
14978,f,d,u
14979,t,d,u
14980,t,g,w
14981,f,l,w
14982,f,d,w
14983,t,w,a
14984,t,m,a
14985,t,d,a
14986,t,d,a
14987,f,d,u
14988,f,g,u
14989,f,d,a
14990,f,d,u
14991,f,h,a
14992,t,d,u
14993,f,d,a
14994,f,g,a
14995,f,d,a
14996,t,d,u
14997,f,d,u
14998,f,g,a
14999,t,g,u
15000,f,d,u
15001,t,d,u
15002,f,d,a
15003,f,d,a
15004,f,m,u
15005,f,d,u
15006,f,g,w
15007,f,d,a
15008,f,m,a
15009,f,d,a
15010,f,d,a
15011,f,d,u
15012,f,d,a
15013,f,g,a
15014,t,d,a
15015,f,d,u
15016,f,d,a
15017,f,d,u
15018,f,d,a
15019,f,d,a
15020,f,l,a
15021,f,d,a
15022,f,d,u
15023,f,d,a
15024,f,l,a
15025,f,g,a
15026,f,d,u
15027,f,d,u
15028,f,d,s
15029,f,d,a
15030,t,d,u
15031,f,h,u
15032,f,l,u
15033,t,d,a
15034,f,m,a
15035,f,l,u
15036,f,d,u
15037,t,g,w
15038,f,g,u
15039,t,d,u
15040,f,d,w
15041,f,d,u
15042,f,d,u
15043,f,g,a
15044,f,d,a
15045,f,d,w
15046,f,d,a
15047,f,l,a
15048,f,d,a
15049,t,d,w
15050,t,g,u
15051,f,d,u
15052,f,d,s
15053,t,g,u
15054,t,d,a
15055,f,g,a
15056,f,d,a
15057,f,g,a
15058,f,d,u
15059,f,g,u
15060,f,d,w
15061,t,d,a
15062,f,d,a
15063,f,d,a
15064,f,d,u
15065,f,d,u
15066,f,g,u
15067,f,g,w
15068,f,d,w
15069,t,d,a
15070,f,l,u
15071,f,l,a
15072,t,d,u
15073,f,d,u
15074,t,w,a
15075,t,g,s
15076,f,d,s
15077,f,d,u
15078,t,d,u
15079,f,d,a
15080,f,d,a
15081,f,d,a
15082,f,g,a
15083,f,d,a
15084,t,d,a
15085,t,d,a
15086,f,d,a
15087,f,d,u
15088,f,l,w
15089,t,g,w
15090,t,l,u
15091,f,d,u
15092,f,d,w
15093,f,d,u
15094,f,d,a
15095,f,d,u
15096,f,g,w
15097,t,d,u
15098,f,d,a
15099,t,d,a
15100,f,d,a
15101,t,d,s
15102,t,d,a
15103,t,m,a
15104,f,d,a
15105,f,d,u
15106,f,d,a
15107,t,d,a
15108,t,g,u
15109,f,d,u
15110,f,d,u
15111,f,d,s
15112,t,d,s
15113,f,d,u
15114,f,m,a
15115,f,d,a
15116,t,d,a
15117,f,d,s
15118,t,d,u
15119,t,g,a
15120,f,d,a
15121,f,d,a
15122,t,d,u
15123,f,d,u
15124,t,d,a
15125,f,h,s
15126,t,d,a
15127,f,d,a
15128,t,d,a
15129,f,l,a
15130,f,h,u
15131,t,d,s
15132,f,d,s
15133,t,m,u
15134,f,d,a
15135,f,d,u
15136,t,d,a
15137,f,h,a
15138,t,d,u
15139,f,d,a
15140,f,d,a
15141,f,d,a
15142,f,h,a
15143,f,d,s
15144,f,d,a
15145,f,d,u
15146,f,d,u
15147,f,d,a
15148,f,d,w
15149,f,d,a
15150,f,d,a
15151,f,d,a
15152,f,h,u
15153,f,l,u
15154,f,d,a
15155,f,d,u
15156,f,d,u
15157,f,d,a
15158,t,w,a
15159,f,d,u
15160,f,l,w
15161,f,h,u
15162,f,d,u
15163,f,d,u
15164,f,g,u
15165,t,d,a
15166,f,d,u
15167,t,d,a
15168,f,d,a
15169,f,d,a
15170,f,d,a
15171,f,d,u
15172,f,g,a
15173,f,d,u
15174,f,g,u
15175,t,d,a
15176,f,d,s
15177,f,d,a
15178,f,d,u
15179,f,g,a
15180,f,g,a
15181,t,g,u
15182,t,d,u
15183,f,d,a
15184,t,d,u
15185,f,d,a
15186,t,d,a
15187,f,d,u
15188,f,d,a
15189,f,d,a
15190,t,g,u
15191,f,m,a
15192,f,d,s
15193,f,d,a
15194,t,m,u
15195,f,d,u
15196,t,d,a
15197,f,m,w
15198,f,d,w
15199,f,d,u
15200,f,d,a
15201,f,d,a
15202,f,d,w
15203,f,l,a
15204,f,d,u
15205,f,g,a
15206,f,d,u
15207,f,l,a
15208,t,d,u
15209,f,d,w
15210,f,d,a
15211,f,d,w
15212,f,d,u
15213,f,d,u
15214,t,d,u
15215,t,g,s
15216,f,d,u
15217,t,d,u
15218,t,d,w
15219,f,l,a
15220,t,d,u
15221,f,g,a
15222,f,d,u
15223,f,g,w
15224,f,d,a
15225,f,d,u
15226,f,d,u
15227,t,d,a
15228,f,d,a
15229,f,m,a
15230,t,d,u
15231,f,d,s
15232,t,m,a
15233,f,d,u
15234,f,d,a
15235,f,g,a
15236,f,g,s
15237,f,d,a
15238,t,d,u
15239,f,d,u
15240,f,d,u
15241,f,d,a
15242,t,d,u
15243,f,d,u
15244,f,d,u
15245,f,d,a
15246,f,g,a
15247,f,d,a
15248,f,d,a
15249,f,d,u
15250,f,d,a
15251,f,l,w
15252,f,d,a
15253,f,d,a
15254,f,d,a
15255,f,d,a
15256,f,d,a
15257,f,g,u
15258,f,d,a
15259,f,h,a
15260,f,g,a
15261,f,p,u
15262,f,d,u
15263,t,d,u
15264,f,d,a
15265,f,d,a
15266,f,d,a
15267,t,d,s
15268,f,d,a
15269,f,g,a
15270,f,d,a
15271,t,g,u
15272,f,d,u
15273,f,l,a
15274,t,d,u
15275,f,d,u
15276,f,l,u
15277,f,l,u
15278,f,m,a
15279,f,g,a
15280,f,m,w
15281,f,d,u
15282,t,d,a
15283,f,l,a
15284,f,d,a
15285,f,d,a
15286,f,l,a
15287,t,d,w
15288,f,d,u
15289,t,g,u
15290,f,g,a
15291,f,d,s
15292,f,d,w
15293,f,d,w
15294,f,d,w
15295,t,d,a
15296,f,g,u
15297,f,d,w
15298,f,d,u
15299,f,d,w
15300,t,d,a
15301,t,p,a
15302,f,d,u
15303,f,g,u
15304,f,d,u
15305,f,d,a
15306,f,d,s
15307,t,g,a
15308,f,d,a
15309,f,d,u
15310,f,d,s
15311,f,d,u
15312,f,d,a
15313,f,d,a
15314,f,d,u
15315,f,d,w
15316,f,g,a
15317,f,l,s
15318,t,d,u
15319,t,d,u
15320,f,d,a
15321,f,d,u
15322,f,h,a
15323,t,d,u
15324,t,g,s
15325,f,d,u
15326,f,h,u
15327,f,h,a
15328,f,d,a
15329,f,d,u
15330,f,d,u
15331,f,d,a
15332,f,d,a
15333,f,g,a
15334,f,m,a
15335,f,d,u
15336,t,d,a
15337,f,d,u
15338,f,d,u
15339,t,d,a
15340,f,d,a
15341,f,d,a
15342,f,d,a
15343,t,g,a
15344,f,d,a
15345,f,d,w
15346,f,d,u
15347,t,d,w
15348,f,d,u
15349,f,d,a
15350,f,g,u
15351,f,d,w
15352,t,d,a
15353,f,d,a
15354,f,d,a
15355,f,l,u
15356,f,d,s
15357,f,d,a
15358,f,g,a
15359,f,d,u
15360,t,d,a
15361,t,g,w
15362,f,l,a
15363,f,h,s
15364,f,l,a
15365,f,g,a
15366,t,g,a
15367,t,d,a
15368,f,p,u
15369,t,d,a
15370,f,g,a
15371,f,g,u
15372,f,d,w
15373,t,d,a
15374,f,d,a
15375,f,d,s
15376,f,d,u
15377,t,d,a
15378,f,d,a
15379,f,g,s
15380,f,d,w
15381,f,m,a
15382,f,d,a
15383,f,d,a
15384,f,d,u
15385,f,d,u
15386,f,g,a
15387,f,d,u
15388,f,d,a
15389,t,d,u
15390,t,d,a
15391,f,h,u
15392,f,d,s
15393,f,d,u
15394,f,d,a
15395,f,d,a
15396,f,d,u
15397,f,d,a
15398,f,d,a
15399,t,d,w
15400,t,d,a
15401,f,d,u
15402,f,d,u
15403,f,g,a
15404,f,d,u
15405,f,g,u
15406,f,d,u
15407,t,d,a
15408,t,d,u
15409,f,g,a
15410,f,p,a
15411,f,g,a
15412,f,g,a
15413,t,g,w
15414,f,d,a
15415,f,l,a
15416,f,d,u
15417,f,d,u
15418,t,d,a
15419,f,d,a
15420,f,d,a
15421,f,g,w
15422,f,d,u
15423,f,d,a
15424,f,d,a
15425,f,d,a
15426,f,d,s
15427,f,g,u
15428,f,d,u
15429,f,d,u
15430,f,g,a
15431,f,d,w
15432,t,p,u
15433,f,g,a
15434,f,d,a
15435,f,d,a
15436,t,g,u
15437,f,h,a
15438,f,d,w
15439,f,d,a
15440,f,d,u
15441,f,d,a
15442,t,d,u
15443,f,d,u
15444,t,d,s
15445,f,d,u
15446,t,g,u
15447,f,d,u
15448,f,d,a
15449,t,d,w
15450,t,g,a
15451,f,d,a
15452,f,d,u
15453,f,d,w
15454,f,d,s
15455,t,g,a
15456,t,d,a
15457,t,d,u
15458,f,d,w
15459,f,d,w
15460,f,d,u
15461,f,d,u
15462,f,l,a
15463,t,d,w
15464,t,d,u
15465,f,g,u
15466,f,d,a
15467,f,d,u
15468,f,d,a
15469,t,g,u
15470,t,d,u
15471,f,g,a
15472,f,m,a
15473,f,d,a
15474,f,g,a
15475,t,g,u
15476,f,m,u
15477,f,g,a
15478,t,m,a
15479,f,d,u
15480,f,g,a
15481,f,d,a
15482,t,d,a
15483,f,d,u
15484,t,d,a
15485,t,d,a
15486,f,d,a
15487,f,d,w
15488,f,m,u
15489,t,g,u
15490,f,d,u
15491,f,g,a
15492,f,d,a
15493,f,d,a
15494,t,d,a
15495,f,d,a
15496,f,d,u
15497,f,d,a
15498,f,l,a
15499,f,d,a
15500,f,m,u
15501,f,d,u
15502,f,m,u
15503,t,d,w
15504,t,d,u
15505,t,d,a
15506,t,w,u
15507,t,d,s
15508,f,d,a
15509,f,d,a
15510,f,d,u
15511,f,d,a
15512,t,d,a
15513,t,d,u
15514,f,g,a
15515,t,g,a
15516,f,d,s
15517,f,d,u
15518,t,d,a
15519,f,g,u
15520,f,g,a
15521,f,d,a
15522,f,d,a
15523,f,l,a
15524,f,l,a
15525,f,g,a
15526,f,d,a
15527,f,d,u
15528,f,h,u
15529,f,g,u
15530,f,d,u
15531,f,d,u
15532,f,d,w
15533,f,h,u
15534,t,d,a
15535,f,m,u
15536,f,d,w
15537,f,d,u
15538,t,g,a
15539,f,d,a
15540,f,d,a
15541,f,d,a
15542,f,d,a
15543,f,d,a
15544,f,d,u
15545,f,d,a
15546,f,g,a
15547,t,d,a
15548,f,l,a
15549,f,d,a
15550,t,d,s
15551,f,l,a
15552,t,d,a
15553,t,d,u
15554,f,m,a
15555,t,d,u
15556,t,g,u
15557,f,d,u
15558,f,l,s
15559,f,h,a
15560,t,l,a
15561,t,d,a
15562,f,m,u
15563,f,m,a
15564,t,d,a
15565,f,d,a
15566,f,d,a
15567,f,d,a
15568,f,d,u
15569,f,d,a
15570,f,d,a
15571,f,d,w
15572,t,d,a
15573,f,d,a
15574,t,g,u
15575,t,d,u
15576,t,d,a
15577,f,h,a
15578,f,d,w
15579,f,d,a
15580,f,d,u
15581,t,d,u
15582,f,d,a
15583,t,d,a
15584,f,h,u
15585,f,d,a
15586,f,d,a
15587,t,d,a
15588,f,d,s
15589,f,d,a
15590,f,d,a
15591,t,g,u
15592,t,w,u
15593,f,d,a
15594,t,d,a
15595,t,g,u
15596,f,d,u
15597,t,d,w
15598,t,d,w
15599,f,d,u
15600,f,d,u
15601,f,m,a
15602,f,l,u
15603,f,d,u
15604,f,g,u
15605,f,d,a
15606,f,d,a
15607,t,d,a
15608,f,d,u
15609,f,d,u
15610,t,g,a
15611,f,d,a
15612,f,g,u
15613,t,d,a
15614,f,d,a
15615,f,d,a
15616,f,d,u
15617,f,d,s
15618,f,d,a
15619,f,d,s
15620,f,l,a
15621,f,d,a
15622,f,d,u
15623,f,d,a
15624,f,d,u
15625,f,d,w
15626,f,d,w
15627,f,g,a
15628,f,d,w
15629,t,d,a
15630,f,l,u
15631,f,d,u
15632,f,d,u
15633,f,d,w
15634,f,d,a
15635,t,d,a
15636,f,d,a
15637,f,d,a
15638,t,d,a
15639,f,d,a
15640,f,d,a
15641,f,d,s
15642,f,g,s
15643,f,m,a
15644,t,h,u
15645,t,d,w
15646,f,m,w
15647,t,d,a
15648,f,d,a
15649,f,d,a
15650,f,l,u
15651,f,d,u
15652,t,d,u
15653,f,g,a
15654,f,d,u
15655,f,l,w
15656,f,g,a
15657,f,g,a
15658,f,g,u
15659,f,d,a
15660,t,w,u
15661,f,d,a
15662,f,h,u
15663,f,l,a
15664,f,d,a
15665,f,g,a
15666,f,d,u
15667,f,d,u
15668,f,d,u
15669,f,d,a
15670,t,d,u
15671,f,d,u
15672,t,w,u
15673,f,g,u
15674,f,l,w
15675,f,d,a
15676,f,d,w
15677,f,d,u
15678,t,d,a
15679,f,d,a
15680,f,h,a
15681,t,p,a
15682,f,g,a
15683,f,d,w
15684,f,d,a
15685,f,d,a
15686,t,d,a
15687,f,m,s
15688,t,m,u
15689,t,d,a
15690,t,d,u
15691,t,g,u
15692,f,d,u
15693,f,d,a
15694,f,d,u
15695,f,d,a
15696,f,d,a
15697,f,d,a
15698,f,m,u
15699,f,d,u
15700,f,d,s
15701,f,d,a
15702,f,d,a
15703,t,m,u
15704,f,d,a
15705,f,d,w
15706,f,d,a
15707,f,g,u
15708,f,d,w
15709,t,m,a
15710,f,d,u
15711,f,g,a
15712,t,d,a
15713,t,d,a
15714,f,g,a
15715,f,d,u
15716,t,d,a
15717,f,d,s
15718,f,d,a
15719,t,d,a
15720,f,d,u
15721,t,d,u
15722,f,g,a
15723,t,d,u
15724,t,d,a
15725,f,d,u
15726,f,d,u
15727,f,g,u
15728,f,d,u
15729,f,g,u
15730,f,d,u
15731,f,d,a
15732,f,d,u
15733,f,g,a
15734,f,d,a
15735,f,d,a
15736,t,g,u
15737,f,h,a
15738,f,d,u
15739,t,m,u
15740,f,d,a
15741,t,d,a
15742,f,h,u
15743,f,d,a
15744,f,d,u
15745,f,d,u
15746,f,g,a
15747,f,d,a
15748,t,d,w
15749,f,g,a
15750,f,l,a
15751,f,d,s
15752,t,d,a
15753,f,l,u
15754,f,d,u
15755,t,d,a
15756,f,d,a
15757,f,d,a
15758,f,d,s
15759,f,g,u
15760,f,d,a
15761,f,d,a
15762,f,d,w
15763,f,l,u
15764,f,d,a
15765,f,d,u
15766,f,h,u
15767,t,d,w
15768,f,h,a
15769,f,d,a
15770,t,g,a
15771,f,d,u
15772,f,d,a
15773,f,d,u
15774,f,d,s
15775,f,d,s
15776,t,d,u
15777,t,d,u
15778,f,d,a
15779,f,d,s
15780,f,d,w
15781,f,d,a
15782,f,d,a
15783,f,d,a
15784,f,h,a
15785,f,g,a
15786,f,d,a
15787,f,g,a
15788,f,d,u
15789,f,d,a
15790,t,u,s
15791,t,d,u
15792,t,d,a
15793,t,d,s
15794,f,g,u
15795,t,w,a
15796,t,d,w
15797,f,d,u
15798,f,d,u
15799,f,d,u
15800,f,d,a
15801,f,d,u
15802,f,d,a
15803,t,d,a
15804,f,g,u
15805,f,h,u
15806,f,d,a
15807,f,d,a
15808,t,d,u
15809,t,w,u
15810,f,l,u
15811,f,m,a
15812,t,g,u
15813,t,d,a
15814,f,h,a
15815,f,h,a
15816,f,d,u
15817,t,d,a
15818,f,d,a
15819,f,d,u
15820,f,d,a
15821,t,d,a
15822,t,d,a
15823,f,l,a
15824,t,d,a
15825,f,d,u
15826,f,d,u
15827,f,h,a
15828,t,d,s
15829,t,g,a
15830,f,d,u
15831,f,d,a
15832,f,d,w
15833,f,g,u
15834,f,d,a
15835,f,g,u
15836,f,d,a
15837,f,l,s
15838,t,d,u
15839,f,d,s
15840,t,g,u
15841,f,g,w
15842,f,d,a
15843,f,l,u
15844,f,d,a
15845,f,d,a
15846,f,g,a
15847,f,d,w
15848,f,d,s
15849,t,d,a
15850,f,g,a
15851,f,d,a
15852,f,d,u
15853,t,d,a
15854,f,d,a
15855,f,h,a
15856,f,d,u
15857,f,g,u
15858,t,d,a
15859,f,g,u
15860,f,d,a
15861,f,h,a
15862,f,g,u
15863,f,d,u
15864,f,d,u
15865,f,d,u
15866,f,d,s
15867,t,w,a
15868,f,d,a
15869,t,m,a
15870,f,l,s
15871,t,d,a
15872,f,g,a
15873,f,d,u
15874,f,d,a
15875,f,m,u
15876,f,g,u
15877,f,g,u
15878,t,g,a
15879,t,d,w
15880,f,d,a
15881,f,d,w
15882,f,d,u
15883,t,d,w
15884,f,d,a
15885,f,m,a
15886,f,d,u
15887,t,g,a
15888,f,h,a
15889,f,d,w
15890,f,d,a
15891,f,d,u
15892,t,d,a
15893,t,d,a
15894,f,d,a
15895,f,d,a
15896,f,h,a
15897,f,d,a
15898,f,d,a
15899,f,g,u
15900,f,d,u
15901,t,d,a
15902,f,l,s
15903,f,d,s
15904,f,l,w
15905,f,d,a
15906,f,d,a
15907,f,d,a
15908,f,d,s
15909,f,d,a
15910,f,d,a
15911,f,h,a
15912,f,l,u
15913,f,m,s
15914,f,d,u
15915,f,d,u
15916,f,d,u
15917,f,d,a
15918,f,d,u
15919,f,g,a
15920,f,d,a
15921,f,m,a
15922,t,d,a
15923,f,d,a
15924,t,d,u
15925,f,l,a
15926,f,d,u
15927,f,d,u
15928,f,d,u
15929,t,d,u
15930,t,d,a
15931,t,d,a
15932,f,d,u
15933,f,d,a
15934,f,l,a
15935,f,l,w
15936,t,d,a
15937,f,d,a
15938,f,d,u
15939,f,d,a
15940,f,d,a
15941,f,d,w
15942,f,d,a
15943,f,d,u
15944,t,d,u
15945,f,d,u
15946,f,d,a
15947,f,g,a
15948,f,d,u
15949,f,m,u
15950,t,d,a
15951,f,d,u
15952,f,d,a
15953,f,g,a
15954,f,d,u
15955,f,d,u
15956,f,g,a
15957,f,g,a
15958,f,l,w
15959,f,d,a
15960,t,d,u
15961,f,d,a
15962,f,g,a
15963,f,l,a
15964,f,d,a
15965,t,g,u
15966,t,d,u
15967,t,d,w
15968,f,d,u
15969,f,d,a
15970,t,d,w
15971,f,d,a
15972,f,d,u
15973,f,d,s
15974,f,d,a
15975,f,d,u
15976,f,d,a
15977,t,d,a
15978,t,d,u
15979,f,d,a
15980,f,d,a
15981,f,g,w
15982,f,d,u
15983,t,l,a
15984,f,d,u
15985,f,d,a
15986,f,g,a
15987,f,h,a
15988,f,d,a
15989,t,d,w
15990,f,d,a
15991,f,g,u
15992,t,g,a
15993,f,d,a
15994,f,g,a
15995,f,h,u
15996,f,d,a
15997,t,m,u
15998,f,d,a
15999,f,d,w
16000,f,m,a
16001,f,g,u
16002,f,h,u
16003,f,d,u
16004,f,l,s
16005,f,g,a
16006,f,l,a
16007,f,m,u
16008,f,d,a
16009,t,m,a
16010,f,d,a
16011,t,d,a
16012,f,d,w
16013,f,h,a
16014,f,d,u
16015,f,d,a
16016,t,d,u
16017,t,d,u
16018,t,m,s
16019,f,d,s
16020,f,d,w
16021,f,d,s
16022,f,d,u
16023,f,g,w
16024,t,d,a
16025,f,g,a
16026,f,d,a
16027,f,g,a
16028,t,g,u
16029,t,d,a
16030,f,d,a
16031,f,g,a
16032,t,d,a
16033,t,d,w
16034,f,d,u
16035,f,d,a
16036,f,d,u
16037,f,d,u
16038,f,d,w
16039,f,d,u
16040,f,g,u
16041,f,l,a
16042,t,m,s
16043,t,d,u
16044,f,g,a
16045,f,d,a
16046,f,d,a
16047,f,l,u
16048,t,d,a
16049,t,m,s
16050,f,d,a
16051,f,g,a
16052,f,g,a
16053,t,d,w
16054,f,g,u
16055,f,h,a
16056,f,d,a
16057,t,d,u
16058,t,m,a
16059,t,d,u
16060,f,g,w
16061,f,d,u
16062,t,g,s
16063,f,d,a
16064,t,u,w
16065,t,g,u
16066,f,d,a
16067,t,d,a
16068,f,d,u
16069,f,g,a
16070,f,g,a
16071,f,d,u
16072,t,d,a
16073,f,d,a
16074,t,g,a
16075,t,d,u
16076,f,g,u
16077,f,d,a
16078,f,d,a
16079,t,d,u
16080,t,h,a
16081,t,g,s
16082,f,d,u
16083,f,d,u
16084,f,d,u
16085,t,d,u
16086,f,d,a
16087,t,d,a
16088,f,g,s
16089,f,d,u
16090,f,d,u
16091,f,d,a
16092,f,g,a
16093,f,g,a
16094,t,d,a
16095,f,g,a
16096,f,d,u
16097,f,l,a
16098,f,d,a
16099,f,g,a
16100,f,d,a
16101,f,h,a
16102,f,d,u
16103,f,d,a
16104,f,d,a
16105,f,l,u
16106,t,d,a
16107,f,l,w
16108,t,d,u
16109,f,d,a
16110,f,d,u
16111,f,g,a
16112,t,g,a
16113,f,g,u
16114,f,d,a
16115,f,d,s
16116,f,d,a
16117,f,d,u
16118,t,l,u
16119,f,g,u
16120,f,d,a
16121,t,d,a
16122,t,m,u
16123,f,g,a
16124,t,d,a
16125,f,d,a
16126,f,h,u
16127,f,h,u
16128,f,d,w
16129,t,g,w
16130,f,m,w
16131,f,g,a
16132,t,d,a
16133,f,g,u
16134,f,d,u
16135,f,d,u
16136,t,d,a
16137,f,d,u
16138,f,l,s
16139,f,g,u
16140,f,d,a
16141,f,d,a
16142,f,h,u
16143,t,d,a
16144,f,d,a
16145,f,d,s
16146,f,d,u
16147,f,h,u
16148,f,d,a
16149,f,g,u
16150,t,d,u
16151,f,d,a
16152,f,d,u
16153,f,d,a
16154,f,d,a
16155,t,g,a
16156,f,l,s
16157,f,d,u
16158,t,d,w
16159,t,g,u
16160,t,d,w
16161,f,d,u
16162,f,h,a
16163,f,m,w
16164,f,d,u
16165,t,d,w
16166,f,d,u
16167,t,d,a
16168,f,g,u
16169,f,d,u
16170,f,d,a
16171,f,d,u
16172,f,d,a
16173,f,l,a
16174,f,d,u
16175,f,d,u
16176,f,d,a
16177,f,d,a
16178,t,d,a
16179,f,g,u
16180,f,d,s
16181,t,d,a
16182,f,h,a
16183,f,g,u
16184,t,d,a
16185,t,g,u
16186,f,d,w
16187,f,g,u
16188,f,d,a
16189,t,g,a
16190,t,d,a
16191,f,d,w
16192,t,d,u
16193,f,l,w
16194,f,l,a
16195,f,d,w
16196,f,d,u
16197,f,d,u
16198,t,d,u
16199,f,d,a
16200,f,d,a
16201,t,d,u
16202,f,d,w
16203,f,d,a
16204,t,m,u
16205,f,d,a
16206,f,d,a
16207,f,g,w
16208,f,m,u
16209,t,g,u
16210,t,g,u
16211,t,d,a
16212,f,d,u
16213,f,m,a
16214,t,d,u
16215,f,g,u
16216,f,d,a
16217,f,d,w
16218,f,d,s
16219,f,g,a
16220,f,d,a
16221,f,d,w
16222,f,g,a
16223,t,d,u
16224,f,g,u
16225,f,d,a
16226,t,d,u
16227,t,d,u
16228,f,d,a
16229,f,d,a
16230,f,d,u
16231,f,l,u
16232,f,g,w
16233,f,d,u
16234,t,d,u
16235,t,d,a
16236,f,d,a
16237,f,d,a
16238,t,m,u
16239,f,d,a
16240,t,d,u
16241,t,d,u
16242,f,g,u
16243,t,d,a
16244,f,d,u
16245,f,d,a
16246,f,d,a
16247,f,l,w
16248,f,d,u
16249,f,d,a
16250,t,w,u
16251,t,l,u
16252,f,d,a
16253,f,g,a
16254,f,d,a
16255,t,d,a
16256,t,d,a
16257,t,m,a
16258,f,g,u
16259,f,d,u
16260,f,g,u
16261,f,d,u
16262,f,d,a
16263,f,d,u
16264,f,d,u
16265,f,d,w
16266,t,d,a
16267,f,d,s
16268,f,d,u
16269,t,d,a
16270,f,d,a
16271,f,d,u
16272,f,h,a
16273,t,d,a
16274,f,d,a
16275,t,d,w
16276,f,m,a
16277,t,d,u
16278,t,d,a
16279,f,d,u
16280,f,g,a
16281,f,d,a
16282,f,d,u
16283,f,d,w
16284,f,d,u
16285,t,d,a
16286,t,m,a
16287,t,d,a
16288,f,d,a
16289,f,d,a
16290,f,l,a
16291,f,d,a
16292,f,h,a
16293,f,g,a
16294,t,d,u
16295,f,d,a
16296,f,d,s
16297,f,d,a
16298,f,d,u
16299,t,g,u
16300,f,d,u
16301,f,h,u
16302,t,w,a
16303,f,d,w
16304,t,d,a
16305,f,d,a
16306,f,d,a
16307,f,d,a
16308,f,g,u
16309,f,d,a
16310,f,d,u
16311,f,d,a
16312,f,d,u
16313,f,d,u
16314,f,d,a
16315,f,d,u
16316,f,d,a
16317,t,g,u
16318,f,d,a
16319,t,p,u
16320,t,g,a
16321,f,d,a
16322,f,d,a
16323,f,h,a
16324,t,d,s
16325,f,h,s
16326,f,d,a
16327,f,d,a
16328,t,d,a
16329,f,d,u
16330,f,d,a
16331,t,m,u
16332,f,d,u
16333,f,d,a
16334,f,d,a
16335,t,m,a
16336,f,d,u
16337,f,d,a
16338,f,g,a
16339,f,m,u
16340,f,d,w
16341,t,d,a
16342,f,d,u
16343,t,d,u
16344,f,d,w
16345,f,g,a
16346,f,d,u
16347,f,g,u
16348,f,g,u
16349,f,d,u
16350,t,d,a
16351,f,g,a
16352,f,d,u
16353,f,m,a
16354,f,d,w
16355,t,d,u
16356,f,d,w
16357,f,g,a
16358,f,g,w
16359,f,h,a
16360,f,d,a
16361,f,d,a
16362,f,d,a
16363,f,d,w
16364,f,d,s
16365,t,d,a
16366,f,d,a
16367,f,p,u
16368,f,d,a
16369,f,d,a
16370,f,h,a
16371,f,d,a
16372,f,l,a
16373,f,g,a
16374,f,d,a
16375,f,d,a
16376,f,d,a
16377,f,d,u
16378,t,d,u
16379,f,d,a
16380,t,d,u
16381,f,d,u
16382,f,d,a
16383,f,d,u
16384,t,d,u
16385,t,d,u
16386,t,d,w
16387,f,d,a
16388,f,g,a
16389,f,d,u
16390,f,d,a
16391,f,h,u
16392,f,d,a
16393,f,d,u
16394,f,g,u
16395,f,d,s
16396,f,d,a
16397,t,d,a
16398,f,g,a
16399,f,d,u
16400,f,d,u
16401,f,g,a
16402,f,d,a
16403,f,l,a
16404,t,d,a
16405,f,d,a
16406,t,u,a
16407,f,d,a
16408,t,d,u
16409,f,g,a
16410,f,d,u
16411,f,d,u
16412,f,d,a
16413,t,d,a
16414,f,g,a
16415,f,d,u
16416,f,d,a
16417,f,d,a
16418,f,d,u
16419,f,d,a
16420,f,d,a
16421,t,m,a
16422,f,d,u
16423,t,d,u
16424,f,l,a
16425,f,d,u
16426,f,d,s
16427,f,g,u
16428,f,m,u
16429,f,d,a
16430,f,l,w
16431,f,l,a
16432,t,d,w
16433,t,l,a
16434,f,m,a
16435,t,g,u
16436,f,d,u
16437,t,d,u
16438,f,g,a
16439,t,g,a
16440,f,l,u
16441,f,d,a
16442,f,d,u
16443,f,l,s
16444,f,d,w
16445,f,l,u
16446,f,d,s
16447,f,h,a
16448,f,d,a
16449,f,d,a
16450,f,d,a
16451,f,d,s
16452,t,d,u
16453,t,d,a
16454,f,g,a
16455,f,l,u
16456,t,d,a
16457,t,d,a
16458,t,d,w
16459,f,l,u
16460,f,d,u
16461,f,h,a
16462,f,d,u
16463,f,d,w
16464,f,d,a
16465,f,d,a
16466,t,d,u
16467,f,m,u
16468,f,d,a
16469,f,g,u
16470,f,d,u
16471,t,d,u
16472,f,g,w
16473,f,d,u
16474,t,d,a
16475,f,g,u
16476,f,d,u
16477,t,d,u
16478,f,d,a
16479,t,m,u
16480,f,d,s
16481,f,d,a
16482,f,d,s
16483,f,d,u
16484,f,d,a
16485,t,g,a
16486,t,d,a
16487,f,d,w
16488,f,d,a
16489,f,l,s
16490,t,d,a
16491,t,m,a
16492,f,d,u
16493,t,d,u
16494,f,h,a
16495,f,d,a
16496,f,d,a
16497,t,d,u
16498,t,d,a
16499,f,g,u
16500,f,h,u
16501,t,d,w
16502,f,d,a
16503,f,d,u
16504,f,d,a
16505,f,m,u
16506,f,d,w
16507,f,d,w
16508,f,d,a
16509,f,d,u
16510,f,d,a
16511,f,g,a
16512,f,d,u
16513,f,h,a
16514,f,d,u
16515,f,d,a
16516,t,m,u
16517,f,g,u
16518,f,d,a
16519,f,d,a
16520,t,d,a
16521,f,d,w
16522,f,d,a
16523,f,g,u
16524,f,l,u
16525,f,g,s
16526,f,d,a
16527,f,h,a
16528,f,d,a
16529,f,d,w
16530,f,g,a
16531,f,d,a
16532,f,d,u
16533,f,d,w
16534,f,d,s
16535,t,g,u
16536,f,l,u
16537,f,d,w
16538,f,d,u
16539,f,d,a
16540,t,d,u
16541,t,m,u
16542,f,m,a
16543,f,h,u
16544,f,d,a
16545,f,d,a
16546,f,d,u
16547,f,d,w
16548,f,g,a
16549,f,g,w
16550,f,d,s
16551,t,d,w
16552,f,g,u
16553,f,d,u
16554,f,d,a
16555,f,g,u
16556,f,d,a
16557,f,d,w
16558,t,m,u
16559,f,d,a
16560,f,h,a
16561,f,d,a
16562,t,d,u
16563,f,d,u
16564,t,d,u
16565,f,d,a
16566,f,d,a
16567,f,d,w
16568,f,g,a
16569,f,d,u
16570,f,d,u
16571,f,d,u
16572,f,h,u
16573,f,p,u
16574,f,d,a
16575,t,d,u
16576,f,d,a
16577,f,g,u
16578,t,m,a
16579,t,d,u
16580,t,g,w
16581,f,d,u
16582,f,d,u
16583,f,d,u
16584,f,d,u
16585,f,d,a
16586,f,d,a
16587,f,d,a
16588,t,d,a
16589,t,d,u
16590,f,d,a
16591,f,d,u
16592,f,d,w
16593,f,d,u
16594,f,d,a
16595,t,d,a
16596,f,d,a
16597,f,d,a
16598,f,d,u
16599,f,d,a
16600,f,d,a
16601,f,d,a
16602,f,d,a
16603,f,g,a
16604,f,d,a
16605,t,d,a
16606,t,d,a
16607,f,d,a
16608,t,d,u
16609,f,d,a
16610,f,g,u
16611,f,d,u
16612,f,d,u
16613,t,d,u
16614,f,d,u
16615,f,l,a
16616,f,d,a
16617,f,g,w
16618,t,m,a
16619,f,d,a
16620,f,g,s
16621,f,d,w
16622,f,d,a
16623,f,g,u
16624,f,d,a
16625,f,h,a
16626,f,h,u
16627,f,g,a
16628,f,h,a
16629,t,d,s
16630,t,d,a
16631,f,d,s
16632,t,d,u
16633,f,d,u
16634,f,h,a
16635,f,d,a
16636,t,d,u
16637,f,d,u
16638,f,d,u
16639,f,l,u
16640,f,d,u
16641,f,g,u
16642,t,m,s
16643,t,d,w
16644,f,m,w
16645,f,d,a
16646,f,d,w
16647,f,m,a
16648,f,m,a
16649,f,d,u
16650,f,g,u
16651,f,l,w
16652,f,d,u
16653,f,d,u
16654,f,d,a
16655,f,d,u
16656,f,d,u
16657,f,d,a
16658,f,g,u
16659,f,d,a
16660,f,m,u
16661,f,g,a
16662,f,d,a
16663,f,g,a
16664,t,d,a
16665,f,d,w
16666,t,w,u
16667,f,d,a
16668,f,d,a
16669,t,g,u
16670,f,d,u
16671,f,d,u
16672,t,d,a
16673,f,l,u
16674,t,d,s
16675,f,g,u
16676,f,l,w
16677,f,d,w
16678,f,d,w
16679,f,p,a
16680,f,l,u
16681,f,d,a
16682,t,d,a
16683,f,d,u
16684,f,d,a
16685,f,d,a
16686,t,d,u
16687,t,m,s
16688,t,d,a
16689,f,d,a
16690,f,d,a
16691,f,d,a
16692,f,d,u
16693,f,g,a
16694,f,d,u
16695,f,d,w
16696,f,g,u
16697,t,d,u
16698,f,d,u
16699,f,d,a
16700,f,d,u
16701,f,d,u
16702,t,d,u
16703,t,l,u
16704,t,p,a
16705,f,d,u
16706,f,d,a
16707,f,d,w
16708,f,d,w
16709,t,d,s
16710,f,d,a
16711,f,d,a
16712,f,h,u
16713,f,g,a
16714,f,m,a
16715,f,g,a
16716,f,d,a
16717,f,d,w
16718,t,d,a
16719,f,m,w
16720,f,d,u
16721,t,d,u
16722,f,d,u
16723,f,d,u
16724,f,d,a
16725,t,d,u
16726,f,d,a
16727,t,g,w
16728,f,l,w
16729,f,d,u
16730,f,d,u
16731,f,d,a
16732,f,d,a
16733,f,d,a
16734,f,d,u
16735,f,d,a
16736,f,d,a
16737,f,l,a
16738,f,d,u
16739,f,d,u
16740,t,d,u
16741,f,d,a
16742,f,d,u
16743,t,d,w
16744,f,d,a
16745,f,h,u
16746,f,d,s
16747,f,g,a
16748,f,d,s
16749,f,d,a
16750,f,d,a
16751,f,d,a
16752,f,d,u
16753,f,d,a
16754,f,d,a
16755,t,w,u
16756,t,d,a
16757,f,d,a
16758,t,g,a
16759,t,d,a
16760,f,d,a
16761,t,d,a
16762,t,w,a
16763,t,m,a
16764,t,d,u
16765,f,d,u
16766,f,d,a
16767,f,d,a
16768,t,d,u
16769,f,d,a
16770,f,d,u
16771,f,d,u
16772,t,d,a
16773,f,m,a
16774,f,d,u
16775,f,d,a
16776,t,g,a
16777,f,g,a
16778,f,d,a
16779,f,d,a
16780,f,d,u
16781,f,g,u
16782,f,d,w
16783,t,g,w
16784,f,d,a
16785,f,d,w
16786,f,g,u
16787,f,d,u
16788,f,d,w
16789,t,d,u
16790,t,d,u
16791,f,d,u
16792,f,d,u
16793,f,g,u
16794,f,d,w
16795,f,g,u
16796,f,d,a
16797,t,d,a
16798,f,d,u
16799,f,d,a
16800,f,d,a
16801,t,d,u
16802,f,d,u
16803,f,d,u
16804,f,l,a
16805,f,l,w
16806,f,d,a
16807,f,l,w
16808,f,d,a
16809,f,d,a
16810,f,d,w
16811,f,d,a
16812,f,d,a
16813,f,d,u
16814,t,u,s
16815,f,d,a
16816,t,g,u
16817,f,g,u
16818,f,d,a
16819,f,d,a
16820,f,d,u
16821,f,d,s
16822,f,l,u
16823,f,d,u
16824,t,d,a
16825,f,d,u
16826,f,d,a
16827,t,g,u
16828,f,g,a
16829,t,d,s
16830,f,d,a
16831,t,m,u
16832,t,h,a
16833,f,d,a
16834,f,d,a
16835,f,d,s
16836,f,h,a
16837,f,d,a
16838,f,p,a
16839,f,d,u
16840,f,h,u
16841,f,d,u
16842,t,m,a
16843,f,d,s
16844,f,d,a
16845,t,m,u
16846,f,d,u
16847,f,d,u
16848,f,d,a
16849,f,d,a
16850,f,g,a
16851,t,d,u
16852,f,d,a
16853,t,d,a
16854,f,m,s
16855,f,g,u
16856,t,d,a
16857,f,d,u
16858,f,d,a
16859,f,h,s
16860,t,g,a
16861,t,d,a
16862,f,d,a
16863,t,l,a
16864,f,d,a
16865,f,d,a
16866,f,g,a
16867,f,m,a
16868,t,m,u
16869,t,g,u
16870,f,g,a
16871,f,d,u
16872,f,d,u
16873,f,d,u
16874,t,g,s
16875,t,d,u
16876,f,d,u
16877,f,m,u
16878,f,d,u
16879,t,d,a
16880,f,d,w
16881,t,d,a
16882,f,d,a
16883,f,d,u
16884,f,d,u
16885,f,g,a
16886,f,l,a
16887,t,d,a
16888,f,d,u
16889,f,l,a
16890,f,d,a
16891,t,d,u
16892,t,g,a
16893,f,h,s
16894,f,d,u
16895,f,l,u
16896,f,g,u
16897,f,d,w
16898,f,g,u
16899,f,d,u
16900,f,d,a
16901,f,d,w
16902,f,d,u
16903,f,d,a
16904,f,d,u
16905,t,d,a
16906,f,m,a
16907,f,d,u
16908,f,d,u
16909,f,d,a
16910,f,l,a
16911,t,m,a
16912,f,g,a
16913,f,d,a
16914,f,d,u
16915,f,l,u
16916,f,d,s
16917,f,d,u
16918,f,l,a
16919,t,d,a
16920,f,d,a
16921,f,d,w
16922,f,d,a
16923,f,d,u
16924,f,g,a
16925,t,d,u
16926,f,d,u
16927,f,d,a
16928,f,d,w
16929,f,d,u
16930,f,l,w
16931,t,d,a
16932,f,d,u
16933,f,g,u
16934,f,g,a
16935,f,d,a
16936,f,d,u
16937,f,d,u
16938,f,d,a
16939,t,d,u
16940,f,d,a
16941,f,m,w
16942,t,d,a
16943,f,d,a
16944,t,m,s
16945,t,m,w
16946,f,d,w
16947,t,d,u
16948,t,d,w
16949,f,h,a
16950,t,d,a
16951,t,d,a
16952,f,l,a
16953,f,d,w
16954,f,g,a
16955,f,d,a
16956,f,g,a
16957,f,g,u
16958,t,g,w
16959,f,g,a
16960,t,m,u
16961,f,l,u
16962,f,d,a
16963,t,g,u
16964,f,d,u
16965,f,p,u
16966,f,h,a
16967,t,d,a
16968,f,d,a
16969,f,d,a
16970,f,d,a
16971,f,d,u
16972,t,u,u
16973,f,l,w
16974,f,d,a
16975,f,d,u
16976,t,d,u
16977,f,h,a
16978,f,h,u
16979,f,d,a
16980,t,d,a
16981,f,d,s
16982,f,d,a
16983,t,d,a
16984,f,d,a
16985,f,d,a
16986,f,l,s
16987,t,w,u
16988,f,l,w
16989,f,g,u
16990,f,d,a
16991,f,d,u
16992,f,d,a
16993,f,d,u
16994,t,g,u
16995,f,d,a
16996,t,d,a
16997,t,d,a
16998,f,g,u
16999,f,d,a
17000,f,d,a
17001,f,d,u
17002,f,d,a
17003,t,d,u
17004,f,d,a
17005,f,m,a
17006,f,g,u
17007,t,d,a
17008,t,m,a
17009,f,d,u
17010,f,g,a
17011,f,d,a
17012,f,d,u
17013,f,d,w
17014,t,d,u
17015,t,d,u
17016,f,d,a
17017,t,d,a
17018,f,d,s
17019,f,d,a
17020,t,d,w
17021,t,d,u
17022,f,h,u
17023,t,d,u
17024,t,d,a
17025,f,l,a
17026,f,d,a
17027,f,h,a
17028,t,d,s
17029,f,g,a
17030,f,l,u
17031,f,d,a
17032,t,w,u
17033,f,d,a
17034,f,d,u
17035,t,g,u
17036,f,d,a
17037,f,d,u
17038,f,d,a
17039,t,d,a
17040,t,d,w
17041,f,d,u
17042,f,d,a
17043,f,d,a
17044,f,d,u
17045,f,l,a
17046,t,d,u
17047,f,l,u
17048,f,d,a
17049,f,d,a
17050,f,l,w
17051,f,p,a
17052,t,d,a
17053,f,d,u
17054,f,g,a
17055,f,d,a
17056,f,d,a
17057,f,d,u
17058,f,d,a
17059,t,d,u
17060,f,d,a
17061,t,d,u
17062,t,d,u
17063,f,g,u
17064,t,d,s
17065,t,g,a
17066,f,d,u
17067,f,d,u
17068,f,d,u
17069,t,d,a
17070,f,d,a
17071,f,g,u
17072,t,d,a
17073,f,d,a
17074,f,d,a
17075,f,g,a
17076,f,d,u
17077,t,d,u
17078,f,d,a
17079,t,d,a
17080,f,d,s
17081,f,l,w
17082,f,d,u
17083,f,d,a
17084,f,l,a
17085,f,g,a
17086,f,d,a
17087,f,g,u
17088,f,d,a
17089,f,d,a
17090,t,d,a
17091,f,d,w
17092,t,d,u
17093,f,d,u
17094,t,d,u
17095,f,m,a
17096,f,d,u
17097,f,d,u
17098,f,d,u
17099,t,d,w
17100,f,d,a
17101,f,d,a
17102,f,g,a
17103,f,d,a
17104,f,h,a
17105,f,m,s
17106,f,l,s
17107,t,d,u
17108,f,d,w
17109,f,d,a
17110,t,d,a
17111,f,d,a
17112,t,d,u
17113,t,d,u
17114,f,d,u
17115,f,d,a
17116,f,d,a
17117,f,d,u
17118,f,l,a
17119,f,d,a
17120,f,l,a
17121,f,d,w
17122,f,d,u
17123,t,m,u
17124,t,d,a
17125,f,d,a
17126,t,g,a
17127,t,d,a
17128,f,g,a
17129,f,d,u
17130,f,g,a
17131,t,d,u
17132,f,d,a
17133,f,d,a
17134,t,d,a
17135,f,d,a
17136,f,d,a
17137,f,d,u
17138,f,g,a
17139,f,d,s
17140,t,s,u
17141,t,d,a
17142,t,g,u
17143,f,g,u
17144,f,d,u
17145,t,d,w
17146,t,d,s
17147,f,d,a
17148,f,d,a
17149,f,d,a
17150,f,g,a
17151,f,d,u
17152,f,d,a
17153,t,g,a
17154,f,g,a
17155,f,d,a
17156,f,d,a
17157,f,g,s
17158,f,d,a
17159,f,d,s
17160,f,g,a
17161,f,d,a
17162,t,d,a
17163,f,g,u
17164,f,d,u
17165,t,m,u
17166,f,l,s
17167,t,d,u
17168,f,d,a
17169,f,d,a
17170,t,d,w
17171,t,d,u
17172,f,d,a
17173,t,d,w
17174,f,g,w
17175,f,d,s
17176,t,d,a
17177,f,d,a
17178,f,d,a
17179,f,g,u
17180,f,d,a
17181,t,d,w
17182,f,d,a
17183,f,g,u
17184,f,d,u
17185,f,d,a
17186,f,d,a
17187,f,d,u
17188,t,m,u
17189,t,w,a
17190,t,d,a
17191,f,d,w
17192,t,g,u
17193,f,g,a
17194,t,w,a
17195,f,d,w
17196,f,d,a
17197,f,d,a
17198,f,d,s
17199,f,d,w
17200,f,d,s
17201,f,d,u
17202,f,l,a
17203,t,d,a
17204,f,d,a
17205,f,d,a
17206,f,g,u
17207,f,d,u
17208,f,d,a
17209,f,g,u
17210,f,g,a
17211,t,d,u
17212,t,d,w
17213,f,g,a
17214,f,g,u
17215,t,d,u
17216,t,g,a
17217,t,d,u
17218,f,l,a
17219,f,m,a
17220,f,d,u
17221,t,d,u
17222,f,d,a
17223,f,h,a
17224,f,d,u
17225,f,d,a
17226,f,d,a
17227,f,m,a
17228,f,p,a
17229,f,d,u
17230,f,g,a
17231,f,d,a
17232,t,d,a
17233,f,l,s
17234,t,d,u
17235,f,d,u
17236,f,d,a
17237,t,u,a
17238,f,d,a
17239,f,l,w
17240,t,d,a
17241,t,d,u
17242,f,m,s
17243,f,m,u
17244,f,l,s
17245,f,m,a
17246,f,d,s
17247,f,d,a
17248,t,d,u
17249,t,d,a
17250,f,m,a
17251,f,l,u
17252,f,h,u
17253,t,d,w
17254,f,d,a
17255,f,g,u
17256,t,d,a
17257,t,g,u
17258,f,g,u
17259,f,d,u
17260,t,g,a
17261,f,d,a
17262,f,d,a
17263,f,d,w
17264,t,u,s
17265,f,d,w
17266,t,d,w
17267,f,l,s
17268,f,g,a
17269,f,d,a
17270,f,d,u
17271,f,m,u
17272,f,d,a
17273,t,d,u
17274,f,h,a
17275,f,d,a
17276,t,d,a
17277,f,d,a
17278,f,m,w
17279,f,d,a
17280,f,d,u
17281,f,g,u
17282,f,g,u
17283,f,d,u
17284,t,d,a
17285,t,m,u
17286,f,d,u
17287,f,d,u
17288,f,m,w
17289,f,d,a
17290,f,d,s
17291,f,d,a
17292,f,d,a
17293,f,d,u
17294,f,d,a
17295,f,d,u
17296,t,d,u
17297,t,d,a
17298,f,d,a
17299,f,d,a
17300,t,d,a
17301,f,g,w
17302,f,m,a
17303,f,g,a
17304,f,m,u
17305,f,l,a
17306,t,d,a
17307,f,g,u
17308,f,d,a
17309,f,d,u
17310,f,d,a
17311,t,h,a
17312,f,l,w
17313,f,d,s
17314,t,d,u
17315,t,m,u
17316,f,d,a
17317,f,d,a
17318,f,g,a
17319,f,g,a
17320,t,d,a
17321,f,d,u
17322,f,m,u
17323,t,d,a
17324,f,d,a
17325,t,d,s
17326,f,m,s
17327,f,d,s
17328,f,d,u
17329,f,d,a
17330,f,d,u
17331,f,g,a
17332,f,d,a
17333,f,d,u
17334,f,d,a
17335,f,g,a
17336,f,d,a
17337,f,d,w
17338,f,d,a
17339,t,g,s
17340,f,d,a
17341,f,d,u
17342,f,d,a
17343,f,d,u
17344,f,d,u
17345,t,g,a
17346,f,g,a
17347,f,d,u
17348,f,d,a
17349,f,d,a
17350,f,h,a
17351,f,d,a
17352,f,d,a
17353,t,d,a
17354,f,d,a
17355,f,d,a
17356,f,d,w
17357,f,d,s
17358,f,d,a
17359,f,l,w
17360,f,d,u
17361,f,d,u
17362,f,g,a
17363,t,d,a
17364,f,d,a
17365,f,d,u
17366,f,d,a
17367,t,d,w
17368,t,d,u
17369,f,d,a
17370,f,g,a
17371,f,d,a
17372,f,d,u
17373,f,g,a
17374,f,l,a
17375,f,d,a
17376,f,g,a
17377,f,d,u
17378,f,l,u
17379,t,g,a
17380,f,d,a
17381,f,d,u
17382,f,d,a
17383,t,g,s
17384,f,g,w
17385,f,d,u
17386,f,h,u
17387,f,d,u
17388,f,d,u
17389,t,d,w
17390,f,d,a
17391,f,h,a
17392,f,d,u
17393,f,h,u
17394,f,l,a
17395,f,h,a
17396,t,d,u
17397,f,g,u
17398,f,d,a
17399,f,d,u
17400,f,m,w
17401,t,d,u
17402,t,d,u
17403,f,d,u
17404,t,d,u
17405,f,g,u
17406,t,d,a
17407,f,l,a
17408,f,d,a
17409,t,d,w
17410,f,d,u
17411,t,d,a
17412,f,l,u
17413,f,g,u
17414,t,m,s
17415,f,d,u
17416,f,d,a
17417,t,d,a
17418,f,d,a
17419,f,d,a
17420,f,d,u
17421,f,d,a
17422,f,d,u
17423,t,d,a
17424,f,d,a
17425,t,d,u
17426,t,d,u
17427,f,l,u
17428,f,d,u
17429,f,d,a
17430,f,d,a
17431,f,d,a
17432,f,d,a
17433,f,d,a
17434,f,d,u
17435,f,m,w
17436,f,d,a
17437,f,l,a
17438,t,g,w
17439,f,d,u
17440,f,d,w
17441,f,g,u
17442,f,d,a
17443,f,d,u
17444,f,d,a
17445,t,d,a
17446,f,l,a
17447,f,d,u
17448,f,m,a
17449,t,d,a
17450,f,d,u
17451,f,d,u
17452,f,p,a
17453,f,d,u
17454,f,d,a
17455,f,d,s
17456,f,d,a
17457,f,d,u
17458,f,g,u
17459,f,d,a
17460,t,d,u
17461,t,d,a
17462,f,d,u
17463,t,d,u
17464,t,d,u
17465,f,d,u
17466,f,d,s
17467,t,g,u
17468,f,g,u
17469,t,d,w
17470,f,d,u
17471,t,d,s
17472,f,d,a
17473,f,d,u
17474,f,d,w
17475,f,g,a
17476,t,d,s
17477,f,d,a
17478,f,d,a
17479,f,d,a
17480,t,g,a
17481,f,d,s
17482,f,d,u
17483,f,d,s
17484,f,d,u
17485,f,d,a
17486,f,d,a
17487,t,d,a
17488,f,d,w
17489,f,l,w
17490,f,d,a
17491,f,d,a
17492,f,d,u
17493,f,d,u
17494,f,l,w
17495,f,m,a
17496,f,l,a
17497,t,d,a
17498,f,d,u
17499,f,g,s
17500,t,d,a
17501,f,d,u
17502,t,d,a
17503,f,d,a
17504,f,d,a
17505,f,h,a
17506,f,g,u
17507,t,d,u
17508,t,d,u
17509,f,d,a
17510,f,d,a
17511,t,d,a
17512,f,g,a
17513,f,d,u
17514,f,d,u
17515,f,d,a
17516,f,l,u
17517,f,d,u
17518,f,d,a
17519,t,d,a
17520,t,d,u
17521,t,d,u
17522,f,h,u
17523,t,g,a
17524,f,m,s
17525,f,d,a
17526,f,l,a
17527,f,g,a
17528,f,g,u
17529,t,d,a
17530,f,g,u
17531,f,d,u
17532,t,d,u
17533,f,d,s
17534,f,d,u
17535,f,d,w
17536,f,d,a
17537,f,m,s
17538,f,g,a
17539,f,d,a
17540,f,d,u
17541,f,d,a
17542,f,d,u
17543,f,d,a
17544,t,g,u
17545,f,d,u
17546,f,g,u
17547,f,d,s
17548,f,d,w
17549,f,d,a
17550,f,l,w
17551,t,w,u
17552,f,g,a
17553,f,d,u
17554,f,h,u
17555,f,g,u
17556,f,d,a
17557,t,m,s
17558,f,g,u
17559,t,d,a
17560,f,l,u
17561,f,d,u
17562,f,d,u
17563,f,d,s
17564,f,d,u
17565,t,d,a
17566,t,g,w
17567,f,g,a
17568,t,d,a
17569,f,d,u
17570,t,d,a
17571,f,d,a
17572,t,m,u
17573,f,d,w
17574,f,g,a
17575,f,m,u
17576,f,d,a
17577,t,d,a
17578,t,d,a
17579,f,d,w
17580,f,d,w
17581,f,d,a
17582,t,g,a
17583,f,g,w
17584,f,d,a
17585,f,d,u
17586,f,d,a
17587,f,d,a
17588,f,d,a
17589,t,d,a
17590,t,g,a
17591,f,d,a
17592,f,g,a
17593,f,d,w
17594,f,g,a
17595,f,d,u
17596,t,g,a
17597,t,d,w
17598,f,d,u
17599,f,d,a
17600,t,d,u
17601,t,d,a
17602,f,l,a
17603,f,d,u
17604,f,d,a
17605,f,d,u
17606,f,d,u
17607,t,d,u
17608,f,d,w
17609,f,g,u
17610,f,d,a
17611,f,d,a
17612,f,d,a
17613,t,g,s
17614,f,d,a
17615,f,d,a
17616,t,d,a
17617,f,d,u
17618,f,d,a
17619,f,d,a
17620,t,d,a
17621,f,d,u
17622,f,d,a
17623,f,d,u
17624,t,d,u
17625,f,d,a
17626,t,d,a
17627,f,d,a
17628,f,d,u
17629,f,d,a
17630,t,l,u
17631,t,d,u
17632,f,d,u
17633,f,d,a
17634,t,g,u
17635,t,d,a
17636,t,m,a
17637,f,d,u
17638,f,d,w
17639,f,d,u
17640,f,l,a
17641,f,d,a
17642,f,d,a
17643,t,d,u
17644,f,h,u
17645,f,d,a
17646,t,d,u
17647,t,d,a
17648,t,d,u
17649,f,h,a
17650,f,d,a
17651,f,d,a
17652,f,d,a
17653,f,d,u
17654,f,d,a
17655,f,l,a
17656,t,d,u
17657,f,d,a
17658,f,g,a
17659,f,d,u
17660,f,l,w
17661,f,d,a
17662,f,d,a
17663,f,l,w
17664,f,h,u
17665,f,d,u
17666,f,l,w
17667,f,d,a
17668,f,d,u
17669,f,g,a
17670,f,m,u
17671,f,l,s
17672,f,d,u
17673,f,h,u
17674,f,d,a
17675,t,d,u
17676,f,d,a
17677,f,d,a
17678,f,d,a
17679,f,d,a
17680,f,g,u
17681,f,d,w
17682,f,d,a
17683,f,g,u
17684,f,g,a
17685,t,g,a
17686,t,d,a
17687,f,d,u
17688,t,d,a
17689,t,d,u
17690,f,d,s
17691,f,d,a
17692,t,w,u
17693,t,g,u
17694,t,d,w
17695,f,d,u
17696,t,m,u
17697,t,d,u
17698,f,d,u
17699,t,d,a
17700,f,g,s
17701,f,d,s
17702,f,d,s
17703,f,d,u
17704,t,d,u
17705,t,d,s
17706,f,g,a
17707,f,l,a
17708,f,d,u
17709,f,d,w
17710,f,d,a
17711,f,d,w
17712,f,g,w
17713,f,d,a
17714,f,d,u
17715,t,m,u
17716,t,d,u
17717,f,l,s
17718,f,d,u
17719,t,w,a
17720,f,m,a
17721,f,d,a
17722,f,d,a
17723,f,h,a
17724,t,d,a
17725,f,d,s
17726,f,d,a
17727,f,d,w
17728,f,d,a
17729,f,d,a
17730,f,d,u
17731,f,d,a
17732,t,d,a
17733,f,d,a
17734,f,g,u
17735,f,h,a
17736,f,d,u
17737,f,d,a
17738,t,g,u
17739,t,m,u
17740,f,g,a
17741,f,d,a
17742,f,d,a
17743,f,d,a
17744,f,d,u
17745,f,d,u
17746,f,d,w
17747,t,d,u
17748,f,d,a
17749,f,l,u
17750,f,d,u
17751,t,d,s
17752,f,d,u
17753,f,d,a
17754,f,d,s
17755,f,g,u
17756,f,d,u
17757,f,d,a
17758,t,d,a
17759,f,d,a
17760,t,g,u
17761,f,d,w
17762,f,d,a
17763,t,h,u
17764,f,g,a
17765,f,l,a
17766,f,l,s
17767,f,g,a
17768,f,d,u
17769,f,d,a
17770,t,m,a
17771,f,d,a
17772,f,d,w
17773,f,d,a
17774,f,d,u
17775,t,d,u
17776,f,l,w
17777,f,d,u
17778,f,d,a
17779,f,g,a
17780,f,d,u
17781,f,d,u
17782,f,d,a
17783,f,d,a
17784,f,d,a
17785,t,d,a
17786,f,d,a
17787,t,d,u
17788,f,d,u
17789,f,d,a
17790,f,g,u
17791,f,d,w
17792,t,d,u
17793,f,d,u
17794,t,d,a
17795,f,g,w
17796,f,d,u
17797,f,d,a
17798,f,g,u
17799,f,d,a
17800,t,d,a
17801,f,d,a
17802,f,d,w
17803,f,l,u
17804,f,d,u
17805,f,d,u
17806,f,d,a
17807,f,d,a
17808,f,d,a
17809,t,d,u
17810,f,d,u
17811,f,l,u
17812,f,d,u
17813,f,d,a
17814,f,g,u
17815,t,d,u
17816,f,d,s
17817,t,w,a
17818,f,d,u
17819,f,d,a
17820,f,d,w
17821,t,d,a
17822,t,d,w
17823,f,m,a
17824,f,g,w
17825,t,d,u
17826,f,l,w
17827,f,d,a
17828,f,d,a
17829,f,d,a
17830,f,d,a
17831,f,d,u
17832,f,h,a
17833,f,d,w
17834,f,d,s
17835,f,l,w
17836,f,d,u
17837,f,d,u
17838,t,d,u
17839,f,d,s
17840,t,d,u
17841,f,d,a
17842,f,d,a
17843,t,p,a
17844,f,g,a
17845,f,d,a
17846,t,d,u
17847,f,g,a
17848,t,d,a
17849,f,d,w
17850,f,d,a
17851,f,d,a
17852,f,g,u
17853,f,d,u
17854,t,d,a
17855,f,d,a
17856,f,d,a
17857,f,g,u
17858,f,d,a
17859,f,d,a
17860,f,d,a
17861,f,d,a
17862,f,g,u
17863,f,g,u
17864,f,d,u
17865,f,d,u
17866,t,l,a
17867,f,d,a
17868,f,d,a
17869,f,d,s
17870,f,d,u
17871,f,d,a
17872,f,d,a
17873,t,d,w
17874,f,d,u
17875,f,l,u
17876,f,d,a
17877,f,d,u
17878,f,h,a
17879,f,l,u
17880,t,l,a
17881,f,d,u
17882,f,d,u
17883,f,g,a
17884,f,d,u
17885,t,d,s
17886,f,g,a
17887,f,d,u
17888,t,g,s
17889,t,m,u
17890,f,l,a
17891,f,d,a
17892,f,d,a
17893,t,g,s
17894,f,g,a
17895,f,d,u
17896,f,d,a
17897,f,d,a
17898,f,g,u
17899,f,d,a
17900,t,d,a
17901,f,g,a
17902,f,d,u
17903,t,d,a
17904,f,d,a
17905,f,d,a
17906,f,d,a
17907,f,g,a
17908,f,d,a
17909,f,d,u
17910,t,d,a
17911,f,d,w
17912,f,l,a
17913,f,g,u
17914,f,d,a
17915,f,d,s
17916,t,d,a
17917,t,m,a
17918,f,g,u
17919,f,g,a
17920,f,d,w
17921,t,g,u
17922,f,m,s
17923,f,h,a
17924,f,d,a
17925,f,d,u
17926,f,d,a
17927,t,d,a
17928,t,d,u
17929,f,d,u
17930,f,d,a
17931,f,d,a
17932,t,d,a
17933,f,d,u
17934,f,d,a
17935,t,d,u
17936,f,d,a
17937,f,d,a
17938,t,d,u
17939,f,d,w
17940,f,g,u
17941,t,m,a
17942,f,d,u
17943,f,d,w
17944,f,d,u
17945,t,d,u
17946,t,d,w
17947,f,d,u
17948,f,d,u
17949,f,d,u
17950,f,d,u
17951,f,d,u
17952,f,d,a
17953,f,d,a
17954,t,g,u
17955,f,d,a
17956,f,d,u
17957,f,d,u
17958,f,d,u
17959,t,m,u
17960,f,d,u
17961,f,d,a
17962,f,d,u
17963,f,d,a
17964,f,h,a
17965,t,d,u
17966,t,d,a
17967,f,d,u
17968,f,d,a
17969,f,d,a
17970,f,g,a
17971,t,d,u
17972,t,d,u
17973,f,d,u
17974,f,l,u
17975,f,d,u
17976,f,l,a
17977,f,g,u
17978,t,d,a
17979,t,m,u
17980,f,g,a
17981,f,g,u
17982,f,d,a
17983,f,d,u
17984,f,d,a
17985,f,d,u
17986,f,h,a
17987,t,d,u
17988,f,h,u
17989,f,d,a
17990,f,g,a
17991,t,d,a
17992,f,d,a
17993,f,d,a
17994,f,h,a
17995,f,g,a
17996,f,d,a
17997,f,d,u
17998,f,d,a
17999,f,d,u
18000,f,d,u
18001,t,d,a
18002,f,d,a
18003,f,g,u
18004,f,d,u
18005,f,d,u
18006,t,d,u
18007,f,d,a
18008,f,d,u
18009,f,g,w
18010,f,d,a
18011,f,g,u
18012,f,d,u
18013,t,g,u
18014,f,d,u
18015,f,d,u
18016,f,l,s
18017,f,d,a
18018,f,g,a
18019,f,d,u
18020,f,d,a
18021,f,l,a
18022,t,d,w
18023,f,d,a
18024,f,g,u
18025,t,d,u
18026,f,d,u
18027,f,d,u
18028,f,p,a
18029,t,g,u
18030,f,d,s
18031,f,d,a
18032,f,g,a
18033,f,d,a
18034,f,g,a
18035,t,d,a
18036,f,l,u
18037,f,d,u
18038,f,d,a
18039,f,d,u
18040,f,d,s
18041,f,d,u
18042,f,d,u
18043,t,d,a
18044,f,d,u
18045,f,l,a
18046,f,d,u
18047,f,g,a
18048,t,d,u
18049,t,d,u
18050,t,d,w
18051,t,d,a
18052,t,g,a
18053,t,m,u
18054,f,d,a
18055,f,d,a
18056,f,d,u
18057,t,d,u
18058,f,d,a
18059,f,h,a
18060,f,d,u
18061,t,d,a
18062,t,g,s
18063,f,d,w
18064,f,d,u
18065,f,d,a
18066,f,d,u
18067,f,d,u
18068,f,g,a
18069,f,h,a
18070,t,d,s
18071,f,g,a
18072,f,d,u
18073,t,d,u
18074,t,d,a
18075,f,h,a
18076,f,d,a
18077,f,d,a
18078,f,d,u
18079,f,l,w
18080,f,h,u
18081,t,d,u
18082,t,m,a
18083,f,d,a
18084,f,l,s
18085,f,d,w
18086,f,d,a
18087,f,d,w
18088,t,g,u
18089,t,d,a
18090,f,d,a
18091,f,d,a
18092,f,d,u
18093,f,l,s
18094,f,d,u
18095,t,d,u
18096,t,d,u
18097,f,d,u
18098,f,d,u
18099,f,d,a
18100,f,d,a
18101,t,d,w
18102,t,g,u
18103,f,m,s
18104,f,d,u
18105,f,d,a
18106,f,d,a
18107,f,g,u
18108,f,d,u
18109,f,g,w
18110,t,m,a
18111,t,w,u
18112,f,d,u
18113,f,d,a
18114,f,d,s
18115,f,h,u
18116,f,d,a
18117,f,d,a
18118,f,d,u
18119,f,g,s
18120,f,d,w
18121,f,g,w
18122,f,d,a
18123,f,d,u
18124,t,d,u
18125,f,d,a
18126,t,w,a
18127,f,h,u
18128,t,d,u
18129,f,d,a
18130,f,h,u
18131,f,l,s
18132,f,d,s
18133,f,l,a
18134,f,d,u
18135,f,m,u
18136,f,g,u
18137,f,g,a
18138,t,d,a
18139,f,d,a
18140,f,d,a
18141,t,u,w
18142,f,g,w
18143,f,d,u
18144,f,d,u
18145,t,m,a
18146,f,d,a
18147,f,d,a
18148,t,d,a
18149,f,l,u
18150,t,g,a
18151,t,d,w
18152,f,d,u
18153,f,g,a
18154,f,d,a
18155,f,d,u
18156,t,m,u
18157,f,g,a
18158,f,d,a
18159,t,d,a
18160,f,d,a
18161,f,l,s
18162,f,d,u
18163,f,d,u
18164,f,d,a
18165,f,d,a
18166,f,d,a
18167,f,d,a
18168,f,l,a
18169,t,d,u
18170,t,h,a
18171,f,g,a
18172,t,g,u
18173,f,d,a
18174,f,d,u
18175,f,d,a
18176,f,m,u
18177,t,g,w
18178,f,l,a
18179,f,d,a
18180,f,d,a
18181,f,d,u
18182,f,g,u
18183,f,d,a
18184,f,d,a
18185,f,h,a
18186,f,d,a
18187,f,l,w
18188,f,d,a
18189,f,d,a
18190,f,d,u
18191,f,d,u
18192,f,d,w
18193,f,d,w
18194,f,l,a
18195,f,h,a
18196,t,d,u
18197,f,d,a
18198,t,d,u
18199,f,d,u
18200,f,d,a
18201,f,d,u
18202,t,m,u
18203,t,d,u
18204,t,d,u
18205,t,d,a
18206,f,d,u
18207,t,d,a
18208,f,g,a
18209,f,d,w
18210,t,m,s
18211,t,g,u
18212,f,d,u
18213,f,d,a
18214,f,d,a
18215,f,g,a
18216,f,g,w
18217,f,d,u
18218,f,h,a
18219,f,d,s
18220,t,p,a
18221,f,d,a
18222,t,d,u
18223,t,g,a
18224,f,d,u
18225,f,d,a
18226,t,d,a
18227,f,d,a
18228,t,d,a
18229,t,d,a
18230,f,d,u
18231,f,g,a
18232,f,d,a
18233,t,g,u
18234,f,d,u
18235,f,d,a
18236,f,d,s
18237,f,g,u
18238,f,d,u
18239,f,l,a
18240,t,d,w
18241,f,d,u
18242,f,l,w
18243,f,d,u
18244,f,d,u
18245,t,d,a
18246,t,d,u
18247,f,m,a
18248,f,g,u
18249,f,d,u
18250,f,d,a
18251,f,d,a
18252,t,d,a
18253,f,d,s
18254,f,d,a
18255,t,g,u
18256,f,g,w
18257,f,g,u
18258,f,d,a
18259,f,d,a
18260,f,d,u
18261,t,d,a
18262,t,g,a
18263,t,d,a
18264,f,g,u
18265,f,d,a
18266,f,l,s
18267,f,d,w
18268,t,d,a
18269,f,l,a
18270,f,d,u
18271,f,g,a
18272,f,d,u
18273,f,d,a
18274,t,d,u
18275,f,d,a
18276,f,d,w
18277,f,g,u
18278,f,d,a
18279,f,d,a
18280,f,d,u
18281,f,d,a
18282,f,d,u
18283,f,d,a
18284,f,d,a
18285,t,d,u
18286,f,d,s
18287,f,l,w
18288,f,h,u
18289,f,d,u
18290,t,d,s
18291,f,d,a
18292,f,d,a
18293,t,m,a
18294,f,l,u
18295,f,d,a
18296,f,d,a
18297,f,l,a
18298,t,d,w
18299,f,d,a
18300,t,g,a
18301,f,d,w
18302,f,d,s
18303,f,d,u
18304,f,l,s
18305,f,l,u
18306,t,d,a
18307,t,d,a
18308,f,d,u
18309,t,d,u
18310,f,g,u
18311,t,d,w
18312,f,d,a
18313,f,d,a
18314,f,d,u
18315,f,l,a
18316,f,g,w
18317,f,h,a
18318,f,h,u
18319,t,d,u
18320,t,d,a
18321,f,d,a
18322,f,h,u
18323,f,d,u
18324,f,d,a
18325,t,d,a
18326,f,g,u
18327,f,h,a
18328,t,d,a
18329,f,d,a
18330,f,d,a
18331,t,d,w
18332,f,h,u
18333,f,d,w
18334,f,d,a
18335,f,g,a
18336,f,l,a
18337,t,d,w
18338,t,d,u
18339,f,g,a
18340,f,m,u
18341,f,d,u
18342,t,d,a
18343,f,d,u
18344,t,g,u
18345,t,d,u
18346,f,g,a
18347,t,d,a
18348,f,d,a
18349,f,m,s
18350,t,m,a
18351,f,d,u
18352,f,d,u
18353,f,d,u
18354,f,d,a
18355,f,l,s
18356,f,d,a
18357,f,d,a
18358,f,l,u
18359,f,d,a
18360,f,d,a
18361,t,d,s
18362,t,d,w
18363,f,d,a
18364,t,d,a
18365,t,d,u
18366,t,d,u
18367,t,d,a
18368,f,d,w
18369,f,l,w
18370,f,g,a
18371,f,g,u
18372,f,d,u
18373,f,d,a
18374,f,d,a
18375,f,h,a
18376,f,d,a
18377,f,d,w
18378,f,d,a
18379,f,d,u
18380,f,d,a
18381,f,d,u
18382,f,d,a
18383,f,d,a
18384,f,d,a
18385,f,d,u
18386,f,d,u
18387,f,d,u
18388,f,d,a
18389,f,d,w
18390,f,d,u
18391,f,d,a
18392,f,d,u
18393,f,d,u
18394,f,d,u
18395,f,d,a
18396,f,d,u
18397,f,d,a
18398,t,d,u
18399,t,d,u
18400,t,d,a
18401,f,g,a
18402,t,d,u
18403,f,d,a
18404,f,d,w
18405,f,d,u
18406,f,d,a
18407,f,d,u
18408,f,l,a
18409,f,g,a
18410,f,l,a
18411,t,d,u
18412,f,h,u
18413,f,d,a
18414,f,d,a
18415,f,d,u
18416,f,d,a
18417,t,m,u
18418,f,d,u
18419,f,g,u
18420,f,d,u
18421,f,d,a
18422,f,l,u
18423,t,m,a
18424,f,d,s
18425,f,d,u
18426,f,g,a
18427,f,d,a
18428,f,d,a
18429,f,d,a
18430,f,d,a
18431,t,d,a
18432,f,d,a
18433,t,d,a
18434,f,l,a
18435,f,g,a
18436,f,m,w
18437,f,d,u
18438,f,g,u
18439,f,d,a
18440,t,d,s
18441,f,d,u
18442,t,d,u
18443,f,d,a
18444,t,d,u
18445,f,d,u
18446,t,u,w
18447,f,d,a
18448,f,g,u
18449,f,d,a
18450,f,d,u
18451,f,m,a
18452,f,d,a
18453,f,d,u
18454,f,d,u
18455,f,h,u
18456,f,d,a
18457,t,d,w
18458,f,d,a
18459,f,d,a
18460,f,l,a
18461,f,d,a
18462,f,d,w
18463,f,d,a
18464,f,d,u
18465,f,d,u
18466,f,d,a
18467,t,g,a
18468,t,w,u
18469,f,d,w
18470,f,d,a
18471,f,g,a
18472,f,m,s
18473,f,h,a
18474,f,l,a
18475,f,d,a
18476,f,d,u
18477,t,d,a
18478,f,m,u
18479,f,g,a
18480,f,h,a
18481,t,p,u
18482,f,d,a
18483,t,m,u
18484,t,d,a
18485,f,d,u
18486,f,d,a
18487,t,d,a
18488,f,d,a
18489,f,d,a
18490,t,d,a
18491,f,d,u
18492,t,m,u
18493,f,d,u
18494,f,d,u
18495,f,g,u
18496,f,d,a
18497,f,g,a
18498,t,d,u
18499,f,d,w
18500,f,d,u
18501,t,d,w
18502,t,g,u
18503,f,d,u
18504,f,d,w
18505,f,g,a
18506,f,d,u
18507,f,l,u
18508,f,d,u
18509,t,d,a
18510,f,d,a
18511,f,g,a
18512,f,d,u
18513,f,d,u
18514,t,d,a
18515,f,l,u
18516,f,g,u
18517,f,d,u
18518,f,d,u
18519,f,d,w
18520,f,d,u
18521,t,d,u
18522,f,d,s
18523,f,d,u
18524,f,m,u
18525,t,g,a
18526,f,d,u
18527,f,h,u
18528,f,d,u
18529,f,d,a
18530,f,d,a
18531,f,d,u
18532,f,g,a
18533,t,w,u
18534,f,d,a
18535,f,g,u
18536,f,d,u
18537,f,d,a
18538,f,d,u
18539,f,g,a
18540,f,m,s
18541,f,h,a
18542,f,d,a
18543,t,m,u
18544,f,d,a
18545,f,d,a
18546,f,h,a
18547,f,d,a
18548,t,d,u
18549,t,d,a
18550,f,d,u
18551,t,g,a
18552,f,d,u
18553,f,h,u
18554,f,d,a
18555,f,d,a
18556,f,d,a
18557,f,d,a
18558,f,d,u
18559,f,d,a
18560,f,d,s
18561,f,d,w
18562,t,d,a
18563,t,d,a
18564,t,d,u
18565,t,d,u
18566,f,g,u
18567,t,d,u
18568,f,d,a
18569,t,u,w
18570,t,d,a
18571,f,g,a
18572,f,d,u
18573,f,d,a
18574,f,d,a
18575,f,g,a
18576,t,d,a
18577,f,d,u
18578,f,d,a
18579,f,d,s
18580,f,d,a
18581,t,d,u
18582,f,g,a
18583,f,d,u
18584,f,g,a
18585,f,d,s
18586,f,d,a
18587,f,d,a
18588,f,g,u
18589,f,g,s
18590,f,d,a
18591,f,d,u
18592,f,g,u
18593,f,h,a
18594,f,d,a
18595,f,d,u
18596,f,g,u
18597,f,d,a
18598,f,d,w
18599,t,d,a
18600,f,g,s
18601,f,d,a
18602,f,d,w
18603,f,d,a
18604,t,d,u
18605,t,m,u
18606,f,d,a
18607,f,l,u
18608,f,g,a
18609,t,d,a
18610,f,d,a
18611,t,g,a
18612,f,g,w
18613,f,d,a
18614,f,d,u
18615,f,d,s
18616,f,d,a
18617,f,d,s
18618,f,g,a
18619,f,d,u
18620,t,g,a
18621,t,d,u
18622,f,d,u
18623,f,d,u
18624,t,d,a
18625,f,d,a
18626,f,d,a
18627,t,d,a
18628,f,l,a
18629,f,l,a
18630,f,d,u
18631,t,d,a
18632,t,g,u
18633,t,d,u
18634,t,d,u
18635,f,d,u
18636,f,g,u
18637,t,d,w
18638,f,d,a
18639,f,l,a
18640,t,d,u
18641,t,d,s
18642,f,d,s
18643,f,d,w
18644,f,d,a
18645,f,d,a
18646,f,m,u
18647,t,d,u
18648,f,l,w
18649,f,d,u
18650,t,d,s
18651,f,d,u
18652,f,d,a
18653,f,d,a
18654,f,g,u
18655,f,d,u
18656,f,l,a
18657,t,d,a
18658,f,d,a
18659,f,d,a
18660,f,d,w
18661,f,d,a
18662,t,l,a
18663,f,d,a
18664,f,g,a
18665,f,d,a
18666,t,h,a
18667,f,h,a
18668,f,d,u
18669,f,h,s
18670,t,d,w
18671,f,d,u
18672,f,d,s
18673,f,d,w
18674,f,d,a
18675,t,m,u
18676,f,l,u
18677,f,d,a
18678,f,d,a
18679,f,h,a
18680,f,d,a
18681,t,d,a
18682,t,g,a
18683,f,d,w
18684,f,d,u
18685,t,w,a
18686,f,d,s
18687,t,d,w
18688,t,d,u
18689,t,w,a
18690,f,d,u
18691,f,d,a
18692,t,d,a
18693,f,d,a
18694,f,d,a
18695,f,d,a
18696,f,d,w
18697,f,d,a
18698,f,g,w
18699,f,d,u
18700,f,d,a
18701,f,d,a
18702,t,d,a
18703,t,d,u
18704,f,d,u
18705,f,d,a
18706,f,d,u
18707,f,d,u
18708,f,g,u
18709,f,m,a
18710,f,d,u
18711,f,g,u
18712,f,g,a
18713,f,g,u
18714,f,d,u
18715,t,g,u
18716,f,d,u
18717,t,d,u
18718,f,d,w
18719,f,d,u
18720,f,d,a
18721,f,d,u
18722,f,m,a
18723,t,d,a
18724,f,d,w
18725,f,d,a
18726,t,d,a
18727,f,d,w
18728,f,d,s
18729,t,d,u
18730,t,d,s
18731,t,d,u
18732,f,g,w
18733,t,d,u
18734,f,d,u
18735,f,d,a
18736,f,m,a
18737,f,l,a
18738,f,d,a
18739,t,d,a
18740,f,d,a
18741,t,g,u
18742,t,d,u
18743,f,d,a
18744,f,d,u
18745,f,d,w
18746,f,d,u
18747,f,d,a
18748,f,d,u
18749,f,d,u
18750,f,h,u
18751,f,l,u
18752,t,d,a
18753,f,d,u
18754,f,d,a
18755,f,d,a
18756,f,l,w
18757,f,d,a
18758,f,d,u
18759,t,d,s
18760,f,d,u
18761,f,d,u
18762,t,d,u
18763,f,p,a
18764,t,g,w
18765,f,d,w
18766,f,d,a
18767,t,w,a
18768,f,d,w
18769,t,g,a
18770,f,d,a
18771,f,d,a
18772,f,g,a
18773,f,d,a
18774,t,d,u
18775,t,d,u
18776,f,d,a
18777,f,d,a
18778,f,d,u
18779,f,d,a
18780,f,d,u
18781,f,d,a
18782,f,d,a
18783,t,g,u
18784,t,d,a
18785,t,d,u
18786,f,d,u
18787,f,g,u
18788,f,d,s
18789,f,d,a
18790,t,d,a
18791,f,h,a
18792,f,d,a
18793,t,d,u
18794,f,d,a
18795,f,d,a
18796,f,d,w
18797,f,d,a
18798,f,g,a
18799,f,d,w
18800,f,d,u
18801,f,d,u
18802,f,d,u
18803,f,g,u
18804,f,d,a
18805,f,d,u
18806,f,d,w
18807,f,l,w
18808,f,d,a
18809,t,d,u
18810,f,d,a
18811,t,g,u
18812,f,g,a
18813,f,d,u
18814,t,m,u
18815,f,d,s
18816,f,h,u
18817,t,g,u
18818,f,d,a
18819,f,d,u
18820,t,d,u
18821,f,g,u
18822,f,d,u
18823,f,d,a
18824,f,d,a
18825,f,g,u
18826,f,d,u
18827,f,d,a
18828,f,h,a
18829,t,g,u
18830,f,h,a
18831,t,d,a
18832,f,d,a
18833,f,d,u
18834,f,h,a
18835,t,d,w
18836,f,d,u
18837,t,d,w
18838,f,l,u
18839,f,d,a
18840,t,l,a
18841,f,d,a
18842,f,d,a
18843,f,d,w
18844,f,g,a
18845,f,d,u
18846,f,d,a
18847,t,d,u
18848,f,d,a
18849,f,d,a
18850,f,g,a
18851,f,m,a
18852,f,d,a
18853,t,d,a
18854,f,d,a
18855,f,h,a
18856,t,d,a
18857,f,d,a
18858,f,d,a
18859,f,p,u
18860,t,d,u
18861,f,d,u
18862,f,d,u
18863,f,g,u
18864,f,d,u
18865,f,d,a
18866,t,d,u
18867,t,d,a
18868,f,d,a
18869,f,l,a
18870,f,d,s
18871,f,d,u
18872,f,g,u
18873,f,d,a
18874,f,d,u
18875,f,d,a
18876,f,d,a
18877,f,d,w
18878,f,d,w
18879,f,d,a
18880,f,d,u
18881,f,d,w
18882,f,h,a
18883,f,h,a
18884,f,g,u
18885,f,d,u
18886,f,d,a
18887,f,d,u
18888,f,g,a
18889,f,g,w
18890,f,d,a
18891,f,m,a
18892,f,g,u
18893,f,d,a
18894,t,w,a
18895,t,d,a
18896,f,d,u
18897,f,g,u
18898,t,d,u
18899,f,d,a
18900,f,d,u
18901,f,d,a
18902,f,g,w
18903,f,d,a
18904,f,g,w
18905,f,l,u
18906,t,g,u
18907,t,g,a
18908,f,d,u
18909,t,m,a
18910,f,d,a
18911,f,d,a
18912,f,d,u
18913,f,g,u
18914,t,m,u
18915,t,d,u
18916,f,d,u
18917,f,d,a
18918,f,d,a
18919,f,d,a
18920,f,d,a
18921,f,d,a
18922,t,d,a
18923,f,d,u
18924,f,d,a
18925,f,d,u
18926,f,d,s
18927,f,d,a
18928,f,d,a
18929,t,d,a
18930,f,d,a
18931,f,d,a
18932,f,d,u
18933,f,d,a
18934,t,d,a
18935,f,d,u
18936,f,g,u
18937,f,l,u
18938,t,d,a
18939,t,m,a
18940,f,d,u
18941,f,d,u
18942,f,d,a
18943,f,d,a
18944,f,d,u
18945,f,d,u
18946,f,h,s
18947,f,d,a
18948,f,d,a
18949,f,d,a
18950,f,g,a
18951,f,l,w
18952,t,d,a
18953,f,d,u
18954,f,d,w
18955,f,d,a
18956,f,g,a
18957,t,d,a
18958,f,l,a
18959,f,l,u
18960,t,d,a
18961,f,d,a
18962,t,d,u
18963,f,d,a
18964,t,d,u
18965,t,d,a
18966,f,d,u
18967,f,h,u
18968,f,g,s
18969,f,d,a
18970,f,d,u
18971,t,d,w
18972,t,d,s
18973,f,d,a
18974,f,d,a
18975,f,d,a
18976,t,d,a
18977,t,d,a
18978,f,l,s
18979,f,d,s
18980,f,d,w
18981,f,d,u
18982,f,d,u
18983,f,d,a
18984,f,d,a
18985,f,d,w
18986,f,g,u
18987,f,d,w
18988,f,d,u
18989,f,d,u
18990,t,d,u
18991,f,l,a
18992,f,d,u
18993,f,d,a
18994,f,d,a
18995,f,d,a
18996,f,g,a
18997,f,d,u
18998,f,d,a
18999,f,d,a
19000,f,m,u
19001,f,d,a
19002,t,d,u
19003,f,d,w
19004,f,d,u
19005,f,d,a
19006,t,d,u
19007,f,d,u
19008,t,g,u
19009,f,d,a
19010,f,d,a
19011,f,m,u
19012,t,d,u
19013,f,g,a
19014,f,d,u
19015,f,d,a
19016,f,m,u
19017,f,d,a
19018,t,d,s
19019,f,d,u
19020,f,d,a
19021,f,g,a
19022,t,u,u
19023,f,g,w
19024,t,d,a
19025,f,d,a
19026,f,d,a
19027,t,d,a
19028,f,d,u
19029,t,d,u
19030,t,d,u
19031,f,d,a
19032,t,d,u
19033,f,d,a
19034,f,g,u
19035,f,g,a
19036,f,g,w
19037,f,d,u
19038,f,d,a
19039,f,g,a
19040,f,h,a
19041,t,d,u
19042,f,d,u
19043,t,d,u
19044,f,h,a
19045,f,g,a
19046,f,g,u
19047,t,d,a
19048,f,d,a
19049,f,d,u
19050,f,g,u
19051,f,d,a
19052,t,d,u
19053,t,d,u
19054,t,d,u
19055,f,d,a
19056,t,d,a
19057,f,l,u
19058,f,d,a
19059,t,m,a
19060,f,d,s
19061,f,d,a
19062,f,d,a
19063,f,d,u
19064,f,d,a
19065,f,d,u
19066,t,d,a
19067,t,d,u
19068,f,d,a
19069,t,g,a
19070,t,d,a
19071,f,d,u
19072,f,l,u
19073,f,d,w
19074,t,d,w
19075,f,m,a
19076,f,h,u
19077,t,d,u
19078,f,m,a
19079,f,d,u
19080,t,d,u
19081,f,g,u
19082,t,d,u
19083,f,d,u
19084,f,g,a
19085,f,g,w
19086,f,d,u
19087,f,g,u
19088,f,d,a
19089,t,d,a
19090,f,d,a
19091,f,d,a
19092,f,d,a
19093,t,d,a
19094,t,w,u
19095,t,g,u
19096,f,h,u
19097,f,g,u
19098,f,l,a
19099,f,g,u
19100,f,d,a
19101,t,d,u
19102,f,d,w
19103,t,d,w
19104,f,l,a
19105,t,d,a
19106,f,h,a
19107,f,m,a
19108,t,d,a
19109,f,g,u
19110,f,d,a
19111,f,d,a
19112,f,d,a
19113,t,g,a
19114,f,d,w
19115,f,d,u
19116,f,d,a
19117,f,l,a
19118,f,l,a
19119,f,d,u
19120,t,h,a
19121,f,d,a
19122,f,d,a
19123,f,d,a
19124,f,d,a
19125,f,d,u
19126,f,g,w
19127,f,d,u
19128,f,d,w
19129,t,d,u
19130,f,d,a
19131,f,g,a
19132,f,g,a
19133,f,d,a
19134,f,g,w
19135,f,d,a
19136,f,d,a
19137,t,d,u
19138,f,d,a
19139,f,d,a
19140,f,g,u
19141,f,d,a
19142,f,d,a
19143,f,d,u
19144,t,d,a
19145,t,d,u
19146,t,g,u
19147,t,w,a
19148,f,d,a
19149,f,d,u
19150,f,d,u
19151,f,d,s
19152,f,g,u
19153,f,d,a
19154,f,g,u
19155,f,d,s
19156,f,d,a
19157,t,d,u
19158,f,d,s
19159,f,g,a
19160,f,d,s
19161,f,d,w
19162,t,d,u
19163,t,m,a
19164,f,g,a
19165,f,d,u
19166,f,g,a
19167,t,d,u
19168,f,g,a
19169,f,d,a
19170,f,d,u
19171,f,g,w
19172,f,l,a
19173,f,d,s
19174,f,d,u
19175,t,d,a
19176,f,d,a
19177,f,d,a
19178,f,h,u
19179,f,d,a
19180,t,d,a
19181,f,d,u
19182,t,g,u
19183,f,d,u
19184,f,d,a
19185,t,d,u
19186,f,d,u
19187,f,d,a
19188,f,d,u
19189,f,d,a
19190,t,d,a
19191,f,g,a
19192,f,d,u
19193,t,d,u
19194,f,d,u
19195,f,d,u
19196,f,l,a
19197,f,g,a
19198,f,d,u
19199,f,d,a
19200,f,d,s
19201,f,d,a
19202,f,d,u
19203,f,d,u
19204,f,l,a
19205,f,h,a
19206,f,d,a
19207,f,g,u
19208,f,l,u
19209,f,d,u
19210,f,d,u
19211,t,d,u
19212,t,d,u
19213,f,d,a
19214,f,d,a
19215,f,d,u
19216,f,d,a
19217,f,d,u
19218,f,m,a
19219,f,d,a
19220,f,d,a
19221,f,d,w
19222,f,d,a
19223,t,d,u
19224,f,g,a
19225,f,d,a
19226,f,d,a
19227,f,d,u
19228,f,d,a
19229,f,d,u
19230,f,d,w
19231,t,d,u
19232,t,d,u
19233,t,d,u
19234,f,d,u
19235,f,l,u
19236,f,d,s
19237,t,d,w
19238,f,g,a
19239,f,d,w
19240,f,d,u
19241,f,l,a
19242,f,d,a
19243,f,g,a
19244,f,d,u
19245,f,d,w
19246,t,d,w
19247,t,d,a
19248,f,g,a
19249,t,d,u
19250,t,d,s
19251,f,d,a
19252,f,d,a
19253,f,d,a
19254,f,g,u
19255,f,m,u
19256,f,d,w
19257,f,d,a
19258,t,l,a
19259,f,d,a
19260,t,m,u
19261,f,d,a
19262,f,g,a
19263,f,d,u
19264,t,g,a
19265,f,d,a
19266,f,d,a
19267,f,d,u
19268,f,d,u
19269,f,d,a
19270,f,d,s
19271,f,d,a
19272,f,g,u
19273,f,d,w
19274,t,d,a
19275,f,g,a
19276,f,g,w
19277,f,d,a
19278,f,l,u
19279,f,g,u
19280,f,d,a
19281,t,d,u
19282,f,m,a
19283,t,d,a
19284,f,d,u
19285,f,d,s
19286,t,l,a
19287,f,l,a
19288,t,g,u
19289,f,d,s
19290,f,m,a
19291,f,d,a
19292,f,d,u
19293,t,d,u
19294,f,d,u
19295,f,d,w
19296,f,d,u
19297,f,d,u
19298,f,d,a
19299,f,d,a
19300,f,g,a
19301,f,g,a
19302,f,g,a
19303,t,d,u
19304,f,d,a
19305,f,d,a
19306,f,d,u
19307,f,h,a
19308,f,d,u
19309,f,g,a
19310,f,d,w
19311,f,d,a
19312,f,m,w
19313,f,l,s
19314,t,m,u
19315,f,d,a
19316,f,d,a
19317,f,d,s
19318,t,d,u
19319,f,d,a
19320,t,d,u
19321,f,h,a
19322,f,d,a
19323,f,m,a
19324,f,g,a
19325,f,d,a
19326,f,g,a
19327,f,g,a
19328,f,d,a
19329,f,d,a
19330,f,d,u
19331,t,d,u
19332,t,d,u
19333,f,d,a
19334,t,p,u
19335,f,d,u
19336,f,d,u
19337,t,d,u
19338,f,l,u
19339,f,m,a
19340,f,d,a
19341,f,d,a
19342,f,d,u
19343,f,g,u
19344,t,d,a
19345,t,d,w
19346,t,d,u
19347,f,d,u
19348,f,d,u
19349,f,h,a
19350,t,d,a
19351,t,m,a
19352,t,d,a
19353,t,g,u
19354,f,d,a
19355,f,d,a
19356,f,d,u
19357,t,d,w
19358,t,d,u
19359,f,g,u
19360,f,d,u
19361,t,d,u
19362,f,d,a
19363,t,d,s
19364,f,d,w
19365,f,d,u
19366,f,d,u
19367,f,d,a
19368,f,d,a
19369,f,g,a
19370,f,d,u
19371,t,d,a
19372,f,d,u
19373,t,d,w
19374,f,g,u
19375,f,d,u
19376,f,d,a
19377,f,d,a
19378,f,l,u
19379,f,d,a
19380,f,d,u
19381,f,d,u
19382,f,g,u
19383,f,d,u
19384,t,m,a
19385,f,m,a
19386,f,h,a
19387,t,d,w
19388,f,d,a
19389,t,g,a
19390,f,g,w
19391,f,d,w
19392,t,d,u
19393,f,d,s
19394,f,l,u
19395,f,d,a
19396,t,d,a
19397,f,d,a
19398,f,d,a
19399,t,d,a
19400,f,d,a
19401,f,d,a
19402,f,d,a
19403,f,d,a
19404,t,d,u
19405,f,d,a
19406,f,d,a
19407,t,g,u
19408,f,l,w
19409,f,d,a
19410,t,d,a
19411,f,l,w
19412,f,d,a
19413,f,d,a
19414,t,d,u
19415,t,g,u
19416,f,g,a
19417,f,g,u
19418,f,d,u
19419,f,d,a
19420,f,d,a
19421,f,l,w
19422,t,d,a
19423,t,d,u
19424,f,h,a
19425,f,d,u
19426,f,d,a
19427,f,h,s
19428,f,g,u
19429,f,l,a
19430,f,d,u
19431,t,g,a
19432,f,d,a
19433,f,d,w
19434,f,d,a
19435,f,d,a
19436,f,l,u
19437,f,m,w
19438,f,d,a
19439,f,d,u
19440,f,d,u
19441,f,d,a
19442,f,d,a
19443,f,d,s
19444,f,d,a
19445,f,d,a
19446,t,d,s
19447,f,g,u
19448,t,d,a
19449,t,g,w
19450,t,d,u
19451,f,d,u
19452,f,h,u
19453,f,p,u
19454,f,d,u
19455,f,d,u
19456,f,d,a
19457,t,w,a
19458,f,d,a
19459,f,g,w
19460,f,l,u
19461,f,d,u
19462,f,d,a
19463,f,d,a
19464,f,g,a
19465,f,d,u
19466,f,d,w
19467,f,d,u
19468,f,d,u
19469,f,d,u
19470,t,d,a
19471,t,g,a
19472,f,l,a
19473,f,d,a
19474,f,d,a
19475,f,d,a
19476,t,m,a
19477,f,d,s
19478,f,d,u
19479,t,d,u
19480,f,g,u
19481,f,g,a
19482,f,g,u
19483,t,d,u
19484,f,d,u
19485,f,d,u
19486,t,m,u
19487,f,d,s
19488,f,d,u
19489,f,d,a
19490,t,g,a
19491,f,d,s
19492,f,l,u
19493,t,g,a
19494,f,d,a
19495,f,d,u
19496,f,g,a
19497,f,g,u
19498,t,d,a
19499,f,d,w
19500,f,d,u
19501,f,d,u
19502,f,d,w
19503,f,d,u
19504,f,d,a
19505,f,d,w
19506,t,m,u
19507,f,d,a
19508,f,l,u
19509,f,g,a
19510,f,d,u
19511,f,d,a
19512,f,g,a
19513,f,d,u
19514,t,d,u
19515,f,d,s
19516,f,g,u
19517,f,l,w
19518,f,d,a
19519,f,h,a
19520,t,d,a
19521,t,d,u
19522,f,d,u
19523,f,l,w
19524,f,d,a
19525,f,d,w
19526,f,d,a
19527,f,d,a
19528,f,d,a
19529,t,d,a
19530,f,d,a
19531,f,d,a
19532,f,g,u
19533,t,d,u
19534,f,d,a
19535,t,g,a
19536,t,d,u
19537,f,d,u
19538,f,d,a
19539,f,d,a
19540,f,g,u
19541,f,d,a
19542,f,d,a
19543,f,d,u
19544,f,d,a
19545,f,d,u
19546,f,d,a
19547,f,d,u
19548,f,m,u
19549,f,d,u
19550,f,g,u
19551,f,d,u
19552,f,l,w
19553,t,d,u
19554,f,d,a
19555,t,g,u
19556,t,d,a
19557,t,d,u
19558,f,g,u
19559,f,g,u
19560,f,d,u
19561,f,l,u
19562,t,d,a
19563,f,d,u
19564,f,d,u
19565,f,d,u
19566,t,d,u
19567,f,g,a
19568,f,d,a
19569,f,l,u
19570,t,m,a
19571,f,h,u
19572,f,m,s
19573,f,d,u
19574,f,d,a
19575,f,d,a
19576,f,d,a
19577,f,g,a
19578,f,g,a
19579,f,d,a
19580,f,d,a
19581,t,d,w
19582,t,d,u
19583,f,d,u
19584,t,g,u
19585,f,d,w
19586,t,d,a
19587,t,d,u
19588,f,d,u
19589,f,m,s
19590,f,d,a
19591,f,d,a
19592,f,d,a
19593,f,d,a
19594,t,l,a
19595,f,g,a
19596,f,d,a
19597,t,m,w
19598,t,d,w
19599,f,l,u
19600,f,d,a
19601,f,d,a
19602,t,d,a
19603,f,g,u
19604,f,g,a
19605,t,h,u
19606,t,g,u
19607,t,d,u
19608,f,d,u
19609,f,d,u
19610,f,d,a
19611,f,g,w
19612,f,d,a
19613,f,g,u
19614,f,l,u
19615,f,d,u
19616,f,d,a
19617,t,p,u
19618,f,d,a
19619,f,l,u
19620,f,d,a
19621,f,m,s
19622,t,d,s
19623,f,d,a
19624,f,d,a
19625,f,h,a
19626,t,g,u
19627,f,g,a
19628,t,d,a
19629,t,d,a
19630,f,d,a
19631,f,d,a
19632,f,d,u
19633,f,m,a
19634,f,d,a
19635,t,d,a
19636,f,d,a
19637,f,d,a
19638,f,g,a
19639,f,d,u
19640,f,l,u
19641,f,g,u
19642,f,d,a
19643,f,d,u
19644,f,g,a
19645,t,d,w
19646,t,d,u
19647,t,d,a
19648,f,g,a
19649,f,d,w
19650,f,d,a
19651,f,d,u
19652,f,d,a
19653,t,d,s
19654,f,l,w
19655,f,g,a
19656,f,d,u
19657,f,g,w
19658,f,d,a
19659,t,d,a
19660,f,d,u
19661,t,d,u
19662,f,d,a
19663,t,d,s
19664,t,g,u
19665,f,d,a
19666,f,d,a
19667,f,d,w
19668,f,h,a
19669,f,d,u
19670,f,d,u
19671,f,g,a
19672,f,d,a
19673,f,d,u
19674,f,d,a
19675,f,d,a
19676,f,d,a
19677,f,d,w
19678,t,d,u
19679,t,d,w
19680,f,d,a
19681,f,d,a
19682,f,g,a
19683,f,d,u
19684,f,d,u
19685,f,d,a
19686,f,d,w
19687,t,d,u
19688,t,d,u
19689,f,d,a
19690,f,d,a
19691,f,g,a
19692,f,d,u
19693,f,d,u
19694,f,l,a
19695,f,d,u
19696,f,l,a
19697,f,g,w
19698,f,d,u
19699,f,d,u
19700,f,d,a
19701,t,h,a
19702,t,m,u
19703,t,d,u
19704,f,g,a
19705,t,h,u
19706,f,d,w
19707,f,d,u
19708,f,h,u
19709,f,d,a
19710,f,d,a
19711,f,d,a
19712,t,d,u
19713,f,g,u
19714,f,d,a
19715,f,h,u
19716,f,d,a
19717,f,d,a
19718,f,l,u
19719,f,d,a
19720,f,p,a
19721,f,g,a
19722,f,l,u
19723,t,l,u
19724,f,g,a
19725,f,d,u
19726,f,d,a
19727,f,d,w
19728,f,d,u
19729,f,l,a
19730,f,d,u
19731,t,u,u
19732,t,m,u
19733,f,d,u
19734,t,m,u
19735,t,d,u
19736,f,d,u
19737,f,d,u
19738,f,h,a
19739,f,d,u
19740,t,d,w
19741,t,d,u
19742,f,d,a
19743,f,d,u
19744,f,h,u
19745,f,d,u
19746,f,l,a
19747,t,m,a
19748,f,g,a
19749,f,d,a
19750,f,d,u
19751,t,g,a
19752,t,d,u
19753,f,g,u
19754,t,d,a
19755,f,d,u
19756,f,d,a
19757,f,g,u
19758,f,d,w
19759,f,d,a
19760,f,d,a
19761,f,d,u
19762,f,d,u
19763,f,l,w
19764,f,l,u
19765,f,g,a
19766,f,d,u
19767,f,l,a
19768,f,g,w
19769,t,d,a
19770,f,d,w
19771,f,d,s
19772,t,m,a
19773,f,d,u
19774,f,g,a
19775,f,d,w
19776,f,d,a
19777,f,d,u
19778,f,d,a
19779,t,m,a
19780,f,d,u
19781,f,d,u
19782,t,g,u
19783,t,d,a
19784,f,l,s
19785,f,h,a
19786,f,d,u
19787,f,l,u
19788,f,d,a
19789,t,p,a
19790,f,g,u
19791,t,d,u
19792,f,g,a
19793,f,d,u
19794,f,d,a
19795,t,d,u
19796,f,d,u
19797,f,d,a
19798,f,d,a
19799,f,d,w
19800,t,d,u
19801,f,d,u
19802,t,d,a
19803,f,g,a
19804,t,d,u
19805,f,d,s
19806,f,d,u
19807,f,h,u
19808,t,g,w
19809,f,d,w
19810,f,d,w
19811,f,d,u
19812,f,d,w
19813,f,g,a
19814,t,d,u
19815,t,d,u
19816,f,d,u
19817,t,d,a
19818,t,m,a
19819,f,d,u
19820,f,d,a
19821,f,d,a
19822,t,d,u
19823,t,d,u
19824,f,l,a
19825,t,d,s
19826,t,d,u
19827,f,d,a
19828,f,d,a
19829,t,d,w
19830,t,d,u
19831,f,d,u
19832,f,d,u
19833,f,d,u
19834,f,h,u
19835,f,l,u
19836,f,d,u
19837,t,d,u
19838,f,g,w
19839,f,d,u
19840,f,d,u
19841,t,m,u
19842,f,d,a
19843,t,m,s
19844,f,g,a
19845,f,l,a
19846,t,d,a
19847,f,l,w
19848,f,d,a
19849,t,d,s
19850,t,w,u
19851,f,d,a
19852,f,g,u
19853,f,d,s
19854,f,d,u
19855,f,d,u
19856,t,g,a
19857,f,d,u
19858,f,l,s
19859,f,d,a
19860,t,w,a
19861,f,g,u
19862,f,d,a
19863,f,h,u
19864,f,d,a
19865,f,d,u
19866,t,d,u
19867,f,d,a
19868,f,g,a
19869,f,g,u
19870,f,g,u
19871,f,d,a
19872,f,d,w
19873,f,d,a
19874,t,d,a
19875,f,d,a
19876,f,d,a
19877,f,d,a
19878,f,l,w
19879,f,d,u
19880,t,g,w
19881,f,d,a
19882,f,m,u
19883,f,d,a
19884,f,d,u
19885,f,g,a
19886,f,m,a
19887,f,d,u
19888,t,d,u
19889,f,l,a
19890,f,h,u
19891,t,m,a
19892,f,d,u
19893,f,d,a
19894,f,d,a
19895,f,d,a
19896,f,d,a
19897,f,d,w
19898,f,d,u
19899,t,h,u
19900,f,d,a
19901,f,d,u
19902,f,d,a
19903,f,h,u
19904,f,d,u
19905,f,d,a
19906,f,d,u
19907,f,d,a
19908,f,g,w
19909,f,g,w
19910,f,d,w
19911,f,g,u
19912,f,d,a
19913,f,l,a
19914,f,d,u
19915,f,g,w
19916,f,h,a
19917,t,d,a
19918,t,d,s
19919,f,d,a
19920,f,d,u
19921,f,d,u
19922,f,d,a
19923,f,d,u
19924,f,d,a
19925,t,d,u
19926,t,g,a
19927,t,d,a
19928,t,d,a
19929,f,d,u
19930,f,m,u
19931,f,g,a
19932,f,d,w
19933,f,d,u
19934,t,d,w
19935,f,d,a
19936,f,d,a
19937,t,d,a
19938,f,d,a
19939,f,g,a
19940,f,d,a
19941,f,d,a
19942,t,d,u
19943,f,d,w
19944,f,g,a
19945,f,d,u
19946,f,d,a
19947,t,g,a
19948,f,d,u
19949,f,h,a
19950,f,d,a
19951,t,d,a
19952,f,g,a
19953,f,d,a
19954,t,d,a
19955,f,g,a
19956,f,h,a
19957,f,d,u
19958,t,m,u
19959,f,g,u
19960,t,d,s
19961,f,g,a
19962,f,g,a
19963,f,l,u
19964,f,d,w
19965,f,d,w
19966,f,l,s
19967,f,d,u
19968,f,d,u
19969,t,w,u
19970,f,h,u
19971,f,d,a
19972,f,d,a
19973,f,d,u
19974,t,g,a
19975,f,d,a
19976,t,d,u
19977,f,d,u
19978,f,d,u
19979,f,g,u
19980,f,g,a
19981,f,d,w
19982,f,d,u
19983,f,g,u
19984,f,l,u
19985,f,d,u
19986,f,d,a
19987,f,d,a
19988,f,d,u
19989,f,d,a
19990,t,d,w
19991,f,d,u
19992,f,h,u
19993,f,d,u
19994,t,d,u
19995,f,d,s
19996,t,d,a
19997,f,g,a
19998,t,g,a
