id,class,cap-color,does-bruise-or-bleed,stem-height
0,e,u,f,4.51
1,p,o,f,4.79
2,e,b,f,6.85
3,e,g,f,4.16
4,e,w,f,3.37
5,p,n,f,5.91
6,e,w,f,19.07
7,p,e,f,8.31
8,p,e,f,5.77
9,e,n,f,7.13
10,e,n,f,9.14
11,e,n,f,6.56
12,e,n,f,4.33
13,e,n,f,6.37
14,p,n,f,9.81
15,p,n,f,4.66
16,p,n,f,7.59
17,p,n,f,10.03
18,e,e,t,4.92
19,p,n,t,6.21
20,e,w,f,5.42
21,p,e,f,5.81
22,e,n,f,5.79
23,e,n,t,9.01
24,p,g,f,5.23
25,e,g,f,5.35
26,e,w,f,2.72
27,e,n,f,4.59
28,e,y,t,7.06
29,p,w,f,5.01
30,p,n,t,7.72
31,e,n,t,10.64
32,p,r,f,1.51
33,p,o,f,3.19
34,e,n,f,6.35
35,e,n,t,8.29
36,p,n,f,14.0
37,p,p,t,7.21
38,e,g,f,5.96
39,p,p,f,4.96
40,e,k,f,4.47
41,p,n,f,5.57
42,p,y,f,4.64
43,e,p,t,6.78
44,p,y,f,5.55
45,p,u,f,4.43
46,e,o,f,5.7
47,p,y,f,9.39
48,e,o,f,5.56
49,p,g,f,5.08
50,p,r,t,4.78
51,p,n,f,5.37
52,e,w,t,6.27
53,e,n,t,10.18
54,e,n,f,6.06
55,e,k,f,3.85
56,e,n,f,3.66
57,p,w,f,3.76
58,p,n,f,10.84
59,e,y,t,7.88
60,p,y,f,3.17
61,p,n,f,6.4
62,p,n,f,9.29
63,e,g,f,6.91
64,e,n,f,6.43
65,e,n,f,4.37
66,e,n,f,4.42
67,p,n,f,12.28
68,p,o,f,6.19
69,p,u,f,4.77
70,p,n,f,4.24
71,e,n,f,8.57
72,e,n,t,4.82
73,p,n,f,12.07
74,e,n,f,5.87
75,p,n,f,6.56
76,p,n,f,8.75
77,p,g,f,11.0
78,e,n,f,7.13
79,p,o,f,18.28
80,p,n,f,2.11
81,p,n,f,6.42
82,p,n,f,4.73
83,p,n,f,11.11
84,p,g,f,11.06
85,p,n,f,5.37
86,p,n,f,4.37
87,p,y,f,3.71
88,p,e,f,5.69
89,p,n,f,0.0
90,p,n,f,4.9
91,e,n,t,9.96
92,e,e,t,5.24
93,e,n,f,13.55
94,p,r,f,10.52
95,p,r,t,5.19
96,p,y,f,8.61
97,e,y,t,7.52
98,p,w,f,3.83
99,p,e,f,17.3
100,p,n,f,4.34
101,e,n,t,8.79
102,e,y,f,10.18
103,p,n,t,5.64
104,p,n,f,7.65
105,p,w,f,19.38
106,e,y,f,7.88
107,p,u,f,5.77
108,e,n,f,7.03
109,e,y,f,6.09
110,e,n,f,4.9
111,p,w,f,8.22
112,e,w,f,3.31
113,p,n,f,7.8
114,p,y,f,6.22
115,p,n,f,6.37
116,e,n,f,9.74
117,p,n,f,4.49
118,p,n,f,9.37
119,e,n,f,4.99
120,p,e,f,13.52
121,p,n,f,4.37
122,p,n,f,5.15
123,p,n,f,11.79
124,p,e,f,5.17
125,e,n,f,7.65
126,e,u,f,4.71
127,e,g,f,2.89
128,p,n,f,5.6
129,e,n,f,7.04
130,p,y,f,8.75
131,p,o,f,2.99
132,p,e,f,8.54
133,e,n,t,7.19
134,e,w,f,6.69
135,p,w,f,8.66
136,e,n,f,7.35
137,e,g,t,12.08
138,p,e,t,5.83
139,p,y,f,5.87
140,p,n,f,4.96
141,e,y,t,7.42
142,p,o,f,3.54
143,p,o,f,1.54
144,e,n,f,4.99
145,e,n,f,13.14
146,p,y,f,7.92
147,p,g,f,10.57
148,e,g,f,4.22
149,p,r,t,4.64
150,p,y,f,3.75
151,p,w,f,4.25
152,p,n,f,6.26
153,p,n,f,4.48
154,e,g,f,5.5
155,e,n,f,5.31
156,p,r,t,5.58
157,p,e,f,5.76
158,e,p,t,4.22
159,p,n,t,5.46
160,e,l,f,8.16
161,p,g,f,9.25
162,e,n,f,6.8
163,p,n,f,11.34
164,e,w,f,7.86
165,e,w,f,2.59
166,p,g,f,11.25
167,e,p,t,6.36
168,p,n,f,10.69
169,p,y,f,2.58
170,p,n,f,3.89
171,p,e,f,4.37
172,e,e,f,8.1
173,e,u,t,4.52
174,p,e,f,17.87
175,p,w,f,12.51
176,e,n,f,5.19
177,p,w,f,8.97
178,p,y,f,7.21
179,p,n,f,6.66
180,p,n,f,9.89
181,p,p,f,3.88
182,p,r,t,4.98
183,p,n,f,5.27
184,p,y,f,2.11
185,p,w,f,13.28
186,e,n,t,10.85
187,e,y,f,4.87
188,p,l,f,5.61
189,p,g,t,6.1
190,e,w,t,12.91
191,p,e,f,16.71
192,p,n,f,5.32
193,e,n,f,6.03
194,p,n,f,2.76
195,e,n,t,9.05
196,e,w,f,2.46
197,p,n,t,8.07
198,e,b,f,5.52
199,p,n,f,15.14
200,p,e,f,5.97
201,p,n,f,7.69
202,p,e,f,8.27
203,e,w,t,11.2
204,p,p,t,7.98
205,p,n,f,10.71
206,p,y,f,5.51
207,e,n,t,10.09
208,p,y,f,13.42
209,e,n,t,7.65
210,p,n,t,4.78
211,p,w,f,3.76
212,e,n,f,5.22
213,p,n,f,7.07
214,p,g,f,13.7
215,e,n,f,6.55
216,p,n,f,10.55
217,p,e,f,5.68
218,p,n,f,7.98
219,e,n,f,6.23
220,e,n,t,9.05
221,p,w,t,7.31
222,e,b,f,5.78
223,e,k,f,3.49
224,p,y,f,6.1
225,p,w,f,5.37
226,p,n,f,10.76
227,p,n,f,4.49
228,p,w,f,5.52
229,p,w,f,10.91
230,e,g,f,7.34
231,p,w,f,3.62
232,e,p,f,4.48
233,e,b,f,6.12
234,p,n,f,4.56
235,e,y,f,7.83
236,p,e,f,4.43
237,p,n,f,8.45
238,p,r,f,6.35
239,e,k,f,5.94
240,p,w,t,8.49
241,e,w,f,20.44
242,p,u,f,3.92
243,e,w,f,14.0
244,p,e,f,16.77
245,e,n,f,7.59
246,p,n,f,7.95
247,e,n,f,6.76
248,e,n,f,5.92
249,e,e,t,4.74
250,p,w,f,12.08
251,e,n,f,6.06
252,p,n,f,7.26
253,p,n,f,10.67
254,p,n,f,8.55
255,p,n,f,8.5
256,p,n,f,5.54
257,e,g,f,3.05
258,e,n,f,7.28
259,p,n,f,12.86
260,p,n,f,3.03
261,p,n,t,4.61
262,e,n,f,4.53
263,p,n,f,6.15
264,e,w,t,9.82
265,p,n,f,8.74
266,p,y,f,3.64
267,p,y,f,3.46
268,e,n,t,5.2
269,e,n,f,4.88
270,e,g,f,4.94
271,e,n,f,11.77
272,p,n,f,10.78
273,p,b,f,4.26
274,p,g,t,5.51
275,e,w,f,3.64
276,e,w,f,3.22
277,e,p,t,4.67
278,p,y,f,6.43
279,e,y,f,7.67
280,p,e,f,4.82
281,p,n,f,10.61
282,p,g,f,11.27
283,e,n,t,8.15
284,e,e,f,3.64
285,p,p,f,3.75
286,p,n,f,8.54
287,e,r,f,5.67
288,e,b,f,5.28
289,p,o,t,5.94
290,p,n,f,5.54
291,p,n,f,4.6
292,p,n,f,4.96
293,e,n,t,7.81
294,p,w,f,3.51
295,p,w,f,7.42
296,e,n,f,4.57
297,e,o,f,4.89
298,e,n,f,4.7
299,p,n,f,6.7
300,e,w,f,8.37
301,p,n,f,10.06
302,p,w,f,3.42
303,p,n,f,4.2
304,e,n,f,6.22
305,p,n,f,8.4
306,p,k,f,10.0
307,e,y,t,7.52
308,e,o,f,7.08
309,e,b,f,4.89
310,e,w,f,7.16
311,e,w,f,3.55
312,p,n,f,4.6
313,e,g,f,5.18
314,e,y,t,6.19
315,e,n,f,4.54
316,e,n,f,4.93
317,p,y,f,3.45
318,e,n,f,5.75
319,e,w,f,3.32
320,e,w,f,3.53
321,p,n,f,9.84
322,e,n,f,6.95
323,e,g,f,4.84
324,p,y,f,8.11
325,p,n,f,9.33
326,p,n,f,5.39
327,p,y,f,6.25
328,e,n,f,6.88
329,p,r,f,4.78
330,p,o,f,3.04
331,e,w,f,4.56
332,p,e,f,3.51
333,e,n,f,6.37
334,p,w,f,5.53
335,p,n,f,4.75
336,p,g,f,6.2
337,p,o,t,5.17
338,p,e,f,8.46
339,p,y,f,5.95
340,p,p,f,3.46
341,p,n,f,4.24
342,p,n,f,7.03
343,p,g,f,3.27
344,p,w,f,8.53
345,e,n,f,7.07
346,e,n,f,5.4
347,e,n,f,4.51
348,p,n,f,7.82
349,e,g,f,6.0
350,e,w,f,3.04
351,p,n,f,5.13
352,e,g,f,2.32
353,e,o,f,9.22
354,p,n,f,10.94
355,p,o,f,3.23
356,p,p,f,3.75
357,p,e,t,6.49
358,p,y,f,7.92
359,p,n,f,3.12
360,e,g,f,5.17
361,e,g,t,4.64
362,p,n,f,4.89
363,p,n,f,4.32
364,p,n,f,7.57
365,p,w,t,7.81
366,e,n,f,3.91
367,e,n,f,8.33
368,p,n,f,5.3
369,e,b,f,6.03
370,e,g,f,2.57
371,p,k,f,9.02
372,e,o,f,6.01
373,e,n,f,6.75
374,e,o,f,6.72
375,p,n,f,7.68
376,e,n,f,6.91
377,e,o,f,5.95
378,e,o,f,6.14
379,p,e,f,6.31
380,p,w,f,3.19
381,p,l,f,4.26
382,p,e,f,3.07
383,p,e,f,5.89
384,p,n,t,5.24
385,e,p,f,4.55
386,p,n,f,5.64
387,e,y,f,6.73
388,p,w,f,8.37
389,e,n,f,7.65
390,e,y,f,7.53
391,p,u,f,6.32
392,e,n,f,7.97
393,e,n,t,7.71
394,p,n,f,8.11
395,e,n,f,5.56
396,p,o,f,3.46
397,e,n,t,7.65
398,p,w,f,3.33
399,p,n,f,4.81
400,e,y,t,7.33
401,e,n,f,7.23
402,p,g,f,5.3
403,e,w,f,3.03
404,p,n,f,5.43
405,p,u,f,8.22
406,p,e,f,5.76
407,p,y,f,3.24
408,p,n,f,3.37
409,p,e,t,6.62
410,p,r,t,5.39
411,p,n,f,4.67
412,e,u,f,6.19
413,p,y,f,3.6
414,p,o,f,16.92
415,e,n,t,9.0
416,e,n,t,8.29
417,p,p,f,4.92
418,p,n,f,5.13
419,e,n,f,7.19
420,e,e,t,6.72
421,p,y,f,3.42
422,e,n,f,4.21
423,e,n,t,10.04
424,p,n,t,4.76
425,e,g,f,7.63
426,p,g,f,5.74
427,e,n,f,3.07
428,p,y,f,5.3
429,p,e,f,6.54
430,p,n,f,10.83
431,e,w,t,11.2
432,e,n,f,5.92
433,e,y,f,6.16
434,p,n,t,7.83
435,e,n,t,12.44
436,e,y,f,8.61
437,p,g,f,5.4
438,e,n,f,7.84
439,p,n,f,6.11
440,p,n,f,3.88
441,e,n,t,9.48
442,e,n,t,9.14
443,p,n,f,4.37
444,e,n,f,6.61
445,e,n,f,5.74
446,e,e,t,5.98
447,p,p,f,3.28
448,p,n,t,7.0
449,p,n,f,4.85
450,p,o,f,4.23
451,p,n,t,5.06
452,e,y,t,7.68
453,p,y,f,6.09
454,p,w,f,11.06
455,p,n,f,8.71
456,p,g,f,6.06
457,e,n,f,21.17
458,e,w,f,4.68
459,e,o,f,6.16
460,p,n,f,5.85
461,p,y,f,2.12
462,p,y,f,6.11
463,p,o,f,1.46
464,e,b,f,5.16
465,p,p,f,5.02
466,p,n,f,11.65
467,p,e,f,7.59
468,p,n,f,4.96
469,e,o,f,7.38
470,p,p,f,4.27
471,e,g,t,12.2
472,e,b,f,4.81
473,p,n,t,4.84
474,e,n,f,4.33
475,e,n,t,10.32
476,p,n,f,6.28
477,e,n,f,4.49
478,e,n,f,6.73
479,e,w,f,7.81
480,p,o,f,1.55
481,p,w,f,16.05
482,p,w,f,5.88
483,p,n,t,6.37
484,p,r,f,6.0
485,e,n,f,6.23
486,e,n,f,6.18
487,p,n,f,7.31
488,p,w,f,5.22
489,e,w,f,4.17
490,e,g,f,6.03
491,p,p,f,4.47
492,e,n,f,4.95
493,p,n,f,2.13
494,e,w,t,5.89
495,p,y,f,3.17
496,e,n,f,4.49
497,e,y,f,6.79
498,p,g,f,9.96
499,p,n,t,3.64
500,p,n,f,9.36
501,e,n,f,3.85
502,p,y,f,5.27
503,e,n,f,5.4
504,e,n,f,4.95
505,p,n,f,5.08
506,p,o,f,6.47
507,p,w,t,5.46
508,e,g,t,10.66
509,p,n,f,6.4
510,e,g,f,6.32
511,p,g,f,5.6
512,p,o,f,4.85
513,e,w,f,5.68
514,e,y,f,6.01
515,p,n,f,4.35
516,e,w,f,3.39
517,e,b,f,2.2
518,p,n,f,10.57
519,p,n,f,7.32
520,p,n,f,4.91
521,p,w,f,4.39
522,p,n,f,13.71
523,p,w,f,3.02
524,p,o,t,2.56
525,p,w,f,16.25
526,e,w,f,4.86
527,p,n,f,5.18
528,p,y,f,3.9
529,p,n,f,11.07
530,p,r,t,4.88
531,p,g,f,10.98
532,e,n,f,5.51
533,p,g,f,4.95
534,p,l,f,6.82
535,e,n,t,9.16
536,e,n,f,6.22
537,p,e,t,5.4
538,e,w,f,5.54
539,e,n,f,7.34
540,p,n,f,7.6
541,e,n,f,5.49
542,p,y,f,8.37
543,p,y,f,7.03
544,p,n,f,6.22
545,e,o,f,6.19
546,e,n,f,6.04
547,e,y,f,8.19
548,e,n,f,6.1
549,p,o,f,3.51
550,e,n,t,10.19
551,p,n,f,8.16
552,p,o,f,2.77
553,p,n,f,10.34
554,p,n,t,7.46
555,e,y,t,6.48
556,p,n,f,11.32
557,e,n,f,5.08
558,e,n,f,6.37
559,e,n,t,7.53
560,p,n,t,3.77
561,p,n,f,5.63
562,e,n,t,8.01
563,p,n,f,8.2
564,p,o,f,7.61
565,p,u,f,3.88
566,e,n,f,7.4
567,e,n,f,3.8
568,e,w,t,9.99
569,e,n,f,5.24
570,e,n,f,5.47
571,p,e,f,12.87
572,e,g,f,3.82
573,e,g,t,11.27
574,e,g,f,4.56
575,e,n,f,6.21
576,e,r,f,7.13
577,e,n,f,4.82
578,e,n,f,6.17
579,e,n,t,9.03
580,e,g,f,4.07
581,e,g,f,2.23
582,p,n,t,8.65
583,p,o,t,5.68
584,e,w,t,6.01
585,e,n,f,6.83
586,e,n,f,6.66
587,p,n,f,13.2
588,p,p,f,4.08
589,e,n,f,6.38
590,p,e,f,7.56
591,e,n,f,6.42
592,e,w,f,4.19
593,e,n,f,6.96
594,p,e,f,7.72
595,p,e,f,12.22
596,p,g,t,4.79
597,e,e,f,4.46
598,p,o,f,3.23
599,p,n,f,5.46
600,e,n,f,6.28
601,e,o,f,6.07
602,e,n,f,3.88
603,p,w,t,8.07
604,p,w,f,4.15
605,e,n,f,7.04
606,e,g,f,4.31
607,e,n,f,4.55
608,p,y,f,2.91
609,e,n,t,9.03
610,p,p,t,7.4
611,p,k,f,3.74
612,p,g,f,9.04
613,p,n,f,9.04
614,e,w,f,11.27
615,p,n,f,4.47
616,e,n,f,4.9
617,p,n,f,3.21
618,p,y,t,4.49
619,p,e,f,6.4
620,e,n,f,4.91
621,e,o,f,8.73
622,p,w,f,16.78
623,p,u,f,4.05
624,e,w,t,6.3
625,e,w,t,5.96
626,e,y,f,7.26
627,p,w,t,7.51
628,p,w,f,6.16
629,p,n,f,4.13
630,p,n,f,5.05
631,e,b,f,5.74
632,e,n,f,4.69
633,e,n,f,4.88
634,p,o,f,5.55
635,p,y,t,5.71
636,p,n,t,3.46
637,p,n,f,5.77
638,e,n,t,8.29
639,p,g,f,11.4
640,p,w,f,13.13
641,p,n,f,11.19
642,e,w,f,3.58
643,e,n,f,4.32
644,p,y,f,5.67
645,p,e,f,7.79
646,p,g,f,8.04
647,p,n,f,3.79
648,e,e,f,4.6
649,e,n,f,5.26
650,p,y,f,5.85
651,p,n,f,9.79
652,e,n,t,10.7
653,e,n,t,8.07
654,p,y,f,8.95
655,p,n,f,6.56
656,p,g,t,5.05
657,p,n,f,6.0
658,p,n,f,7.11
659,e,n,f,4.72
660,p,o,f,3.39
661,p,o,t,3.7
662,p,p,f,3.77
663,p,r,f,5.35
664,e,n,t,10.41
665,e,n,t,5.84
666,p,n,f,6.22
667,e,g,f,2.59
668,p,g,f,11.23
669,p,w,f,2.81
670,e,k,f,4.98
671,p,w,t,9.51
672,p,p,f,4.77
673,e,n,f,6.73
674,p,n,f,9.96
675,e,n,t,10.2
676,e,n,f,5.54
677,p,n,f,10.8
678,p,n,f,5.09
679,e,n,f,7.19
680,p,n,f,10.34
681,e,g,f,6.55
682,p,n,f,14.73
683,e,n,f,4.92
684,p,w,t,4.55
685,e,n,t,9.67
686,p,n,f,7.15
687,p,e,f,8.63
688,e,g,f,8.68
689,e,k,f,4.38
690,e,b,f,6.45
691,p,o,f,5.07
692,e,n,f,13.37
693,e,n,t,10.18
694,p,y,f,2.38
695,p,e,f,17.32
696,p,w,f,3.66
697,p,w,f,11.03
698,e,y,f,7.82
699,p,o,f,5.14
700,p,n,t,5.28
701,p,e,t,6.2
702,p,n,t,5.62
703,e,n,f,4.66
704,p,p,t,5.12
705,p,y,f,2.11
706,e,y,f,4.32
707,p,n,f,4.42
708,p,n,f,5.87
709,p,y,f,8.37
710,e,n,f,8.33
711,p,n,f,11.05
712,p,n,f,3.13
713,p,e,f,8.23
714,p,w,f,5.64
715,e,n,f,7.31
716,e,n,t,5.9
717,e,n,f,5.77
718,p,e,f,3.59
719,p,y,t,4.49
720,p,n,f,7.27
721,e,n,f,6.23
722,p,o,t,3.73
723,e,n,t,8.91
724,p,g,f,11.31
725,p,y,f,12.32
726,e,n,f,6.14
727,p,y,f,1.59
728,p,o,t,3.18
729,p,k,f,6.7
730,e,k,f,8.49
731,p,o,f,6.19
732,p,n,f,4.56
733,e,w,f,2.6
734,p,n,f,7.05
735,e,p,t,6.53
736,e,n,f,6.82
737,p,n,f,5.18
738,e,y,f,3.17
739,e,n,t,10.22
740,e,w,f,5.93
741,e,g,f,5.94
742,e,o,f,6.08
743,e,n,f,6.88
744,p,n,t,5.19
745,e,n,f,5.9
746,e,n,f,4.89
747,e,n,f,4.27
748,e,n,f,5.97
749,e,n,t,11.19
750,p,r,f,10.69
751,e,u,f,6.35
752,p,n,f,12.75
753,e,y,f,3.46
754,p,n,f,5.17
755,p,e,f,4.27
756,p,e,f,5.99
757,p,n,f,4.29
758,e,n,t,10.31
759,e,n,f,5.3
760,e,g,f,5.5
761,e,g,f,4.61
762,e,y,t,6.71
763,e,n,t,11.19
764,e,n,f,5.92
765,p,e,f,14.72
766,p,e,f,3.73
767,e,n,f,25.93
768,p,n,f,5.63
769,p,e,t,6.75
770,e,g,f,2.13
771,e,n,t,4.55
772,p,y,t,10.01
773,p,w,f,3.09
774,e,p,f,7.67
775,p,r,t,6.59
776,e,o,f,6.15
777,e,w,f,15.57
778,p,e,f,7.87
779,p,n,f,2.31
780,p,g,t,4.33
781,p,e,f,6.11
782,e,l,f,2.69
783,p,w,f,3.17
784,p,k,f,3.8
785,p,n,f,1.58
786,p,u,f,4.94
787,p,e,f,17.87
788,p,n,f,9.02
789,p,n,t,5.6
790,e,g,f,5.92
791,p,w,f,3.38
792,p,n,f,19.14
793,p,n,f,5.55
794,e,n,t,9.86
795,p,n,f,6.01
796,p,o,f,3.23
797,e,n,f,5.26
798,p,p,f,4.19
799,p,p,f,4.37
800,p,k,f,3.59
801,e,n,t,7.41
802,e,y,f,7.34
803,p,w,f,2.95
804,p,n,f,5.07
805,p,o,t,5.96
806,p,n,f,4.38
807,e,n,f,5.87
808,p,n,f,4.53
809,e,n,f,4.93
810,p,n,f,5.71
811,p,r,f,11.69
812,p,y,f,6.4
813,p,p,t,6.7
814,e,w,t,6.44
815,p,e,f,5.74
816,e,n,f,6.88
817,p,e,f,2.62
818,p,e,f,2.78
819,p,n,f,18.81
820,p,e,f,4.06
821,p,y,f,2.38
822,e,b,f,6.04
823,e,e,t,6.73
824,p,n,f,5.35
825,p,y,f,5.56
826,e,b,f,6.58
827,p,e,f,3.37
828,p,y,f,8.21
829,p,e,f,3.26
830,e,w,f,24.55
831,e,n,t,6.62
832,p,n,t,7.41
833,e,u,f,3.49
834,e,w,t,7.15
835,e,n,f,5.44
836,p,p,t,8.26
837,e,r,f,7.06
838,e,u,f,3.61
839,p,p,f,5.56
840,e,u,f,8.7
841,p,n,f,4.08
842,e,n,f,5.05
843,p,n,f,4.03
844,p,n,f,5.18
845,e,w,f,3.16
846,p,y,f,9.36
847,e,o,f,6.08
848,p,o,f,3.35
849,e,g,f,6.33
850,e,y,f,6.4
851,e,w,f,3.67
852,e,n,f,6.19
853,p,r,f,5.68
854,p,r,f,11.1
855,e,n,f,7.1
856,p,n,f,3.3
857,e,y,f,4.4
858,e,b,f,5.74
859,p,n,f,9.14
860,p,n,f,5.86
861,p,e,t,7.01
862,p,g,f,6.04
863,p,y,t,7.05
864,p,y,f,7.81
865,p,g,f,5.1
866,e,n,f,12.6
867,e,n,f,5.44
868,e,w,f,3.91
869,p,g,f,4.99
870,p,e,t,6.78
871,p,o,f,3.67
872,p,w,f,8.81
873,p,n,f,4.53
874,p,l,f,6.07
875,e,u,f,4.84
876,p,w,f,3.09
877,e,y,t,7.92
878,e,n,t,7.03
879,p,n,t,3.5
880,e,n,f,5.16
881,p,g,t,4.38
882,p,o,f,4.63
883,e,n,t,8.39
884,p,n,t,5.98
885,p,y,f,3.68
886,p,g,f,5.1
887,p,e,f,3.71
888,e,w,f,3.4
889,e,n,f,6.32
890,p,n,f,5.09
891,e,n,f,7.16
892,e,w,f,6.64
893,p,y,f,6.2
894,p,n,f,6.11
895,p,n,f,6.47
896,p,k,f,3.9
897,e,n,f,4.59
898,p,y,f,6.0
899,e,n,f,5.11
900,p,n,f,7.29
901,e,k,f,5.02
902,e,g,f,4.9
903,e,n,t,8.92
904,p,n,t,10.22
905,p,o,f,6.15
906,e,g,f,2.54
907,e,n,f,4.3
908,p,n,f,3.98
909,e,w,f,3.46
910,p,n,f,6.37
911,e,g,f,2.93
912,p,e,f,5.54
913,p,k,f,3.54
914,p,n,f,7.59
915,e,g,f,3.59
916,e,g,t,3.75
917,e,w,f,4.16
918,p,e,t,7.75
919,p,o,f,6.15
920,e,p,f,4.41
921,p,n,f,4.12
922,e,w,f,5.32
923,e,g,f,5.01
924,e,g,f,5.0
925,p,y,f,3.75
926,p,n,f,5.84
927,p,n,f,3.58
928,p,r,f,1.52
929,p,n,t,5.44
930,e,n,f,5.25
931,e,n,f,5.19
932,e,o,f,9.74
933,p,e,f,3.78
934,e,n,f,5.08
935,p,n,f,10.01
936,p,n,f,9.95
937,p,n,t,8.65
938,p,w,f,4.56
939,e,y,f,9.06
940,p,e,f,3.99
941,e,n,f,7.92
942,p,o,f,2.83
943,p,e,f,7.31
944,e,e,t,4.53
945,e,n,f,5.88
946,p,e,t,6.45
947,e,w,f,7.82
948,p,o,f,2.63
949,e,n,f,3.45
950,p,n,t,9.08
951,p,e,f,7.01
952,p,n,f,13.02
953,p,n,f,6.28
954,e,n,f,6.76
955,p,n,f,5.81
956,p,o,f,4.4
957,e,n,f,5.08
958,p,w,f,3.28
959,p,n,f,11.12
960,e,e,f,7.39
961,p,o,f,2.9
962,p,n,f,7.59
963,e,y,t,8.23
964,e,y,f,7.03
965,p,p,f,4.21
966,p,g,f,5.36
967,e,p,f,7.18
968,p,n,f,6.6
969,e,n,f,4.19
970,e,g,f,5.39
971,p,e,f,5.6
972,p,n,f,3.71
973,p,n,f,9.91
974,p,n,f,6.09
975,p,p,f,4.61
976,e,n,f,4.71
977,p,w,f,3.35
978,p,n,f,6.46
979,p,y,t,4.81
980,p,o,t,3.37
981,p,y,f,2.98
982,p,g,f,7.92
983,p,e,f,5.2
984,e,b,f,6.75
985,e,n,f,6.85
986,p,n,f,8.05
987,e,e,f,8.07
988,p,g,t,4.41
989,p,w,f,2.73
990,p,g,f,3.17
991,p,y,f,6.37
992,p,e,f,8.08
993,p,n,f,7.99
994,e,n,t,7.4
995,p,n,f,5.63
996,e,k,f,7.52
997,e,n,t,5.83
998,e,g,f,5.26
999,p,u,f,3.72
1000,p,e,f,8.15
1001,p,l,f,4.63
1002,p,n,f,7.91
1003,p,n,f,10.52
1004,e,l,f,9.11
1005,p,n,f,4.77
1006,p,n,f,2.98
1007,e,n,f,4.67
1008,e,n,f,7.31
1009,e,g,f,9.36
1010,p,n,f,11.0
1011,p,n,f,8.87
1012,p,n,f,5.94
1013,p,w,f,3.8
1014,p,e,f,4.34
1015,e,n,f,5.89
1016,p,g,f,4.95
1017,p,n,t,9.6
1018,p,n,f,6.01
1019,p,n,f,10.21
1020,e,w,f,3.76
1021,p,o,f,4.76
1022,p,g,f,3.26
1023,p,n,f,3.57
1024,e,g,f,7.23
1025,e,w,t,5.7
1026,p,y,f,3.55
1027,p,n,t,3.01
1028,e,n,f,12.1
1029,e,y,f,6.97
1030,p,o,f,6.22
1031,e,n,f,5.87
1032,p,k,f,3.92
1033,p,y,f,6.03
1034,p,p,f,5.06
1035,e,n,t,9.19
1036,p,r,f,1.38
1037,p,n,f,4.9
1038,p,n,f,7.19
1039,e,g,f,4.84
1040,e,u,f,6.09
1041,e,n,f,6.02
1042,p,w,f,2.86
1043,e,n,f,5.19
1044,p,u,f,4.08
1045,e,n,f,4.72
1046,e,g,t,4.81
1047,e,n,t,6.38
1048,e,n,t,7.16
1049,e,n,f,5.53
1050,e,y,f,5.93
1051,p,o,f,17.65
1052,p,e,t,6.59
1053,e,n,f,4.72
1054,e,n,f,7.16
1055,p,r,f,10.94
1056,p,w,f,16.22
1057,p,n,f,5.27
1058,p,n,t,5.82
1059,p,e,f,4.95
1060,p,n,f,5.97
1061,p,n,f,8.19
1062,e,n,t,9.14
1063,p,y,f,8.65
1064,e,y,f,6.59
1065,e,n,f,7.12
1066,p,w,f,7.76
1067,e,w,f,4.49
1068,p,n,f,5.21
1069,e,n,f,5.72
1070,e,n,f,7.31
1071,p,n,t,6.19
1072,e,n,f,4.87
1073,e,n,t,8.35
1074,e,n,t,9.42
1075,p,n,f,4.53
1076,p,n,f,5.25
1077,p,n,f,5.43
1078,p,y,f,6.82
1079,e,y,f,6.66
1080,p,e,f,5.72
1081,p,n,f,7.56
1082,p,o,f,5.84
1083,e,o,f,5.14
1084,e,n,f,8.31
1085,p,e,t,9.25
1086,p,o,f,4.5
1087,e,n,f,6.01
1088,e,n,f,5.92
1089,e,g,f,2.56
1090,p,y,f,5.88
1091,p,e,f,4.1
1092,e,k,f,6.19
1093,p,n,f,5.36
1094,e,n,t,8.78
1095,e,n,t,9.1
1096,e,n,f,5.89
1097,p,y,t,5.54
1098,p,p,f,4.35
1099,e,n,t,9.03
1100,p,o,f,5.81
1101,e,y,f,6.59
1102,p,y,f,6.41
1103,p,y,f,4.78
1104,p,n,t,5.53
1105,p,g,f,3.25
1106,p,w,f,15.77
1107,p,w,f,3.68
1108,e,n,f,5.98
1109,p,y,t,5.99
1110,p,u,f,3.98
1111,e,w,t,6.19
1112,p,n,f,4.31
1113,p,w,f,8.25
1114,p,n,f,4.99
1115,p,r,f,11.41
1116,p,g,f,9.69
1117,e,n,t,9.07
1118,p,n,f,8.03
1119,p,n,f,4.13
1120,e,k,f,4.42
1121,p,n,f,6.31
1122,p,g,t,9.96
1123,e,g,t,11.31
1124,e,n,f,5.06
1125,e,n,f,4.22
1126,e,w,f,3.28
1127,e,n,t,9.3
1128,e,n,f,5.73
1129,p,y,f,3.1
1130,p,p,f,3.64
1131,e,g,f,6.79
1132,e,n,t,7.63
1133,p,w,f,12.45
1134,e,u,f,3.99
1135,e,n,t,9.19
1136,e,y,f,5.58
1137,p,r,t,5.02
1138,p,n,f,11.52
1139,p,e,f,16.88
1140,e,y,t,7.25
1141,e,n,f,6.6
1142,e,g,f,7.34
1143,e,n,t,11.43
1144,e,n,f,6.03
1145,e,g,f,7.38
1146,e,b,f,5.01
1147,p,n,f,5.61
1148,e,n,t,7.31
1149,p,e,f,6.22
1150,e,u,f,5.8
1151,p,n,t,12.18
1152,p,n,f,5.52
1153,e,e,t,5.0
1154,e,b,f,5.21
1155,p,n,f,8.33
1156,e,n,f,5.35
1157,p,y,t,7.08
1158,e,n,f,5.85
1159,e,n,f,3.68
1160,e,y,f,6.65
1161,p,n,f,4.77
1162,p,e,f,7.8
1163,p,y,f,6.81
1164,p,y,f,10.59
1165,p,y,f,7.05
1166,p,u,f,3.83
1167,p,y,f,5.75
1168,p,g,t,4.61
1169,e,n,f,5.13
1170,e,n,f,4.52
1171,p,n,f,5.72
1172,e,n,f,4.87
1173,p,n,f,4.33
1174,p,r,f,5.19
1175,e,o,f,6.28
1176,e,y,f,6.9
1177,p,e,f,4.28
1178,e,n,t,4.45
1179,p,n,f,12.29
1180,p,n,f,4.99
1181,p,r,t,5.96
1182,e,g,f,2.59
1183,p,r,f,5.29
1184,p,n,f,3.49
1185,p,w,f,12.33
1186,e,y,t,8.56
1187,e,w,f,5.32
1188,e,n,f,5.51
1189,p,y,f,5.2
1190,e,n,f,6.95
1191,e,g,f,6.19
1192,e,w,f,3.64
1193,p,y,f,4.54
1194,p,n,f,5.17
1195,p,w,f,3.91
1196,e,n,f,6.49
1197,e,n,f,5.91
1198,p,n,f,7.04
1199,e,y,f,3.77
1200,e,n,f,5.79
1201,p,l,f,4.17
1202,p,u,f,5.72
1203,p,u,f,4.77
1204,e,n,t,6.66
1205,p,n,f,4.96
1206,e,n,f,4.43
1207,e,n,f,6.33
1208,p,w,t,8.44
1209,p,n,f,8.23
1210,p,o,f,4.35
1211,p,w,t,5.97
1212,e,w,t,5.34
1213,p,r,t,4.57
1214,p,n,f,5.08
1215,p,n,f,7.82
1216,p,g,t,9.16
1217,e,y,f,5.81
1218,p,n,t,4.53
1219,p,y,f,3.72
1220,e,n,f,4.92
1221,p,r,t,4.74
1222,e,b,f,5.08
1223,p,y,t,9.47
1224,p,n,f,6.0
1225,p,n,f,4.63
1226,p,w,t,6.55
1227,p,p,f,3.75
1228,p,w,f,11.37
1229,p,n,f,4.86
1230,p,n,f,5.79
1231,e,y,f,7.98
1232,p,u,f,6.31
1233,p,w,t,9.03
1234,e,b,f,4.96
1235,e,u,t,4.15
1236,e,y,f,6.17
1237,e,n,f,5.92
1238,p,n,f,5.68
1239,p,n,f,5.42
1240,p,n,f,5.41
1241,e,k,f,9.59
1242,p,o,f,3.45
1243,p,w,t,7.3
1244,e,n,f,5.11
1245,e,n,f,4.43
1246,e,n,f,6.24
1247,e,y,t,6.74
1248,p,n,f,8.22
1249,e,n,f,5.19
1250,p,o,f,2.76
1251,p,o,f,4.41
1252,p,u,f,3.12
1253,e,b,f,6.44
1254,e,w,f,6.88
1255,p,y,f,2.82
1256,e,p,t,6.74
1257,e,g,f,4.62
1258,p,n,f,6.73
1259,e,p,t,9.42
1260,p,n,f,4.72
1261,e,g,f,4.72
1262,p,n,f,5.44
1263,e,n,f,4.43
1264,e,l,f,5.46
1265,e,n,f,6.49
1266,p,w,f,12.25
1267,p,r,t,5.2
1268,p,y,f,1.89
1269,p,o,f,6.59
1270,p,n,f,6.99
1271,p,y,f,7.61
1272,p,o,f,17.96
1273,e,n,f,6.37
1274,e,y,f,7.96
1275,p,r,f,10.85
1276,p,n,f,4.98
1277,e,g,f,4.86
1278,p,g,t,5.17
1279,e,p,t,5.43
1280,p,n,f,7.93
1281,p,n,f,5.59
1282,p,n,f,5.51
1283,p,w,f,6.53
1284,p,w,f,8.09
1285,p,g,t,7.96
1286,p,e,f,5.46
1287,p,e,f,1.25
1288,p,y,f,5.76
1289,p,r,t,4.44
1290,e,g,f,4.39
1291,p,o,f,6.23
1292,e,n,f,6.96
1293,e,g,f,4.28
1294,p,y,f,5.99
1295,e,w,t,7.1
1296,p,y,f,5.99
1297,p,n,f,4.99
1298,e,y,t,7.57
1299,e,w,f,15.26
1300,p,y,f,5.07
1301,e,n,f,6.02
1302,p,o,f,5.5
1303,e,n,f,5.54
1304,p,n,f,7.0
1305,p,n,f,5.21
1306,e,n,f,5.08
1307,e,n,f,4.92
1308,p,n,f,4.14
1309,e,n,f,5.19
1310,p,n,f,5.96
1311,p,n,f,4.6
1312,e,n,f,5.46
1313,p,o,f,6.65
1314,p,g,f,3.36
1315,e,n,f,4.24
1316,p,n,f,10.28
1317,p,e,t,5.52
1318,e,y,f,6.71
1319,p,e,f,4.76
1320,p,o,t,4.88
1321,p,n,f,5.96
1322,p,g,f,4.94
1323,p,g,f,11.31
1324,e,n,f,6.23
1325,e,w,f,3.94
1326,p,n,f,4.67
1327,p,n,f,2.18
1328,p,w,f,3.76
1329,p,n,f,8.18
1330,p,n,f,3.01
1331,e,n,t,9.03
1332,p,w,f,2.78
1333,p,y,f,7.09
1334,p,e,f,11.46
1335,e,n,f,5.47
1336,p,y,f,1.44
1337,e,e,f,6.04
1338,e,y,f,6.75
1339,e,n,f,6.15
1340,e,n,f,6.12
1341,e,n,t,12.24
1342,e,y,f,6.0
1343,p,w,f,5.55
1344,p,e,f,6.25
1345,p,n,f,4.48
1346,p,w,f,4.21
1347,e,n,f,6.83
1348,p,n,f,4.84
1349,e,n,f,6.36
1350,p,n,t,9.35
1351,e,u,f,5.68
1352,p,n,f,9.79
1353,p,n,f,10.19
1354,e,g,f,6.28
1355,e,g,f,7.21
1356,p,n,f,11.28
1357,p,n,f,10.44
1358,p,n,f,7.42
1359,p,n,f,5.98
1360,p,g,f,11.15
1361,e,n,f,4.61
1362,e,n,f,5.87
1363,e,n,f,5.9
1364,e,n,f,7.95
1365,e,n,t,7.68
1366,e,g,f,7.68
1367,p,n,t,6.48
1368,e,n,f,3.22
1369,p,w,t,7.62
1370,p,e,f,5.88
1371,p,y,f,7.03
1372,e,l,f,6.96
1373,p,n,f,4.95
1374,e,w,f,8.38
1375,p,w,f,2.92
1376,p,n,f,7.42
1377,e,b,f,2.54
1378,e,w,f,2.95
1379,p,n,f,4.75
1380,e,n,f,5.32
1381,p,w,f,8.23
1382,p,l,f,4.1
1383,p,e,f,6.35
1384,p,n,f,9.39
1385,p,r,t,5.58
1386,p,y,f,10.87
1387,p,n,t,9.78
1388,p,w,f,9.61
1389,p,n,f,4.48
1390,e,e,t,5.28
1391,e,w,f,3.24
1392,p,y,f,7.03
1393,p,w,f,5.64
1394,e,w,f,4.64
1395,e,n,f,8.34
1396,e,w,t,6.67
1397,p,y,t,4.35
1398,p,n,f,6.4
1399,p,n,f,4.54
1400,e,n,f,12.86
1401,e,g,f,6.9
1402,e,u,f,6.27
1403,p,y,f,7.89
1404,p,w,f,3.67
1405,e,o,f,6.38
1406,p,b,f,4.11
1407,e,n,t,9.61
1408,p,n,t,8.41
1409,e,l,f,8.44
1410,e,n,f,4.7
1411,p,r,f,10.85
1412,e,p,f,7.11
1413,p,y,f,9.04
1414,e,o,f,4.25
1415,p,y,f,6.99
1416,p,e,f,3.81
1417,e,n,t,10.44
1418,e,w,f,19.41
1419,p,w,t,8.24
1420,p,u,f,3.78
1421,e,e,t,7.11
1422,p,n,f,4.8
1423,p,w,f,3.22
1424,e,b,f,5.17
1425,p,y,f,5.24
1426,p,g,f,5.7
1427,e,w,t,5.56
1428,e,y,f,7.03
1429,p,o,f,6.35
1430,e,y,f,6.11
1431,e,e,f,5.73
1432,e,n,f,8.1
1433,e,n,f,4.82
1434,p,o,f,2.64
1435,e,e,t,5.95
1436,e,n,t,12.07
1437,e,w,f,22.36
1438,e,w,f,3.37
1439,p,u,f,4.35
1440,e,n,f,4.6
1441,p,e,f,13.81
1442,e,y,t,8.88
1443,e,w,f,21.34
1444,p,o,f,3.22
1445,e,y,f,7.15
1446,p,n,f,5.15
1447,e,n,f,8.47
1448,p,r,t,5.75
1449,p,n,f,14.64
1450,e,y,t,8.96
1451,p,n,f,5.94
1452,e,n,f,5.87
1453,p,n,f,8.64
1454,p,n,f,3.96
1455,e,n,f,7.15
1456,p,n,f,5.19
1457,e,n,f,5.94
1458,e,w,f,3.97
1459,e,n,t,8.07
1460,p,n,f,4.82
1461,e,n,f,4.46
1462,e,n,f,4.09
1463,p,n,f,5.25
1464,p,e,f,5.98
1465,e,n,f,7.23
1466,e,g,f,3.35
1467,p,n,f,7.19
1468,e,n,f,5.16
1469,p,p,f,4.31
1470,e,n,t,6.2
1471,p,w,f,3.95
1472,e,w,f,3.54
1473,p,w,f,6.89
1474,p,y,f,4.46
1475,e,n,f,6.24
1476,e,n,t,8.26
1477,p,n,f,6.73
1478,p,e,f,4.52
1479,e,k,f,4.68
1480,e,n,f,7.61
1481,p,u,f,3.88
1482,e,n,t,9.03
1483,p,y,f,5.35
1484,e,w,f,3.99
1485,p,n,f,5.87
1486,e,y,f,3.76
1487,e,u,f,4.38
1488,p,g,f,10.64
1489,e,n,f,8.15
1490,p,n,f,5.05
1491,p,n,t,4.15
1492,e,g,f,6.65
1493,e,b,f,4.57
1494,e,w,t,7.12
1495,p,n,f,4.87
1496,e,g,f,4.14
1497,p,e,f,5.98
1498,p,p,t,8.28
1499,p,w,f,8.05
1500,p,b,f,3.95
1501,e,n,f,5.33
1502,p,y,f,6.53
1503,p,w,f,3.48
1504,p,p,f,4.23
1505,p,y,t,7.06
1506,p,u,f,3.84
1507,e,b,f,4.91
1508,p,n,f,5.03
1509,p,n,f,5.48
1510,e,n,f,12.43
1511,p,u,f,4.36
1512,p,u,f,5.6
1513,e,n,f,5.3
1514,e,w,f,12.37
1515,e,p,t,4.42
1516,e,w,f,5.22
1517,p,o,t,3.02
1518,e,w,f,6.54
1519,p,n,f,10.44
1520,e,b,f,6.07
1521,p,w,t,5.72
1522,e,w,f,3.53
1523,e,n,f,4.07
1524,e,n,f,5.53
1525,e,n,t,11.91
1526,p,n,f,8.51
1527,p,n,f,8.1
1528,e,n,f,5.97
1529,p,w,t,7.26
1530,p,r,t,4.65
1531,e,b,f,6.49
1532,e,y,f,6.77
1533,p,e,f,11.24
1534,p,p,t,7.95
1535,p,w,f,9.66
1536,p,y,f,3.4
1537,e,n,f,5.92
1538,p,n,f,5.66
1539,e,n,f,8.25
1540,p,y,f,8.15
1541,e,e,f,3.82
1542,e,n,t,7.54
1543,e,e,f,4.8
1544,e,w,f,20.7
1545,e,k,f,7.16
1546,e,n,f,7.92
1547,e,g,f,2.34
1548,p,n,f,11.92
1549,p,l,f,3.63
1550,p,g,f,2.91
1551,e,n,f,7.91
1552,p,w,f,7.99
1553,p,n,t,8.8
1554,e,w,t,6.46
1555,p,n,f,5.85
1556,e,n,t,4.41
1557,p,n,f,3.92
1558,p,l,f,3.73
1559,e,w,f,3.52
1560,p,n,t,5.93
1561,p,k,f,4.27
1562,p,n,f,7.06
1563,e,b,f,7.1
1564,p,n,f,6.21
1565,e,n,f,6.1
1566,p,g,f,5.29
1567,p,e,f,6.0
1568,p,w,f,12.92
1569,p,n,f,3.04
1570,p,o,f,4.57
1571,p,n,t,4.95
1572,e,k,f,4.48
1573,p,n,f,4.91
1574,p,e,f,3.6
1575,p,e,t,7.18
1576,p,y,f,5.87
1577,p,n,f,6.04
1578,e,n,f,8.12
1579,e,n,f,5.73
1580,p,y,f,11.22
1581,p,n,f,4.75
1582,p,n,f,14.74
1583,e,b,f,4.56
1584,e,w,f,3.51
1585,p,y,t,6.39
1586,e,n,f,4.69
1587,e,n,t,10.21
1588,p,y,f,4.76
1589,p,o,t,3.86
1590,p,o,f,6.19
1591,e,w,f,4.61
1592,p,w,f,11.93
1593,p,n,t,5.54
1594,p,n,f,8.55
1595,e,p,t,6.19
1596,e,g,t,11.05
1597,p,w,t,10.17
1598,p,r,f,5.07
1599,p,y,f,3.6
1600,p,w,t,8.41
1601,p,n,f,5.17
1602,p,w,t,5.78
1603,p,n,f,7.96
1604,e,n,f,8.12
1605,e,r,f,5.69
1606,e,w,f,4.84
1607,e,n,t,10.25
1608,p,o,f,6.18
1609,p,y,f,3.91
1610,e,n,f,4.09
1611,e,u,f,4.55
1612,p,o,f,6.22
1613,e,n,t,5.35
1614,p,n,f,6.57
1615,e,n,f,5.87
1616,e,n,t,12.24
1617,p,n,f,3.92
1618,e,w,f,5.77
1619,p,y,f,5.02
1620,e,y,f,6.78
1621,p,n,f,3.06
1622,p,y,f,4.75
1623,p,n,f,4.22
1624,p,g,f,7.03
1625,e,o,f,6.89
1626,p,w,f,3.4
1627,p,y,t,6.31
1628,e,r,f,5.99
1629,e,w,f,23.35
1630,e,o,f,2.92
1631,e,n,f,5.54
1632,e,w,f,13.84
1633,p,o,f,4.93
1634,p,n,f,5.68
1635,e,w,f,5.36
1636,p,n,f,6.32
1637,p,w,f,3.41
1638,e,w,f,3.86
1639,p,y,t,9.94
1640,p,n,f,6.08
1641,e,n,f,4.56
1642,e,y,f,8.47
1643,p,y,f,8.19
1644,e,n,t,7.71
1645,e,n,t,9.85
1646,e,y,f,5.9
1647,e,w,f,3.37
1648,p,e,f,4.53
1649,p,y,f,5.41
1650,e,w,f,3.62
1651,p,o,f,6.73
1652,p,n,f,5.63
1653,e,n,t,5.65
1654,e,n,f,6.49
1655,e,w,f,20.02
1656,p,n,f,5.32
1657,p,n,f,4.88
1658,p,n,f,6.0
1659,e,n,f,5.09
1660,e,n,f,6.38
1661,p,b,f,4.6
1662,e,n,f,4.61
1663,p,k,f,7.87
1664,e,e,f,10.09
1665,p,w,f,2.72
1666,e,w,f,2.98
1667,e,y,f,7.07
1668,p,n,f,4.97
1669,p,w,f,3.28
1670,p,y,t,5.37
1671,p,o,f,3.86
1672,p,n,f,2.38
1673,p,p,f,5.3
1674,e,g,t,5.38
1675,e,n,t,9.79
1676,p,n,t,7.04
1677,e,b,f,5.04
1678,e,n,f,6.63
1679,p,n,f,5.04
1680,e,w,f,3.69
1681,e,n,f,4.89
1682,e,n,t,6.64
1683,p,w,f,3.88
1684,p,w,f,12.84
1685,e,n,t,3.93
1686,p,e,t,7.02
1687,p,y,f,4.11
1688,e,r,f,6.31
1689,e,n,t,9.49
1690,p,w,f,7.68
1691,p,r,f,7.0
1692,e,n,f,12.15
1693,e,n,f,6.91
1694,e,p,f,4.32
1695,e,n,f,4.31
1696,p,g,t,4.97
1697,p,k,f,3.81
1698,p,n,f,5.7
1699,e,w,t,4.27
1700,e,w,f,2.26
1701,p,g,f,5.07
1702,e,n,f,4.97
1703,p,y,t,4.76
1704,p,g,f,11.45
1705,e,n,f,5.06
1706,p,n,t,5.63
1707,e,y,f,7.99
1708,e,n,t,9.3
1709,e,o,f,5.61
1710,p,y,f,7.04
1711,e,n,f,4.19
1712,e,n,f,5.65
1713,p,r,t,4.42
1714,e,w,f,6.71
1715,p,g,t,4.56
1716,p,o,f,5.81
1717,e,n,f,7.29
1718,p,g,f,5.97
1719,p,e,f,4.55
1720,e,n,t,9.12
1721,e,n,f,5.3
1722,e,w,f,3.28
1723,p,o,f,4.87
1724,e,n,t,9.06
1725,p,e,f,6.38
1726,p,w,f,9.62
1727,e,n,f,5.59
1728,p,n,f,4.86
1729,p,n,f,6.88
1730,e,g,f,5.26
1731,p,e,t,6.19
1732,e,n,f,4.6
1733,p,n,f,5.32
1734,p,u,f,3.99
1735,p,e,f,15.27
1736,p,y,f,7.78
1737,p,w,t,8.69
1738,e,g,f,5.91
1739,e,g,t,12.55
1740,p,w,t,7.16
1741,e,n,f,4.81
1742,e,n,f,7.28
1743,e,u,f,5.65
1744,e,u,t,4.92
1745,e,l,f,7.96
1746,e,y,f,6.05
1747,p,w,f,8.11
1748,e,n,t,9.66
1749,p,n,t,6.4
1750,p,n,f,5.63
1751,e,g,f,5.09
1752,p,n,f,6.34
1753,e,e,f,4.61
1754,e,r,f,5.92
1755,p,n,f,7.11
1756,e,y,f,7.65
1757,p,w,f,9.83
1758,e,n,f,5.52
1759,p,n,f,7.85
1760,e,n,f,5.28
1761,p,k,f,3.54
1762,p,n,f,11.79
1763,e,n,f,6.22
1764,p,e,f,7.89
1765,p,g,f,9.43
1766,p,n,f,11.64
1767,p,g,t,5.45
1768,e,y,f,6.49
1769,e,n,f,7.0
1770,p,g,f,10.62
1771,p,o,t,2.77
1772,p,w,f,4.13
1773,p,e,f,6.1
1774,p,n,f,4.88
1775,e,w,f,14.75
1776,e,w,f,3.32
1777,p,n,f,10.34
1778,p,g,t,9.98
1779,e,b,f,5.04
1780,e,n,f,5.92
1781,e,n,f,6.27
1782,e,g,f,4.72
1783,e,w,t,6.19
1784,p,n,f,2.46
1785,p,w,t,8.27
1786,p,w,f,2.89
1787,e,n,f,8.76
1788,e,n,f,4.8
1789,e,n,f,5.22
1790,p,n,f,5.73
1791,e,n,f,5.35
1792,p,n,t,3.98
1793,p,w,f,3.81
1794,p,n,f,10.61
1795,e,n,f,5.88
1796,p,w,t,7.27
1797,p,w,f,3.37
1798,e,y,f,6.83
1799,e,g,f,2.83
1800,p,w,f,2.85
1801,p,n,f,16.35
1802,p,n,f,5.08
1803,e,n,f,6.02
1804,e,g,f,4.92
1805,p,y,f,2.95
1806,e,o,f,8.65
1807,e,n,t,7.75
1808,p,n,f,4.93
1809,p,p,t,7.01
1810,e,y,f,6.4
1811,p,n,f,8.95
1812,e,n,t,8.87
1813,e,e,f,4.64
1814,e,y,f,5.02
1815,e,y,t,7.24
1816,e,u,t,5.21
1817,p,r,t,5.77
1818,e,u,f,4.86
1819,p,p,f,4.93
1820,p,y,f,5.22
1821,e,w,f,3.88
1822,e,n,f,8.16
1823,p,n,f,7.4
1824,e,n,f,6.49
1825,e,y,f,8.05
1826,p,n,f,5.86
1827,e,n,f,5.55
1828,p,w,f,2.69
1829,p,n,f,10.01
1830,p,w,f,12.45
1831,p,o,f,3.1
1832,p,n,f,9.71
1833,p,y,f,9.57
1834,e,n,t,6.55
1835,p,e,f,6.22
1836,e,g,f,6.24
1837,p,g,f,2.75
1838,p,y,t,3.81
1839,p,n,f,7.63
1840,e,p,f,6.55
1841,p,n,f,5.32
1842,e,n,f,4.12
1843,p,r,t,5.8
1844,e,n,f,5.1
1845,p,w,f,5.91
1846,p,w,f,2.91
1847,e,n,f,6.28
1848,p,g,f,3.12
1849,p,n,f,8.06
1850,e,w,f,5.94
1851,p,n,f,3.89
1852,p,n,f,3.68
1853,p,r,f,1.61
1854,e,g,f,4.99
1855,e,u,f,6.29
1856,e,k,f,3.68
1857,p,p,f,4.57
1858,p,o,f,3.76
1859,p,o,f,3.4
1860,e,n,f,6.08
1861,e,g,f,5.82
1862,p,n,f,5.38
1863,e,n,f,8.46
1864,e,n,t,12.07
1865,p,w,f,5.55
1866,e,n,f,5.84
1867,p,n,t,7.82
1868,p,y,f,2.4
1869,p,e,f,4.6
1870,e,n,f,6.09
1871,p,w,f,4.01
1872,p,n,f,4.79
1873,p,n,f,5.22
1874,e,p,t,4.63
1875,e,w,f,3.78
1876,p,y,t,6.61
1877,p,n,f,4.77
1878,p,n,f,9.62
1879,p,n,f,8.2
1880,p,w,t,8.13
1881,p,e,f,6.63
1882,p,e,f,3.9
1883,p,y,f,3.38
1884,e,n,f,5.55
1885,e,n,f,6.92
1886,p,n,f,3.92
1887,e,n,f,6.3
1888,e,w,t,6.29
1889,p,g,f,2.94
1890,p,y,f,5.1
1891,p,n,f,3.43
1892,p,w,f,6.16
1893,p,k,f,6.41
1894,p,n,f,3.2
1895,e,n,f,4.64
1896,p,w,t,6.8
1897,p,w,f,3.45
1898,e,y,f,6.12
1899,e,g,f,3.79
1900,e,n,t,4.97
1901,e,n,f,5.78
1902,p,e,f,5.68
1903,e,u,f,6.9
1904,p,n,f,4.87
1905,e,n,f,4.12
1906,p,e,f,3.62
1907,e,y,f,5.88
1908,p,n,f,2.9
1909,e,n,f,5.43
1910,e,n,f,6.15
1911,e,b,f,6.04
1912,p,y,t,8.33
1913,p,e,f,6.61
1914,p,n,f,7.34
1915,p,o,f,10.58
1916,e,u,t,4.62
1917,p,n,f,4.85
1918,e,n,f,7.79
1919,e,b,f,2.27
1920,e,n,f,10.07
1921,p,n,f,5.53
1922,e,g,f,4.87
1923,e,w,f,6.79
1924,p,r,t,4.55
1925,p,p,t,7.15
1926,p,u,f,3.74
1927,e,n,f,5.8
1928,p,n,f,5.44
1929,p,y,f,5.44
1930,p,o,f,3.34
1931,p,g,f,8.98
1932,e,n,f,13.96
1933,e,n,f,5.13
1934,e,n,f,6.59
1935,e,n,t,6.61
1936,e,w,t,4.71
1937,p,e,f,8.19
1938,p,w,f,4.17
1939,e,n,f,4.24
1940,e,y,f,8.34
1941,e,w,t,5.91
1942,p,n,f,5.16
1943,e,n,f,5.87
1944,e,n,f,5.96
1945,p,n,t,4.39
1946,e,n,f,4.78
1947,p,n,f,3.94
1948,e,y,f,7.0
1949,p,e,f,7.04
1950,e,n,f,5.09
1951,e,g,f,5.26
1952,p,n,f,3.8
1953,e,n,f,4.94
1954,e,e,f,4.21
1955,e,n,f,10.13
1956,p,y,t,5.53
1957,p,n,f,7.79
1958,e,g,f,7.48
1959,p,k,f,8.36
1960,p,o,f,8.97
1961,p,w,f,3.19
1962,p,g,f,11.14
1963,p,g,f,8.71
1964,e,n,f,5.63
1965,p,n,f,12.0
1966,p,w,f,4.77
1967,e,n,t,6.05
1968,p,y,f,8.44
1969,e,n,f,5.74
1970,e,y,f,6.75
1971,p,y,f,5.84
1972,e,w,t,4.81
1973,e,k,f,6.92
1974,p,w,f,3.87
1975,p,n,t,3.76
1976,e,n,f,4.22
1977,e,b,f,3.91
1978,e,p,f,4.17
1979,e,w,f,4.12
1980,p,n,f,5.14
1981,p,o,f,3.16
1982,e,n,f,4.33
1983,p,n,f,5.17
1984,p,n,f,3.99
1985,p,y,t,5.59
1986,e,w,f,6.26
1987,p,n,f,5.75
1988,p,y,f,2.06
1989,p,y,f,6.51
1990,p,g,f,3.46
1991,p,r,f,11.26
1992,e,y,f,7.54
1993,p,g,f,3.58
1994,e,y,f,6.54
1995,p,o,f,4.33
1996,e,n,f,7.39
1997,p,w,f,2.99
1998,e,u,f,5.75
1999,p,n,f,5.89
2000,p,y,f,7.23
2001,e,n,f,5.24
2002,p,w,t,7.65
2003,p,n,f,3.77
2004,p,g,f,4.73
2005,e,n,f,7.31
2006,p,n,f,11.75
2007,p,r,f,11.19
2008,e,u,f,6.71
2009,e,y,f,5.51
2010,p,y,f,6.99
2011,e,u,f,7.36
2012,p,w,t,6.33
2013,e,n,t,9.09
2014,e,p,t,4.56
2015,e,n,f,6.04
2016,e,n,f,5.41
2017,p,w,f,3.16
2018,p,y,f,5.59
2019,e,n,f,7.98
2020,e,n,f,5.19
2021,e,w,f,5.55
2022,p,u,f,3.96
2023,p,y,f,5.54
2024,p,p,f,4.64
2025,p,n,f,5.92
2026,e,n,f,6.24
2027,p,n,f,3.59
2028,p,o,f,5.65
2029,p,n,f,7.15
2030,p,e,f,17.41
2031,p,r,f,11.18
2032,e,n,f,12.92
2033,p,r,t,4.44
2034,e,n,f,4.83
2035,p,r,f,10.48
2036,e,o,t,6.06
2037,e,n,t,9.47
2038,e,u,t,4.7
2039,e,w,t,5.56
2040,e,g,f,5.92
2041,e,g,f,8.26
2042,e,g,f,2.82
2043,e,n,f,6.75
2044,e,b,f,6.19
2045,e,n,f,3.51
2046,p,g,t,6.11
2047,e,n,f,5.49
2048,p,n,f,8.12
2049,p,g,f,7.85
2050,e,k,f,3.26
2051,e,n,f,8.51
2052,p,n,f,9.0
2053,e,y,t,7.64
2054,p,w,f,6.02
2055,p,p,f,4.86
2056,p,y,f,3.78
2057,p,n,f,4.1
2058,e,n,f,5.85
2059,p,n,f,4.54
2060,p,n,f,3.76
2061,p,g,f,3.31
2062,p,y,f,6.98
2063,e,n,f,6.12
2064,e,w,f,4.48
2065,p,e,f,5.84
2066,e,n,f,5.2
2067,p,n,f,10.62
2068,p,p,f,3.09
2069,e,l,f,6.38
2070,e,n,f,5.37
2071,p,e,f,4.47
2072,p,n,f,6.51
2073,p,o,f,4.76
2074,p,y,f,3.51
2075,e,n,f,6.09
2076,e,n,f,11.69
2077,p,n,f,6.34
2078,p,p,f,4.27
2079,p,n,t,8.37
2080,p,p,t,8.72
2081,p,w,f,12.46
2082,p,n,f,4.92
2083,p,e,f,8.0
2084,p,n,f,11.45
2085,p,n,t,6.89
2086,e,y,f,6.33
2087,e,p,t,4.52
2088,p,w,f,6.31
2089,p,w,f,3.65
2090,p,g,f,3.89
2091,e,p,t,5.39
2092,p,n,f,8.16
2093,p,n,t,4.61
2094,p,e,f,6.1
2095,p,n,f,9.84
2096,e,w,f,5.11
2097,p,n,f,5.76
2098,e,g,f,5.5
2099,e,g,f,4.42
2100,e,n,f,7.64
2101,e,n,f,5.56
2102,p,y,f,4.21
2103,e,y,f,8.65
2104,p,n,f,4.8
2105,p,n,f,8.01
2106,p,n,f,5.94
2107,e,n,f,4.95
2108,p,o,t,3.24
2109,e,w,f,3.68
2110,e,n,f,5.55
2111,e,n,f,4.43
2112,e,n,f,4.83
2113,p,n,f,5.96
2114,e,g,f,4.59
2115,e,y,t,7.37
2116,e,w,f,8.22
2117,e,n,f,8.26
2118,p,w,f,3.64
2119,e,y,f,4.64
2120,p,y,f,4.94
2121,e,y,f,7.33
2122,p,u,f,2.79
2123,e,n,t,8.33
2124,e,n,f,4.67
2125,p,n,f,6.17
2126,p,n,f,4.95
2127,e,y,t,8.48
2128,e,n,f,7.92
2129,p,y,f,3.24
2130,p,y,f,2.95
2131,e,w,t,5.91
2132,e,n,f,8.79
2133,p,n,f,9.27
2134,p,g,f,5.27
2135,p,o,f,6.25
2136,e,n,f,20.05
2137,p,y,f,1.69
2138,p,p,f,5.2
2139,p,n,f,8.91
2140,p,n,f,9.04
2141,e,n,f,4.47
2142,p,o,t,5.99
2143,p,b,f,4.76
2144,e,p,t,5.74
2145,e,n,f,6.05
2146,p,n,f,8.14
2147,p,y,f,7.25
2148,p,y,f,4.75
2149,e,g,f,4.78
2150,p,r,t,4.96
2151,p,n,f,3.6
2152,e,n,f,6.9
2153,p,n,t,5.45
2154,e,y,t,7.74
2155,e,y,f,5.23
2156,p,k,f,7.97
2157,e,p,t,4.52
2158,e,w,f,7.09
2159,e,n,t,10.22
2160,p,u,f,6.76
2161,e,n,f,4.2
2162,p,e,f,4.16
2163,e,w,f,23.32
2164,p,n,f,6.36
2165,p,n,f,5.79
2166,p,n,f,6.85
2167,p,r,t,4.35
2168,p,l,f,4.59
2169,e,w,f,2.3
2170,e,e,f,6.23
2171,p,b,f,4.75
2172,e,n,t,7.01
2173,e,n,f,5.19
2174,e,w,f,4.5
2175,p,e,t,5.57
2176,e,w,f,8.22
2177,p,n,f,6.0
2178,p,n,t,7.63
2179,e,n,f,5.18
2180,p,n,f,6.84
2181,p,n,f,4.27
2182,e,n,t,10.32
2183,p,g,f,5.64
2184,e,u,t,4.29
2185,e,n,t,7.91
2186,e,y,f,6.17
2187,e,w,f,3.4
2188,e,n,f,5.84
2189,e,n,t,10.12
2190,e,n,t,9.03
2191,e,w,f,22.17
2192,e,n,t,5.29
2193,e,p,f,7.06
2194,e,o,f,8.81
2195,p,o,f,6.67
2196,p,n,f,6.19
2197,p,n,f,5.76
2198,e,n,f,4.7
2199,e,n,f,5.27
2200,e,r,f,7.82
2201,p,n,f,4.09
2202,p,o,f,5.34
2203,p,n,f,5.24
2204,p,o,f,3.51
2205,e,n,t,9.68
2206,p,n,f,5.32
2207,p,o,f,3.03
2208,e,e,t,5.98
2209,p,w,f,13.77
2210,p,e,f,7.08
2211,e,n,f,7.64
2212,p,g,f,10.94
2213,p,n,f,2.57
2214,p,y,f,15.81
2215,p,y,f,5.43
2216,p,n,t,8.19
2217,p,n,f,4.47
2218,e,e,t,5.68
2219,p,e,f,8.16
2220,e,o,f,6.15
2221,p,n,f,5.35
2222,p,y,t,4.58
2223,p,e,f,13.94
2224,p,w,f,4.64
2225,p,e,f,12.24
2226,p,g,f,2.85
2227,p,e,t,7.2
2228,p,y,f,6.08
2229,p,e,f,3.74
2230,p,p,f,4.69
2231,p,n,f,3.6
2232,e,u,f,4.25
2233,e,w,f,3.72
2234,e,n,t,8.71
2235,p,y,f,3.59
2236,p,y,f,5.79
2237,e,b,f,4.91
2238,e,g,t,10.56
2239,p,w,f,7.38
2240,e,n,f,12.81
2241,p,n,t,5.34
2242,e,y,f,4.59
2243,e,n,f,5.45
2244,p,y,f,10.85
2245,p,y,f,7.1
2246,e,n,f,6.9
2247,p,n,f,9.27
2248,e,b,f,6.7
2249,p,n,f,3.85
2250,e,n,t,13.16
2251,p,n,f,6.47
2252,e,n,t,5.83
2253,p,w,t,7.38
2254,e,n,f,6.02
2255,p,n,f,7.61
2256,p,p,t,8.2
2257,p,n,f,6.07
2258,e,w,f,6.77
2259,p,n,f,5.36
2260,p,n,f,5.68
2261,p,n,t,8.05
2262,e,n,f,5.84
2263,e,n,f,4.9
2264,e,n,t,6.78
2265,p,n,f,11.14
2266,e,w,f,4.61
2267,p,y,f,3.46
2268,p,u,f,3.37
2269,e,g,f,5.17
2270,p,w,f,3.22
2271,e,n,f,6.86
2272,p,n,f,3.14
2273,e,b,f,5.03
2274,p,n,f,1.24
2275,e,n,f,5.92
2276,e,g,f,4.98
2277,e,n,f,4.81
2278,e,n,t,6.44
2279,e,n,f,8.63
2280,p,y,f,6.73
2281,p,n,f,4.27
2282,p,n,f,3.43
2283,e,n,f,4.87
2284,e,w,f,22.16
2285,p,n,f,3.35
2286,p,p,t,7.83
2287,e,n,f,4.86
2288,p,e,f,7.42
2289,e,n,f,5.79
2290,p,n,f,7.19
2291,e,n,t,5.93
2292,e,l,f,7.76
2293,e,y,f,6.53
2294,p,n,t,8.87
2295,e,n,t,4.75
2296,p,n,f,3.0
2297,e,g,f,4.48
2298,p,n,f,2.98
2299,p,y,f,7.27
2300,p,n,f,4.16
2301,e,w,f,8.02
2302,p,o,f,17.89
2303,p,n,f,10.17
2304,p,k,f,5.98
2305,e,n,f,3.8
2306,p,n,f,4.51
2307,e,w,t,5.88
2308,e,b,f,4.71
2309,e,n,f,6.41
2310,p,n,f,3.89
2311,p,g,f,11.06
2312,e,n,f,6.06
2313,p,n,f,4.37
2314,p,p,f,4.42
2315,p,w,f,3.8
2316,p,n,f,4.08
2317,p,n,f,5.26
2318,p,g,f,11.79
2319,e,w,f,8.25
2320,p,k,t,4.88
2321,e,n,t,8.46
2322,e,g,f,2.57
2323,p,y,f,4.53
2324,e,n,f,5.01
2325,p,k,f,9.3
2326,p,w,t,6.99
2327,p,o,f,3.62
2328,p,p,f,3.59
2329,p,n,f,6.19
2330,e,w,f,4.74
2331,p,w,f,11.05
2332,e,n,f,4.5
2333,e,w,f,7.74
2334,p,y,f,2.16
2335,p,w,f,4.55
2336,p,l,f,3.53
2337,e,l,f,7.03
2338,e,n,f,4.96
2339,p,p,f,4.39
2340,e,o,f,5.85
2341,p,n,f,4.8
2342,p,n,f,5.67
2343,p,r,f,10.87
2344,p,o,f,4.54
2345,e,g,f,2.23
2346,e,p,f,4.01
2347,p,e,f,4.21
2348,e,w,f,4.99
2349,e,y,f,6.23
2350,e,g,f,8.38
2351,p,n,f,5.84
2352,p,n,f,5.77
2353,e,n,t,9.54
2354,p,y,t,7.47
2355,p,o,t,5.12
2356,p,n,f,4.58
2357,p,n,f,4.94
2358,e,n,f,4.71
2359,e,w,f,3.59
2360,e,k,f,6.6
2361,e,o,f,8.64
2362,p,w,f,4.73
2363,e,p,t,7.25
2364,e,n,f,6.26
2365,e,n,f,7.32
2366,p,y,f,3.54
2367,p,n,f,5.42
2368,e,w,f,3.59
2369,e,k,f,7.21
2370,p,y,f,6.54
2371,p,y,f,3.77
2372,p,g,f,13.63
2373,e,y,t,5.5
2374,p,n,f,5.6
2375,e,g,f,5.77
2376,e,w,f,7.16
2377,p,n,f,5.63
2378,p,b,f,5.33
2379,p,n,f,4.92
2380,e,y,f,5.65
2381,e,y,f,7.56
2382,p,n,f,4.47
2383,e,y,f,8.53
2384,e,u,t,3.91
2385,p,w,t,7.66
2386,p,r,t,4.49
2387,p,w,f,3.96
2388,p,n,f,4.96
2389,p,y,f,8.31
2390,e,o,f,4.54
2391,e,n,f,5.45
2392,e,w,f,3.51
2393,e,n,f,8.08
2394,p,e,t,6.7
2395,p,n,f,8.9
2396,e,g,f,8.3
2397,p,n,f,3.76
2398,p,k,t,4.78
2399,e,n,f,6.58
2400,e,k,f,5.62
2401,p,n,t,3.26
2402,p,k,f,3.66
2403,e,y,t,8.06
2404,e,n,f,6.51
2405,p,e,f,5.71
2406,p,n,f,4.64
2407,p,n,t,6.62
2408,p,n,f,16.79
2409,p,p,f,4.27
2410,p,g,f,3.41
2411,e,w,t,5.38
2412,e,w,f,4.15
2413,e,n,f,3.64
2414,e,w,f,7.22
2415,e,y,t,5.88
2416,e,n,f,5.73
2417,p,n,f,4.58
2418,e,n,t,9.07
2419,e,y,f,5.54
2420,e,n,f,6.16
2421,p,n,f,5.24
2422,e,n,f,3.93
2423,e,n,f,4.89
2424,p,n,f,5.6
2425,e,n,f,6.15
2426,e,w,f,3.63
2427,e,g,f,5.98
2428,e,n,f,6.19
2429,e,n,f,6.38
2430,p,n,f,3.56
2431,e,o,f,6.4
2432,e,n,f,4.67
2433,e,n,f,5.24
2434,p,n,f,4.43
2435,e,k,f,3.99
2436,e,n,f,6.07
2437,p,p,f,5.35
2438,e,n,f,6.63
2439,p,g,f,3.84
2440,p,y,f,5.47
2441,p,n,f,8.92
2442,e,n,f,4.27
2443,p,e,f,5.05
2444,e,n,t,11.4
2445,p,n,f,5.99
2446,e,w,t,6.52
2447,p,n,f,9.48
2448,p,n,f,4.16
2449,p,r,f,11.04
2450,e,y,t,8.07
2451,e,y,f,11.01
2452,p,w,t,4.74
2453,e,y,f,5.66
2454,e,g,f,7.68
2455,p,o,f,4.55
2456,p,o,t,3.3
2457,p,y,f,1.69
2458,e,u,f,8.25
2459,e,u,f,7.26
2460,p,n,f,3.28
2461,p,u,t,8.96
2462,e,b,f,7.76
2463,p,n,f,10.54
2464,p,n,f,4.6
2465,p,p,f,4.53
2466,e,n,f,7.09
2467,e,o,f,5.19
2468,p,u,t,9.57
2469,e,n,f,5.36
2470,e,e,f,5.77
2471,p,n,t,9.12
2472,e,n,t,12.27
2473,e,g,f,6.72
2474,e,n,f,4.96
2475,p,y,f,5.08
2476,e,g,f,6.51
2477,p,k,f,4.13
2478,p,n,t,8.72
2479,e,e,f,9.8
2480,e,b,f,4.85
2481,p,y,f,9.53
2482,e,g,f,5.31
2483,e,e,f,9.84
2484,e,y,t,7.42
2485,e,p,f,4.23
2486,p,p,f,4.89
2487,p,y,f,1.47
2488,p,e,f,5.97
2489,e,n,f,4.54
2490,e,g,f,3.29
2491,p,y,t,4.96
2492,e,n,f,5.5
2493,e,n,t,11.98
2494,p,n,f,4.87
2495,p,n,f,4.77
2496,e,n,t,8.75
2497,p,e,t,5.64
2498,p,e,f,5.81
2499,p,w,f,3.8
2500,e,n,t,7.38
2501,e,o,f,5.34
2502,p,w,t,8.36
2503,e,o,f,6.16
2504,e,n,f,8.08
2505,p,n,f,5.97
2506,e,w,f,2.31
2507,e,n,f,6.43
2508,e,n,t,10.45
2509,e,n,f,5.31
2510,p,n,f,7.52
2511,e,n,t,8.88
2512,p,y,f,3.27
2513,e,n,f,6.12
2514,e,y,f,8.06
2515,p,n,f,7.0
2516,p,y,f,6.47
2517,e,n,t,8.44
2518,e,n,t,4.82
2519,e,g,f,5.74
2520,p,n,f,12.22
2521,e,y,t,6.21
2522,p,g,f,5.35
2523,p,n,f,4.81
2524,p,n,f,3.99
2525,e,k,f,4.84
2526,e,u,f,7.45
2527,e,k,f,4.39
2528,p,r,t,5.08
2529,p,e,f,6.18
2530,p,n,f,4.91
2531,e,n,f,6.43
2532,e,y,f,10.01
2533,e,r,f,4.74
2534,p,n,f,5.88
2535,p,w,f,2.8
2536,p,n,f,14.63
2537,p,n,t,7.65
2538,e,g,t,3.88
2539,e,n,f,4.75
2540,p,n,f,10.34
2541,p,w,f,2.99
2542,e,g,f,4.99
2543,e,k,f,4.24
2544,p,n,f,3.63
2545,p,y,f,5.46
2546,p,n,f,7.83
2547,p,n,f,11.1
2548,p,y,f,3.16
2549,p,w,f,10.84
2550,e,n,t,9.55
2551,p,g,f,3.25
2552,p,n,f,6.37
2553,e,u,t,4.6
2554,p,n,f,7.01
2555,e,n,f,3.66
2556,e,n,f,5.08
2557,p,n,f,5.67
2558,p,n,f,5.55
2559,e,b,f,5.03
2560,e,n,t,8.16
2561,p,w,f,5.52
2562,p,n,f,6.81
2563,p,n,f,11.03
2564,p,n,f,4.66
2565,p,y,f,7.05
2566,p,n,f,7.86
2567,p,y,f,5.86
2568,p,n,f,5.77
2569,p,y,f,7.05
2570,e,n,f,6.12
2571,p,w,f,3.4
2572,p,w,f,2.88
2573,e,n,f,5.82
2574,p,n,f,4.87
2575,e,n,f,5.4
2576,p,n,f,6.78
2577,e,e,t,5.5
2578,e,n,t,7.63
2579,p,l,f,4.86
2580,p,e,f,5.69
2581,e,n,t,4.41
2582,e,p,f,5.21
2583,e,n,f,4.09
2584,p,w,f,3.79
2585,p,w,f,8.75
2586,p,w,f,12.18
2587,e,g,f,4.97
2588,p,p,f,4.72
2589,p,o,t,5.63
2590,e,g,f,2.73
2591,e,n,f,6.59
2592,e,n,f,4.48
2593,e,n,f,4.13
2594,e,n,f,5.6
2595,e,n,f,4.62
2596,p,n,f,7.65
2597,e,n,t,5.39
2598,p,g,f,5.35
2599,p,e,f,6.85
2600,e,n,f,7.47
2601,e,n,t,8.76
2602,p,w,f,5.79
2603,e,n,f,5.41
2604,p,n,f,8.66
2605,e,y,t,8.28
2606,p,y,f,6.35
2607,p,e,t,6.65
2608,e,w,f,8.37
2609,e,r,f,7.7
2610,e,y,f,7.45
2611,e,n,f,4.94
2612,p,n,f,11.32
2613,e,u,f,5.41
2614,p,p,t,8.38
2615,p,n,f,4.61
2616,e,w,t,6.12
2617,e,w,f,5.94
2618,e,n,f,6.69
2619,e,w,t,4.92
2620,p,r,t,4.3
2621,p,y,f,5.81
2622,p,g,f,5.99
2623,e,w,f,5.06
2624,e,b,f,6.31
2625,e,y,t,7.51
2626,e,u,f,8.21
2627,p,n,t,4.48
2628,p,g,f,11.4
2629,p,w,f,5.09
2630,e,e,t,5.95
2631,e,p,f,4.26
2632,e,w,f,3.81
2633,e,e,f,5.83
2634,p,n,f,4.91
2635,p,n,f,7.87
2636,p,e,f,6.74
2637,e,n,f,5.38
2638,e,n,f,6.56
2639,p,e,t,6.14
2640,e,w,t,5.75
2641,e,g,f,2.9
2642,p,n,f,4.25
2643,p,u,f,3.91
2644,e,n,f,5.61
2645,p,g,f,6.23
2646,p,n,f,5.31
2647,p,n,f,1.71
2648,e,p,f,4.42
2649,e,w,f,5.47
2650,p,g,f,9.54
2651,p,n,f,5.17
2652,p,r,f,10.69
2653,p,n,f,5.61
2654,p,w,f,12.96
2655,e,b,f,8.06
2656,p,g,f,9.78
2657,p,n,f,5.17
2658,e,n,f,3.9
2659,e,n,f,8.61
2660,e,w,f,3.62
2661,p,p,t,7.85
2662,e,n,t,9.29
2663,e,n,f,6.75
2664,p,u,t,9.6
2665,p,k,f,8.59
2666,e,y,f,6.59
2667,p,o,f,4.49
2668,p,n,f,6.87
2669,p,n,f,7.7
2670,p,w,f,11.77
2671,p,p,f,4.03
2672,e,n,f,4.97
2673,e,y,f,9.24
2674,e,n,f,7.13
2675,p,e,f,5.65
2676,e,w,f,3.33
2677,p,g,t,7.18
2678,p,n,f,4.72
2679,p,n,f,4.82
2680,e,n,f,7.37
2681,p,n,f,6.65
2682,p,n,f,4.64
2683,e,g,f,2.74
2684,p,n,f,7.16
2685,p,k,f,5.48
2686,p,n,f,7.18
2687,e,n,f,4.65
2688,p,b,f,3.77
2689,e,n,f,6.17
2690,p,n,f,3.64
2691,e,n,f,5.64
2692,p,n,f,4.77
2693,e,y,f,7.16
2694,p,n,f,6.8
2695,p,n,f,3.97
2696,e,y,f,7.37
2697,e,n,f,8.47
2698,p,n,f,5.88
2699,p,n,f,3.12
2700,p,w,f,3.35
2701,p,o,f,4.65
2702,e,w,f,3.24
2703,p,n,f,5.52
2704,e,n,t,11.53
2705,e,g,f,5.37
2706,e,n,t,8.36
2707,e,n,f,6.71
2708,p,n,f,3.93
2709,p,w,f,16.47
2710,e,k,f,9.45
2711,e,n,f,6.63
2712,p,o,f,4.45
2713,e,n,f,3.93
2714,p,o,f,2.11
2715,p,o,f,3.47
2716,p,n,f,7.03
2717,e,y,f,7.35
2718,e,n,t,9.46
2719,p,n,f,5.94
2720,e,l,f,8.45
2721,e,n,f,3.47
2722,e,o,f,6.09
2723,p,o,f,3.98
2724,e,n,f,6.35
2725,p,y,t,7.48
2726,p,y,f,3.75
2727,p,e,f,4.41
2728,p,n,t,5.89
2729,e,k,f,4.71
2730,e,o,f,7.11
2731,p,y,f,3.77
2732,e,n,f,7.09
2733,e,w,f,3.96
2734,p,w,f,14.72
2735,e,n,f,5.53
2736,p,n,f,10.3
2737,e,g,f,3.72
2738,p,y,f,5.28
2739,p,w,t,5.71
2740,p,n,f,5.97
2741,p,y,f,3.43
2742,p,n,f,12.62
2743,p,g,f,11.81
2744,e,n,f,5.22
2745,p,n,f,5.54
2746,p,p,f,3.43
2747,p,n,f,7.99
2748,p,n,f,10.04
2749,e,w,f,3.8
2750,p,e,f,3.47
2751,e,g,t,11.43
2752,e,n,t,8.17
2753,e,y,f,7.19
2754,p,n,t,6.12
2755,p,y,t,4.21
2756,p,w,t,6.37
2757,e,o,f,4.8
2758,p,w,t,7.18
2759,e,n,f,5.93
2760,p,n,f,7.23
2761,e,w,f,3.94
2762,p,n,f,4.91
2763,e,g,f,5.32
2764,e,n,t,8.51
2765,e,g,f,6.96
2766,e,g,f,7.06
2767,e,n,f,4.99
2768,p,n,f,8.46
2769,p,n,f,8.06
2770,e,n,f,5.56
2771,e,y,f,3.62
2772,e,w,f,18.35
2773,e,p,t,5.79
2774,p,w,f,3.5
2775,e,e,f,6.01
2776,e,b,f,6.15
2777,p,r,f,4.94
2778,e,n,f,5.33
2779,p,o,f,5.08
2780,e,g,f,5.21
2781,p,y,f,5.37
2782,p,y,f,3.59
2783,p,p,f,5.06
2784,e,n,t,9.1
2785,p,n,f,4.75
2786,e,w,f,5.37
2787,p,p,f,5.39
2788,e,y,f,2.81
2789,e,n,f,6.19
2790,p,p,t,6.73
2791,p,g,f,3.6
2792,e,g,f,6.59
2793,p,n,t,8.34
2794,e,n,f,7.14
2795,e,g,f,8.65
2796,p,n,f,3.91
2797,p,n,f,3.99
2798,p,y,f,4.78
2799,p,n,f,4.97
2800,e,u,f,5.81
2801,p,n,f,5.12
2802,p,y,f,4.94
2803,p,y,f,5.83
2804,p,r,t,6.0
2805,p,w,f,15.27
2806,p,k,f,3.51
2807,e,o,f,4.88
2808,e,b,f,6.35
2809,e,g,f,6.12
2810,e,n,f,5.59
2811,e,n,f,6.89
2812,p,n,f,6.17
2813,e,b,f,7.57
2814,p,n,f,9.76
2815,e,k,f,3.68
2816,e,g,f,4.35
2817,p,y,f,5.39
2818,p,n,f,3.5
2819,e,g,f,5.04
2820,e,n,f,10.51
2821,e,y,f,3.97
2822,p,y,f,7.47
2823,e,y,f,8.19
2824,p,w,t,5.19
2825,p,g,f,7.15
2826,e,g,t,11.07
2827,p,g,f,4.9
2828,p,r,t,5.49
2829,p,n,f,7.22
2830,e,g,f,5.49
2831,e,r,f,5.86
2832,p,w,f,4.32
2833,p,n,f,8.21
2834,p,n,f,7.85
2835,e,y,f,5.52
2836,p,e,t,6.65
2837,e,n,f,5.43
2838,e,b,f,6.0
2839,e,l,f,2.47
2840,e,n,f,5.51
2841,e,n,f,5.89
2842,e,y,f,3.5
2843,p,r,t,6.34
2844,p,n,t,9.5
2845,e,w,f,6.37
2846,p,o,f,4.31
2847,e,y,f,7.96
2848,p,n,f,4.08
2849,e,g,f,9.46
2850,p,w,f,3.63
2851,e,g,f,6.24
2852,p,n,f,5.22
2853,p,g,t,4.58
2854,e,b,f,4.69
2855,p,y,f,6.23
2856,p,r,f,6.29
2857,e,e,t,5.41
2858,p,e,f,4.03
2859,e,n,t,6.55
2860,p,w,f,7.69
2861,p,p,t,7.61
2862,p,y,f,7.16
2863,p,n,f,6.2
2864,p,e,f,5.39
2865,p,n,f,6.19
2866,e,w,f,4.5
2867,e,y,t,8.22
2868,p,w,f,3.09
2869,e,g,f,2.38
2870,p,n,t,5.13
2871,e,u,f,4.57
2872,e,n,f,4.63
2873,e,n,f,8.3
2874,e,w,f,4.72
2875,p,n,f,9.84
2876,e,u,f,6.38
2877,p,p,f,5.64
2878,e,b,f,6.37
2879,p,n,f,4.71
2880,p,y,f,5.81
2881,p,g,f,5.3
2882,e,w,f,3.14
2883,p,y,f,1.98
2884,p,o,f,12.17
2885,e,w,f,2.49
2886,p,n,f,5.98
2887,p,e,f,5.39
2888,p,n,t,3.63
2889,e,g,f,7.62
2890,p,o,f,5.59
2891,e,n,f,7.35
2892,p,e,f,2.98
2893,p,w,f,10.66
2894,e,e,f,5.88
2895,e,y,f,6.71
2896,e,n,t,9.26
2897,e,n,f,6.04
2898,e,n,f,7.64
2899,p,n,f,6.27
2900,e,n,f,6.65
2901,p,p,f,3.79
2902,e,n,f,12.46
2903,e,b,f,5.69
2904,p,n,f,5.78
2905,e,n,t,9.6
2906,p,k,t,5.22
2907,e,w,f,3.55
2908,e,n,f,5.08
2909,e,y,f,3.73
2910,e,g,t,4.75
2911,e,n,t,4.55
2912,p,e,t,5.36
2913,p,o,f,6.11
2914,p,w,f,3.55
2915,e,g,f,4.23
2916,p,n,f,5.18
2917,p,w,f,3.43
2918,p,w,f,13.96
2919,p,n,f,7.58
2920,e,n,f,6.9
2921,p,n,f,3.9
2922,e,n,f,5.1
2923,p,n,f,8.5
2924,e,w,f,4.91
2925,p,p,t,5.54
2926,p,y,f,10.26
2927,e,y,f,4.71
2928,e,l,f,8.78
2929,e,y,f,7.93
2930,e,g,f,4.84
2931,p,o,f,3.44
2932,p,n,f,6.68
2933,p,n,f,3.53
2934,e,w,f,6.33
2935,p,n,f,10.18
2936,e,n,f,5.61
2937,e,y,t,7.89
2938,e,n,f,2.71
2939,e,w,t,5.53
2940,e,w,f,4.24
2941,p,y,f,2.1
2942,e,y,t,7.07
2943,p,u,t,9.45
2944,p,y,t,5.26
2945,p,p,f,4.55
2946,e,n,f,8.12
2947,e,u,f,5.92
2948,e,n,f,8.28
2949,p,e,f,5.87
2950,e,p,f,4.28
2951,e,n,f,7.28
2952,p,w,f,20.41
2953,p,e,f,5.26
2954,p,y,f,3.41
2955,e,w,f,5.09
2956,p,n,f,4.92
2957,p,y,f,10.6
2958,p,n,f,6.47
2959,e,n,f,5.25
2960,e,w,t,9.24
2961,p,n,f,4.39
2962,p,e,f,6.78
2963,p,w,f,3.28
2964,e,n,f,5.16
2965,e,l,f,6.23
2966,e,w,f,3.43
2967,p,n,t,3.7
2968,e,w,t,10.39
2969,p,y,f,2.95
2970,p,o,f,3.91
2971,p,o,f,5.03
2972,p,y,t,5.57
2973,e,w,f,2.87
2974,e,n,f,7.13
2975,e,o,f,7.34
2976,p,o,t,3.13
2977,p,o,f,7.16
2978,p,y,f,6.02
2979,p,n,f,12.3
2980,e,n,t,9.23
2981,e,y,t,7.42
2982,e,n,f,4.46
2983,p,g,t,9.25
2984,e,n,f,6.83
2985,e,u,f,4.6
2986,p,n,f,11.14
2987,p,y,f,6.9
2988,p,y,f,5.88
2989,e,n,f,4.45
2990,e,k,f,6.18
2991,e,o,t,7.09
2992,p,n,f,7.39
2993,e,w,f,7.9
2994,p,p,f,4.79
2995,p,n,f,5.33
2996,e,n,f,6.09
2997,p,u,f,6.6
2998,e,g,f,2.68
2999,p,k,f,4.01
3000,e,n,f,4.21
3001,e,n,f,4.71
3002,e,n,f,6.67
3003,p,n,f,5.88
3004,e,n,f,4.61
3005,p,e,f,6.96
3006,e,n,f,6.11
3007,e,y,f,5.84
3008,p,n,t,6.24
3009,p,w,f,15.76
3010,e,w,t,6.35
3011,p,g,f,5.24
3012,e,y,f,6.69
3013,e,n,f,4.93
3014,p,n,f,5.86
3015,e,n,t,8.33
3016,p,y,f,7.12
3017,e,n,f,6.34
3018,e,n,t,8.67
3019,p,n,f,5.53
3020,e,w,t,4.27
3021,p,w,t,4.76
3022,e,n,t,6.93
3023,e,w,f,4.87
3024,e,n,f,5.32
3025,p,y,f,6.28
3026,e,y,f,6.52
3027,e,n,f,7.15
3028,e,n,f,21.61
3029,e,w,f,4.71
3030,e,n,f,7.04
3031,p,n,f,8.36
3032,e,w,t,6.03
3033,p,w,f,6.79
3034,e,n,t,7.41
3035,e,n,t,11.55
3036,e,n,f,8.33
3037,e,n,f,5.94
3038,e,k,f,5.09
3039,e,w,f,6.09
3040,e,n,f,9.29
3041,p,u,f,4.01
3042,e,g,f,5.24
3043,e,g,f,4.85
3044,e,n,f,5.55
3045,e,n,f,6.31
3046,p,n,f,6.21
3047,e,g,t,12.28
3048,e,n,f,6.89
3049,e,k,f,7.1
3050,p,n,f,3.88
3051,p,n,f,5.91
3052,p,n,f,8.06
3053,p,n,f,4.37
3054,e,n,f,11.66
3055,p,n,f,17.05
3056,p,k,f,3.84
3057,p,n,f,8.97
3058,p,e,f,6.3
3059,p,y,f,5.89
3060,e,n,t,8.16
3061,p,g,f,3.54
3062,p,n,t,5.03
3063,p,e,f,7.14
3064,p,o,f,3.26
3065,p,g,f,4.74
3066,p,e,f,5.67
3067,p,y,f,4.95
3068,e,b,f,5.56
3069,p,n,f,6.77
3070,p,l,f,5.93
3071,p,e,f,7.56
3072,p,y,f,3.95
3073,e,n,f,17.94
3074,p,n,f,9.59
3075,e,n,f,5.35
3076,p,g,f,5.04
3077,p,g,f,9.7
3078,p,w,f,3.18
3079,e,g,f,2.38
3080,p,e,f,3.27
3081,p,r,t,4.49
3082,e,b,f,5.87
3083,p,n,t,6.29
3084,p,k,t,4.97
3085,e,n,f,4.46
3086,e,w,f,8.13
3087,p,y,f,3.33
3088,e,w,f,5.53
3089,e,n,f,7.05
3090,p,n,f,5.1
3091,e,g,f,5.46
3092,p,o,f,3.5
3093,p,n,f,5.81
3094,e,n,f,4.78
3095,p,w,t,5.04
3096,p,y,f,6.1
3097,e,g,f,5.01
3098,p,p,f,3.5
3099,p,w,f,6.63
3100,e,n,f,6.06
3101,p,e,f,6.11
3102,p,y,f,7.28
3103,p,n,f,18.45
3104,e,y,f,7.33
3105,p,n,f,7.42
3106,e,n,t,8.82
3107,p,w,f,2.9
3108,p,g,f,5.2
3109,p,l,f,4.81
3110,e,n,f,11.71
3111,p,p,t,7.89
3112,e,e,f,6.07
3113,e,n,f,4.09
3114,p,n,f,7.04
3115,e,w,f,7.85
3116,e,n,f,5.61
3117,e,n,f,4.82
3118,e,w,f,2.98
3119,e,g,f,5.58
3120,e,u,t,5.47
3121,p,n,f,6.61
3122,p,w,f,2.11
3123,p,o,f,4.37
3124,e,u,f,7.23
3125,e,b,f,5.14
3126,p,p,f,6.84
3127,p,n,t,9.37
3128,e,n,f,6.83
3129,p,u,f,3.58
3130,p,y,f,3.48
3131,p,y,t,9.58
3132,p,u,f,5.96
3133,e,n,f,4.21
3134,p,n,f,6.59
3135,e,w,t,6.65
3136,p,r,t,5.35
3137,e,n,t,7.33
3138,p,r,f,11.24
3139,e,n,t,4.64
3140,p,n,f,9.07
3141,p,o,f,4.7
3142,p,e,f,8.17
3143,p,n,t,7.86
3144,p,y,f,5.58
3145,p,n,f,4.84
3146,p,n,f,3.61
3147,e,n,f,8.83
3148,p,w,t,7.76
3149,p,g,f,9.85
3150,p,y,f,5.63
3151,e,n,t,7.64
3152,p,u,f,2.94
3153,e,g,f,5.17
3154,e,n,f,4.59
3155,p,n,f,4.96
3156,e,n,f,6.41
3157,e,n,f,4.48
3158,e,e,t,5.43
3159,p,n,t,7.56
3160,p,w,f,2.61
3161,e,y,f,6.22
3162,p,y,t,8.82
3163,e,n,t,7.74
3164,e,n,f,7.09
3165,p,g,t,5.05
3166,p,e,f,4.83
3167,p,w,f,3.89
3168,e,n,f,4.6
3169,e,w,f,3.32
3170,e,g,t,10.54
3171,e,w,f,7.68
3172,p,w,f,8.81
3173,e,p,f,5.93
3174,p,n,f,5.77
3175,p,g,f,8.89
3176,e,n,f,7.26
3177,e,p,f,7.05
3178,p,e,f,13.27
3179,p,y,f,3.55
3180,p,y,f,5.85
3181,p,o,f,17.27
3182,p,g,f,5.37
3183,p,w,f,4.07
3184,p,n,f,10.85
3185,e,w,f,13.84
3186,p,n,f,10.33
3187,p,y,f,9.56
3188,e,g,f,4.51
3189,e,n,f,6.66
3190,p,o,f,13.16
3191,p,n,f,5.07
3192,e,w,f,3.2
3193,e,g,f,5.02
3194,e,n,t,8.66
3195,p,n,f,4.94
3196,p,y,t,5.38
3197,p,n,t,8.92
3198,e,p,t,6.53
3199,e,y,t,7.34
3200,e,n,f,5.55
3201,e,o,f,4.37
3202,e,e,f,4.15
3203,p,r,f,11.04
3204,p,y,f,13.65
3205,p,u,f,5.38
3206,e,n,f,6.47
3207,p,n,f,5.52
3208,e,y,f,7.95
3209,e,k,f,4.78
3210,p,p,f,4.54
3211,p,w,f,13.76
3212,p,n,f,4.17
3213,e,u,f,6.14
3214,p,n,f,3.93
3215,e,e,f,6.26
3216,e,e,t,5.54
3217,e,y,f,4.21
3218,p,e,t,6.61
3219,e,w,f,4.24
3220,p,n,f,9.95
3221,p,w,t,7.3
3222,e,o,f,6.03
3223,p,n,f,5.73
3224,p,o,f,5.93
3225,p,n,f,3.85
3226,e,w,f,3.31
3227,e,n,f,10.86
3228,p,n,f,5.97
3229,p,n,f,6.43
3230,e,e,f,5.68
3231,e,n,t,9.01
3232,p,n,t,6.87
3233,p,y,f,9.04
3234,e,n,f,5.95
3235,p,n,f,6.46
3236,p,y,f,3.94
3237,e,n,f,6.03
3238,p,r,f,11.31
3239,p,n,t,9.42
3240,e,w,f,5.6
3241,e,y,f,7.76
3242,e,w,t,6.02
3243,p,n,f,11.25
3244,e,g,f,5.16
3245,e,n,f,8.04
3246,p,o,f,6.1
3247,p,g,f,8.99
3248,e,k,f,8.58
3249,p,w,t,8.19
3250,e,y,f,6.37
3251,e,n,f,5.53
3252,e,n,f,5.92
3253,e,p,f,4.96
3254,e,w,f,4.46
3255,p,n,f,15.32
3256,p,o,f,6.62
3257,e,n,f,4.37
3258,e,n,f,4.49
3259,p,r,f,10.93
3260,p,y,f,3.52
3261,e,e,t,5.68
3262,p,n,f,9.33
3263,p,w,t,7.5
3264,p,y,f,7.54
3265,p,w,f,3.28
3266,p,n,f,4.27
3267,e,y,f,12.55
3268,p,o,f,6.27
3269,p,k,f,3.46
3270,e,n,f,5.92
3271,p,e,t,5.92
3272,p,o,f,3.75
3273,p,g,f,10.83
3274,e,n,f,6.1
3275,p,y,f,8.01
3276,p,o,f,1.4
3277,e,e,f,9.39
3278,p,n,f,4.43
3279,e,u,f,6.19
3280,p,n,f,1.79
3281,e,n,f,6.16
3282,p,y,t,6.02
3283,p,y,f,3.71
3284,e,n,f,4.82
3285,e,o,t,5.99
3286,p,w,f,2.9
3287,p,n,t,9.57
3288,e,w,f,7.48
3289,p,n,f,4.47
3290,p,y,f,7.61
3291,e,w,f,6.24
3292,p,y,f,1.98
3293,p,e,f,4.33
3294,e,n,f,6.0
3295,p,l,f,6.17
3296,e,n,f,8.12
3297,p,n,f,11.69
3298,p,y,f,2.72
3299,p,o,f,12.11
3300,e,o,f,5.71
3301,p,n,f,5.83
3302,e,n,f,7.17
3303,p,n,f,13.13
3304,e,n,f,5.63
3305,e,n,f,6.31
3306,p,y,f,3.83
3307,p,w,f,2.79
3308,p,n,f,11.75
3309,p,o,f,3.34
3310,e,u,t,4.71
3311,e,b,f,5.27
3312,p,n,f,5.3
3313,p,n,f,5.12
3314,p,r,t,4.3
3315,p,o,f,3.54
3316,e,e,t,5.52
3317,e,n,f,5.46
3318,p,n,f,4.9
3319,e,n,t,6.46
3320,e,n,f,5.06
3321,p,n,f,6.01
3322,p,g,f,5.05
3323,p,r,t,5.26
3324,e,g,f,6.27
3325,p,n,f,5.54
3326,e,n,f,5.88
3327,e,e,t,6.3
3328,p,y,f,1.97
3329,p,n,f,7.0
3330,e,n,t,10.43
3331,e,n,f,4.65
3332,p,n,f,5.44
3333,p,w,f,4.94
3334,e,w,f,4.86
3335,p,o,f,4.5
3336,p,y,t,7.99
3337,p,y,f,6.81
3338,e,o,f,6.36
3339,p,w,f,3.12
3340,p,g,f,7.27
3341,p,n,t,8.46
3342,p,n,f,8.06
3343,p,w,f,12.0
3344,e,n,t,9.03
3345,p,n,f,5.71
3346,e,w,f,4.45
3347,p,n,f,5.39
3348,e,n,f,6.09
3349,p,w,f,12.35
3350,p,b,f,4.97
3351,p,n,f,5.93
3352,e,n,f,6.8
3353,p,n,f,4.99
3354,e,n,f,5.34
3355,p,g,f,3.42
3356,p,n,f,6.82
3357,e,n,f,6.0
3358,p,n,t,3.44
3359,p,w,f,3.4
3360,p,n,f,4.7
3361,p,n,f,6.49
3362,p,o,f,3.53
3363,e,n,t,7.46
3364,p,n,f,3.9
3365,e,n,f,4.38
3366,e,n,f,5.43
3367,e,n,f,7.05
3368,p,y,f,7.15
3369,p,n,t,3.72
3370,e,n,f,4.62
3371,e,n,t,9.99
3372,p,w,t,5.73
3373,p,p,f,4.4
3374,e,g,f,3.08
3375,p,e,f,7.19
3376,p,y,f,4.79
3377,p,w,f,2.29
3378,p,e,f,8.53
3379,p,n,f,6.14
3380,e,n,f,5.73
3381,p,n,f,5.3
3382,p,n,f,4.47
3383,p,n,f,7.38
3384,p,w,f,3.79
3385,p,u,f,6.34
3386,p,y,f,6.6
3387,p,n,t,7.85
3388,p,n,f,4.75
3389,p,u,f,3.66
3390,p,n,f,13.83
3391,p,n,f,11.45
3392,e,w,f,10.36
3393,p,n,f,4.37
3394,p,n,f,4.63
3395,p,r,t,4.44
3396,p,n,f,5.42
3397,e,w,f,3.35
3398,e,n,t,7.0
3399,p,e,f,4.75
3400,p,y,f,5.7
3401,p,l,f,4.15
3402,p,y,f,3.43
3403,p,w,t,8.51
3404,e,n,f,5.16
3405,e,n,f,6.31
3406,p,n,f,4.47
3407,e,g,f,9.08
3408,p,u,f,5.8
3409,e,y,f,5.57
3410,p,u,f,5.82
3411,e,n,f,8.06
3412,p,y,f,2.42
3413,e,w,f,5.53
3414,p,p,f,5.35
3415,p,n,f,3.79
3416,e,w,f,5.76
3417,p,g,f,3.66
3418,e,n,f,6.52
3419,p,y,f,3.55
3420,p,n,t,5.64
3421,p,y,f,7.52
3422,p,o,f,5.35
3423,p,n,f,11.03
3424,e,n,f,6.31
3425,p,g,t,10.54
3426,p,o,f,5.05
3427,p,g,f,3.24
3428,e,n,f,4.91
3429,e,n,t,10.39
3430,e,n,f,5.26
3431,e,n,f,6.37
3432,p,w,t,8.21
3433,p,n,f,3.35
3434,e,y,t,7.07
3435,p,y,f,3.55
3436,p,y,f,7.42
3437,p,n,t,5.56
3438,e,g,f,5.12
3439,p,e,f,3.77
3440,e,n,f,6.33
3441,p,n,f,3.66
3442,e,l,f,6.42
3443,p,g,t,4.56
3444,p,y,t,5.54
3445,e,l,f,8.96
3446,p,n,f,5.65
3447,e,g,f,6.0
3448,p,u,f,5.36
3449,e,n,t,9.07
3450,e,n,t,4.07
3451,p,n,f,5.63
3452,p,n,f,3.86
3453,p,w,f,8.0
3454,p,w,f,10.03
3455,p,n,f,5.79
3456,e,w,f,4.27
3457,e,n,f,9.32
3458,p,o,f,3.43
3459,p,e,f,3.45
3460,e,n,t,8.53
3461,p,y,f,3.59
3462,p,p,f,4.82
3463,p,y,f,2.38
3464,p,w,f,18.63
3465,p,w,f,3.91
3466,p,y,f,3.41
3467,p,n,f,10.86
3468,p,y,f,7.03
3469,p,n,f,5.38
3470,p,n,f,5.21
3471,p,r,f,6.4
3472,p,g,f,3.12
3473,e,y,f,4.25
3474,p,w,f,3.49
3475,e,n,f,5.54
3476,e,n,t,9.39
3477,e,n,t,9.87
3478,p,u,f,7.27
3479,e,w,f,8.01
3480,p,e,f,6.36
3481,e,y,f,4.89
3482,e,y,f,8.04
3483,p,e,f,4.61
3484,p,e,f,3.87
3485,p,n,f,5.76
3486,p,n,t,9.37
3487,p,w,t,7.26
3488,p,n,t,5.86
3489,p,p,f,4.81
3490,e,n,t,9.64
3491,e,n,f,4.77
3492,p,o,t,4.52
3493,e,g,f,8.82
3494,e,g,f,6.55
3495,p,n,f,5.36
3496,p,y,t,8.29
3497,e,n,f,5.75
3498,p,n,f,5.84
3499,e,n,t,9.42
3500,p,y,f,5.65
3501,p,y,f,6.47
3502,p,n,f,2.85
3503,e,n,f,8.8
3504,e,w,t,11.62
3505,e,p,t,4.86
3506,p,n,f,4.68
3507,e,n,f,5.77
3508,p,k,f,4.31
3509,e,y,f,11.29
3510,e,n,f,5.88
3511,p,e,t,6.18
3512,e,n,f,4.8
3513,p,p,f,3.31
3514,p,w,f,2.88
3515,p,y,t,5.24
3516,e,n,f,5.61
3517,p,k,f,8.74
3518,p,y,f,2.61
3519,e,b,f,6.2
3520,p,n,f,1.97
3521,p,w,f,5.62
3522,p,w,t,7.56
3523,e,y,f,6.58
3524,p,n,f,3.46
3525,p,r,t,4.83
3526,p,n,f,5.47
3527,e,g,f,8.36
3528,p,n,f,6.04
3529,p,e,f,6.22
3530,p,n,t,5.35
3531,e,y,f,10.05
3532,e,e,f,6.12
3533,e,n,f,12.23
3534,e,y,f,3.51
3535,p,p,f,4.49
3536,p,b,f,3.29
3537,p,n,f,5.58
3538,p,r,t,4.96
3539,p,o,f,5.87
3540,e,n,f,7.0
3541,p,e,f,4.28
3542,e,g,t,12.22
3543,e,n,f,4.76
3544,e,n,f,5.36
3545,p,y,f,7.12
3546,p,y,f,5.36
3547,e,n,f,5.61
3548,p,o,t,5.68
3549,e,g,f,4.49
3550,e,o,f,6.27
3551,e,n,f,6.06
3552,e,g,t,10.8
3553,e,y,f,5.06
3554,p,y,f,7.92
3555,e,u,f,6.32
3556,e,w,f,4.19
3557,p,n,f,4.58
3558,p,n,f,5.76
3559,e,n,f,6.61
3560,p,y,f,3.28
3561,p,p,t,8.65
3562,e,y,f,5.19
3563,e,w,f,3.75
3564,p,y,f,3.93
3565,e,n,f,6.14
3566,e,g,t,4.72
3567,p,w,f,5.45
3568,p,w,f,12.55
3569,e,g,f,4.66
3570,e,w,f,6.23
3571,e,n,f,5.98
3572,e,w,f,3.35
3573,p,n,f,10.11
3574,e,k,f,5.21
3575,e,n,f,6.99
3576,e,g,f,3.33
3577,p,n,f,3.76
3578,p,r,f,1.77
3579,p,y,f,2.31
3580,e,y,f,5.59
3581,e,n,f,8.06
3582,p,y,f,2.29
3583,p,n,f,4.43
3584,p,n,f,4.87
3585,p,w,f,2.96
3586,e,y,f,5.88
3587,p,g,f,5.2
3588,p,n,t,6.24
3589,e,w,f,8.03
3590,p,w,f,3.19
3591,e,p,t,5.31
3592,e,n,f,11.1
3593,e,n,f,5.51
3594,e,n,f,4.82
3595,p,n,f,7.31
3596,p,p,t,7.38
3597,p,p,f,3.64
3598,e,y,f,6.74
3599,p,n,f,5.89
3600,e,n,f,6.09
3601,e,n,f,6.11
3602,e,n,f,6.1
3603,e,g,t,10.73
3604,e,n,t,9.68
3605,p,y,f,8.84
3606,e,w,f,3.49
3607,e,n,f,8.1
3608,e,n,t,8.78
3609,e,n,f,5.23
3610,e,p,f,7.51
3611,p,y,f,5.87
3612,p,w,f,10.53
3613,e,n,f,4.62
3614,e,u,f,4.66
3615,e,g,f,8.9
3616,p,k,f,3.53
3617,e,n,t,6.14
3618,p,y,f,1.72
3619,p,n,f,10.77
3620,p,n,t,6.64
3621,p,w,f,8.39
3622,p,n,f,8.37
3623,e,u,t,4.82
3624,p,y,f,7.14
3625,e,w,t,7.19
3626,p,y,f,2.83
3627,e,y,t,8.02
3628,p,e,f,7.9
3629,e,k,f,6.49
3630,e,n,t,8.55
3631,p,o,f,3.93
3632,e,p,f,7.02
3633,e,o,f,7.34
3634,p,o,f,16.32
3635,p,n,t,3.61
3636,p,n,f,4.06
3637,p,o,f,4.97
3638,p,n,f,5.47
3639,p,n,f,4.98
3640,e,n,f,5.92
3641,e,g,f,2.57
3642,p,g,f,11.1
3643,e,w,f,3.45
3644,e,e,f,5.35
3645,e,n,t,5.88
3646,p,o,f,3.36
3647,e,w,t,5.83
3648,e,w,f,21.03
3649,e,n,f,5.84
3650,e,n,f,5.33
3651,e,k,f,4.31
3652,p,n,f,4.01
3653,e,n,f,3.86
3654,p,n,f,6.46
3655,p,g,f,4.62
3656,e,n,f,6.54
3657,e,o,f,5.47
3658,p,e,f,4.86
3659,p,o,f,5.24
3660,e,n,f,4.67
3661,e,w,f,8.05
3662,p,n,f,4.47
3663,e,w,f,18.76
3664,e,l,f,7.51
3665,p,n,f,9.78
3666,p,y,f,5.73
3667,p,n,f,3.56
3668,e,o,t,4.77
3669,p,y,f,8.28
3670,p,o,f,5.99
3671,e,g,f,2.62
3672,e,n,f,4.47
3673,e,n,f,5.96
3674,e,b,f,7.17
3675,e,e,f,4.42
3676,e,b,f,5.45
3677,e,n,t,7.8
3678,p,w,t,3.76
3679,p,e,f,7.25
3680,e,n,f,4.94
3681,p,w,f,13.81
3682,e,n,f,5.4
3683,p,n,t,5.36
3684,e,u,f,4.09
3685,e,n,t,7.96
3686,e,n,f,6.06
3687,p,n,f,5.79
3688,p,e,f,5.88
3689,p,n,f,15.96
3690,p,n,f,6.09
3691,p,y,t,4.09
3692,p,n,f,4.38
3693,e,n,f,7.03
3694,p,y,f,6.17
3695,p,o,f,3.17
3696,p,n,t,6.28
3697,p,p,t,7.25
3698,e,n,f,7.86
3699,e,n,f,5.06
3700,p,y,f,6.02
3701,e,n,f,9.27
3702,e,y,f,7.79
3703,p,u,f,4.23
3704,p,e,t,6.19
3705,p,k,f,3.62
3706,p,g,f,9.82
3707,p,n,f,1.89
3708,p,n,f,5.65
3709,p,n,f,9.02
3710,p,o,f,4.33
3711,e,n,f,3.87
3712,e,n,t,8.35
3713,e,l,f,2.68
3714,p,n,f,8.4
3715,p,y,f,6.93
3716,e,w,f,7.79
3717,e,n,t,9.62
3718,e,n,f,5.42
3719,e,k,f,4.45
3720,p,y,f,8.52
3721,e,w,f,3.7
3722,e,n,f,6.35
3723,e,w,f,7.22
3724,e,n,f,4.21
3725,p,g,f,11.28
3726,e,n,f,5.22
3727,e,n,f,5.06
3728,p,y,f,5.38
3729,p,n,f,3.51
3730,e,n,f,6.88
3731,e,k,f,5.16
3732,p,n,f,5.51
3733,e,k,f,5.21
3734,p,n,f,6.31
3735,e,g,f,4.98
3736,e,g,f,8.72
3737,p,n,f,5.86
3738,e,b,f,6.95
3739,p,y,f,9.0
3740,p,e,t,7.01
3741,e,n,f,6.31
3742,e,l,f,7.1
3743,e,p,f,6.82
3744,e,y,f,6.23
3745,p,g,f,8.98
3746,p,y,f,6.24
3747,e,n,f,7.33
3748,p,r,t,4.74
3749,e,w,f,2.78
3750,p,k,f,3.7
3751,p,k,f,5.94
3752,p,n,f,4.29
3753,e,w,f,29.34
3754,p,n,f,4.78
3755,p,w,t,7.23
3756,e,n,f,5.55
3757,e,y,t,7.53
3758,e,g,f,5.05
3759,p,e,f,7.83
3760,e,n,f,5.46
3761,p,w,f,3.55
3762,p,g,t,5.05
3763,e,w,f,2.25
3764,e,u,f,4.42
3765,e,w,f,20.65
3766,p,e,f,2.75
3767,p,n,f,4.72
3768,p,g,f,2.55
3769,p,n,f,6.21
3770,p,k,f,8.28
3771,p,e,f,3.93
3772,e,n,f,5.25
3773,e,o,f,9.92
3774,e,b,f,6.27
3775,p,n,f,15.76
3776,e,y,f,6.0
3777,e,n,f,7.12
3778,e,y,f,5.62
3779,e,n,f,5.28
3780,p,o,f,1.33
3781,p,e,t,6.35
3782,p,o,f,5.5
3783,p,y,f,9.36
3784,e,u,f,6.28
3785,e,n,f,5.65
3786,e,g,f,3.71
3787,p,e,t,6.15
3788,e,w,f,3.61
3789,e,o,f,6.26
3790,e,n,f,12.62
3791,p,n,f,7.15
3792,p,n,f,7.73
3793,p,e,f,5.67
3794,p,n,f,8.51
3795,e,w,f,7.07
3796,e,e,t,5.47
3797,p,g,f,3.93
3798,e,y,f,4.98
3799,e,o,f,5.8
3800,p,n,f,10.71
3801,e,w,f,7.89
3802,e,w,t,6.28
3803,e,w,f,21.72
3804,p,u,f,5.5
3805,e,o,f,6.36
3806,e,o,f,6.24
3807,e,y,f,8.02
3808,e,w,t,7.48
3809,p,u,f,5.75
3810,p,y,f,3.69
3811,p,n,f,5.93
3812,e,n,t,9.07
3813,p,u,f,6.52
3814,p,e,f,4.46
3815,p,b,f,4.99
3816,p,y,f,5.99
3817,e,y,f,6.28
3818,p,y,f,5.95
3819,p,y,f,9.43
3820,p,n,f,10.11
3821,p,y,t,6.2
3822,p,y,f,9.66
3823,e,w,t,5.23
3824,p,n,f,3.54
3825,p,n,f,4.5
3826,p,o,f,6.11
3827,e,n,f,5.13
3828,p,y,f,7.3
3829,e,n,f,7.89
3830,p,y,f,7.01
3831,e,y,f,5.39
3832,p,n,f,8.08
3833,p,k,f,9.76
3834,e,o,f,5.1
3835,p,p,t,7.05
3836,e,p,f,5.75
3837,e,n,t,5.8
3838,p,y,f,6.59
3839,e,n,f,6.7
3840,e,l,f,8.02
3841,p,y,f,7.06
3842,e,n,f,4.88
3843,e,n,f,4.85
3844,p,n,f,3.73
3845,p,o,f,6.23
3846,e,e,f,7.81
3847,p,e,t,7.31
3848,e,n,f,6.65
3849,p,r,f,6.28
3850,e,e,t,6.01
3851,e,y,f,6.45
3852,p,p,f,5.55
3853,e,n,f,6.57
3854,e,n,f,12.71
3855,p,w,f,4.24
3856,e,n,f,5.7
3857,p,o,t,4.19
3858,e,g,f,6.66
3859,p,n,f,4.6
3860,e,n,f,4.16
3861,p,w,f,5.71
3862,p,n,f,17.83
3863,e,n,t,5.58
3864,p,w,f,3.57
3865,e,w,f,20.97
3866,e,w,f,7.79
3867,p,r,f,5.4
3868,p,n,f,4.48
3869,e,w,f,3.48
3870,e,n,f,5.93
3871,p,g,t,4.72
3872,e,g,f,2.7
3873,p,g,f,7.77
3874,e,n,f,6.09
3875,e,e,t,6.16
3876,p,g,f,6.24
3877,p,y,f,5.79
3878,e,n,t,7.21
3879,e,n,f,5.36
3880,e,k,f,3.75
3881,p,y,f,3.31
3882,e,n,f,6.91
3883,p,n,f,3.17
3884,p,n,f,4.93
3885,p,o,f,5.78
3886,p,k,f,8.45
3887,e,n,f,4.64
3888,p,n,f,4.96
3889,e,y,f,5.87
3890,p,w,f,14.0
3891,e,w,f,5.05
3892,e,w,f,12.0
3893,e,n,f,6.84
3894,p,n,f,6.3
3895,p,n,f,8.15
3896,e,n,f,5.97
3897,p,w,t,5.88
3898,p,n,f,3.64
3899,e,y,t,6.89
3900,e,k,f,4.77
3901,p,y,f,8.2
3902,p,y,f,4.73
3903,e,n,t,9.28
3904,p,o,f,3.63
3905,p,n,f,11.59
3906,p,n,f,8.61
3907,e,o,t,6.68
3908,e,n,f,11.72
3909,e,e,f,8.91
3910,e,n,t,6.03
3911,e,g,f,6.09
3912,p,e,f,8.49
3913,p,y,f,10.51
3914,e,n,t,9.64
3915,p,e,f,6.56
3916,p,w,f,3.94
3917,p,y,f,6.12
3918,p,k,f,3.59
3919,p,y,f,6.49
3920,e,y,f,4.85
3921,p,n,f,7.03
3922,p,n,t,4.27
3923,p,u,f,3.71
3924,p,n,f,5.43
3925,e,n,t,6.17
3926,p,y,t,7.08
3927,p,w,f,3.25
3928,p,o,f,16.89
3929,e,w,f,3.7
3930,e,o,f,6.4
3931,p,w,f,7.28
3932,p,n,f,9.24
3933,p,e,f,4.16
3934,e,n,t,8.27
3935,p,n,f,9.94
3936,e,n,f,6.63
3937,e,n,f,12.31
3938,p,e,f,9.4
3939,e,n,f,4.43
3940,p,n,f,4.85
3941,p,o,f,6.07
3942,e,n,f,4.62
3943,e,g,f,8.39
3944,p,w,f,3.07
3945,e,w,f,11.13
3946,p,y,f,6.11
3947,p,y,f,5.04
3948,p,n,f,9.03
3949,p,y,f,5.82
3950,p,n,f,3.98
3951,p,p,f,4.27
3952,p,g,f,5.59
3953,p,n,f,7.59
3954,e,y,f,7.94
3955,p,p,f,4.09
3956,e,e,f,7.16
3957,e,n,f,5.97
3958,p,u,t,8.34
3959,e,k,f,9.21
3960,p,u,f,3.84
3961,p,n,f,5.63
3962,e,n,t,9.37
3963,p,n,f,3.23
3964,p,o,t,3.13
3965,e,n,f,6.21
3966,e,y,t,6.25
3967,e,b,f,5.97
3968,p,e,f,4.43
3969,e,e,t,4.83
3970,p,y,f,3.7
3971,e,n,f,7.23
3972,p,o,f,4.72
3973,p,n,f,6.94
3974,e,n,f,5.43
3975,p,e,f,5.03
3976,p,y,f,5.8
3977,p,n,f,4.72
3978,p,n,f,7.54
3979,e,u,f,4.83
3980,e,n,f,9.35
3981,p,n,f,3.61
3982,p,p,t,8.53
3983,e,n,t,9.67
3984,p,u,f,6.4
3985,p,n,f,1.46
3986,e,g,f,5.35
3987,e,n,f,9.53
3988,p,o,f,3.61
3989,e,n,f,4.67
3990,p,n,f,5.63
3991,p,e,f,4.74
3992,e,u,f,6.81
3993,p,o,f,17.76
3994,e,w,f,5.01
3995,p,n,f,4.72
3996,e,n,f,4.75
3997,p,y,f,5.77
3998,e,p,t,5.48
3999,e,w,t,10.01
4000,p,n,t,3.83
4001,p,n,f,5.6
4002,p,e,f,13.72
4003,e,n,t,7.31
4004,p,e,f,16.63
4005,e,n,f,12.15
4006,e,b,f,7.03
4007,e,n,f,5.59
4008,p,n,f,5.11
4009,p,p,f,4.78
4010,p,e,t,5.32
4011,e,n,f,7.07
4012,p,w,t,8.05
4013,e,w,f,14.97
4014,p,n,f,5.88
4015,e,o,f,7.0
4016,e,n,f,4.11
4017,e,n,f,4.81
4018,p,y,f,8.05
4019,p,e,f,4.98
4020,p,n,f,5.3
4021,p,w,t,8.28
4022,p,y,f,4.86
4023,e,n,f,7.05
4024,e,e,f,6.66
4025,p,n,f,4.58
4026,p,w,f,3.93
4027,p,y,f,3.94
4028,e,w,f,3.55
4029,p,n,f,4.72
4030,e,n,t,8.05
4031,p,k,f,5.39
4032,e,o,t,6.0
4033,p,o,f,10.75
4034,p,n,f,9.94
4035,p,g,f,4.97
4036,p,e,f,6.78
4037,e,n,f,5.32
4038,p,e,t,7.0
4039,p,n,f,8.83
4040,p,y,t,6.67
4041,p,n,f,4.58
4042,e,e,f,4.54
4043,p,r,f,10.73
4044,e,o,f,6.11
4045,p,u,f,5.17
4046,e,y,f,8.54
4047,p,w,f,8.42
4048,e,n,f,6.78
4049,p,n,f,5.61
4050,e,u,f,5.91
4051,p,n,f,5.93
4052,p,w,f,13.86
4053,e,y,f,7.24
4054,p,e,t,5.77
4055,p,w,f,2.59
4056,p,n,f,4.66
4057,p,r,t,5.92
4058,p,y,f,4.93
4059,e,n,f,5.82
4060,e,n,f,5.97
4061,e,w,t,5.99
4062,p,n,f,6.01
4063,e,n,f,9.47
4064,p,y,f,4.87
4065,p,n,f,7.09
4066,p,y,f,9.28
4067,e,n,f,8.12
4068,p,e,f,8.02
4069,p,n,f,7.32
4070,e,w,f,5.31
4071,p,n,t,4.39
4072,p,y,f,7.26
4073,p,n,f,5.64
4074,p,w,f,3.22
4075,p,k,f,7.91
4076,p,e,f,4.48
4077,p,p,f,4.84
4078,e,n,f,5.03
4079,p,o,f,4.96
4080,p,n,f,5.28
4081,p,n,f,7.88
4082,p,n,f,15.11
4083,p,y,f,8.56
4084,p,n,f,7.87
4085,e,n,f,7.29
4086,p,o,t,3.99
4087,p,y,f,5.85
4088,e,n,t,8.61
4089,e,y,f,6.59
4090,p,k,f,3.45
4091,e,k,f,5.56
4092,e,n,f,4.71
4093,e,n,t,9.71
4094,e,w,f,3.8
4095,p,r,f,5.02
4096,e,n,t,6.75
4097,p,g,f,2.92
4098,p,g,t,5.62
4099,e,y,f,7.01
4100,e,n,t,7.13
4101,e,o,t,6.36
4102,e,n,f,9.27
4103,p,o,f,4.66
4104,e,n,t,8.1
4105,p,e,f,6.54
4106,p,o,t,4.44
4107,p,e,f,4.54
4108,e,o,f,9.16
4109,e,n,f,5.84
4110,e,n,f,6.46
4111,e,w,t,5.92
4112,e,g,f,4.73
4113,e,n,f,4.97
4114,e,n,f,8.73
4115,e,n,f,4.62
4116,p,n,f,4.57
4117,e,g,f,4.62
4118,p,n,f,3.81
4119,e,n,f,6.14
4120,p,g,f,8.44
4121,e,l,f,2.47
4122,e,n,f,4.78
4123,e,n,f,6.29
4124,p,u,f,6.02
4125,p,w,f,11.89
4126,e,l,f,2.38
4127,p,p,t,8.6
4128,e,n,f,7.25
4129,p,o,t,3.56
4130,p,n,t,7.18
4131,p,n,f,11.2
4132,p,u,f,3.86
4133,p,n,f,10.44
4134,p,n,f,5.67
4135,p,y,f,9.65
4136,p,n,f,5.28
4137,e,n,f,5.99
4138,p,p,t,4.66
4139,p,k,f,3.86
4140,p,n,f,5.75
4141,p,k,f,3.59
4142,e,o,f,5.72
4143,p,w,t,8.63
4144,p,o,f,3.75
4145,p,k,f,4.24
4146,p,n,f,4.77
4147,e,n,f,5.92
4148,e,w,f,8.22
4149,e,w,t,11.28
4150,e,b,f,6.2
4151,p,n,f,5.54
4152,e,n,t,5.9
4153,p,k,f,7.91
4154,p,u,f,5.24
4155,e,n,f,4.11
4156,p,n,f,5.02
4157,p,n,f,3.91
4158,p,y,f,3.05
4159,e,n,f,7.23
4160,p,n,t,5.9
4161,p,r,f,10.9
4162,e,n,f,4.59
4163,e,e,t,5.09
4164,p,u,f,6.24
4165,e,w,f,6.17
4166,p,o,f,7.78
4167,p,g,f,9.25
4168,e,w,f,8.8
4169,e,y,f,8.47
4170,e,n,f,8.34
4171,e,n,t,9.01
4172,p,n,f,7.11
4173,p,o,f,4.51
4174,p,o,f,6.58
4175,e,u,f,4.61
4176,e,y,f,2.11
4177,p,p,t,7.63
4178,p,p,t,8.32
4179,p,e,t,6.62
4180,e,o,f,6.35
4181,p,o,t,4.54
4182,p,e,f,4.06
4183,p,u,f,6.25
4184,p,n,t,8.76
4185,e,n,f,5.96
4186,e,y,f,7.78
4187,e,n,f,6.31
4188,p,n,f,4.34
4189,e,n,f,6.2
4190,e,n,f,6.51
4191,e,n,f,4.8
4192,p,w,f,2.71
4193,p,w,f,13.22
4194,e,o,f,5.3
4195,e,o,f,7.04
4196,e,n,f,6.28
4197,p,n,t,6.95
4198,p,n,f,4.92
4199,p,p,f,5.02
4200,p,n,f,6.12
4201,e,n,f,6.84
4202,p,u,f,4.52
4203,e,e,f,8.36
4204,e,n,f,5.84
4205,e,n,f,4.55
4206,e,g,f,7.05
4207,p,e,f,6.81
4208,p,y,f,4.63
4209,p,k,f,3.48
4210,e,y,t,9.5
4211,p,e,f,7.76
4212,p,o,f,3.63
4213,e,n,f,6.96
4214,e,n,f,6.37
4215,p,r,f,4.93
4216,p,p,t,7.68
4217,e,y,f,5.68
4218,p,n,f,5.45
4219,p,o,f,5.76
4220,p,g,f,5.24
4221,p,n,f,9.28
4222,p,e,f,3.45
4223,e,b,f,6.43
4224,p,g,t,4.67
4225,e,w,f,14.36
4226,p,n,f,5.14
4227,e,w,f,21.37
4228,p,n,f,12.07
4229,e,p,f,3.83
4230,e,g,f,4.93
4231,p,y,f,3.25
4232,p,w,f,13.0
4233,p,n,f,6.99
4234,e,n,f,7.61
4235,e,r,f,4.78
4236,e,n,f,7.05
4237,p,n,f,5.43
4238,p,p,t,5.88
4239,p,n,t,8.28
4240,e,n,f,7.12
4241,p,y,t,5.38
4242,e,o,f,7.85
4243,p,e,f,3.75
4244,e,w,f,3.94
4245,e,n,f,6.92
4246,e,g,f,6.62
4247,p,n,f,7.14
4248,p,w,f,12.44
4249,e,g,f,5.57
4250,p,k,f,10.25
4251,e,n,f,6.14
4252,e,e,t,5.61
4253,p,l,f,4.92
4254,e,y,f,9.16
4255,p,n,f,9.4
4256,e,n,f,3.98
4257,e,n,f,9.34
4258,p,n,f,1.74
4259,p,n,f,4.17
4260,e,n,f,7.64
4261,e,y,t,8.45
4262,p,y,f,6.58
4263,e,n,f,5.7
4264,e,o,f,9.68
4265,p,e,f,4.51
4266,e,l,f,2.48
4267,e,n,f,13.51
4268,p,u,t,8.89
4269,p,o,f,4.96
4270,p,w,f,3.54
4271,p,o,f,3.11
4272,p,n,f,6.08
4273,p,o,t,4.49
4274,p,g,f,4.98
4275,p,n,f,5.53
4276,p,y,t,8.07
4277,e,n,f,8.24
4278,p,g,t,4.85
4279,e,n,f,12.1
4280,e,n,f,13.12
4281,e,n,t,10.07
4282,p,n,f,5.97
4283,e,n,f,4.25
4284,e,n,t,5.68
4285,p,n,f,8.65
4286,e,g,f,5.7
4287,p,r,f,11.86
4288,p,n,f,4.85
4289,e,w,f,3.29
4290,p,n,f,5.92
4291,p,r,f,1.48
4292,e,k,f,7.21
4293,e,y,f,8.4
4294,p,w,f,2.61
4295,p,y,f,3.27
4296,p,n,f,11.7
4297,p,y,f,5.05
4298,p,o,f,4.07
4299,e,g,f,10.12
4300,e,g,f,5.06
4301,p,n,f,5.57
4302,e,n,f,6.85
4303,p,o,t,4.44
4304,e,n,f,5.18
4305,e,n,t,5.29
4306,e,n,f,7.32
4307,e,w,f,7.53
4308,e,n,f,5.76
4309,p,o,f,11.17
4310,e,n,f,6.41
4311,p,o,t,5.35
4312,p,n,f,5.53
4313,p,n,f,6.64
4314,e,y,f,5.62
4315,e,n,f,6.63
4316,p,o,f,4.48
4317,e,n,f,4.38
4318,e,o,f,5.15
4319,p,n,f,10.21
4320,e,n,f,14.74
4321,e,n,f,3.89
4322,p,n,f,6.55
4323,e,g,t,3.98
4324,p,o,f,4.11
4325,e,w,f,8.02
4326,e,y,f,5.62
4327,e,p,f,6.58
4328,e,n,f,4.18
4329,p,n,f,3.65
4330,p,n,f,4.74
4331,p,e,t,7.25
4332,p,n,f,5.93
4333,e,n,f,5.05
4334,p,n,f,5.33
4335,p,k,f,7.05
4336,p,p,f,4.27
4337,p,w,f,4.21
4338,e,n,t,11.98
4339,p,l,f,5.53
4340,e,n,f,4.84
4341,p,n,f,5.59
4342,e,n,f,6.79
4343,e,n,f,6.52
4344,p,r,f,10.56
4345,p,w,f,5.64
4346,p,w,f,2.64
4347,e,n,f,4.79
4348,e,n,t,8.82
4349,p,n,f,7.1
4350,e,b,f,4.88
4351,e,n,f,7.5
4352,p,y,f,7.08
4353,p,n,f,3.13
4354,e,n,f,5.74
4355,e,y,f,6.66
4356,e,r,f,4.62
4357,e,n,f,4.94
4358,p,n,f,4.21
4359,e,n,t,8.4
4360,e,n,t,7.29
4361,p,n,t,5.62
4362,p,r,t,4.72
4363,p,e,f,5.51
4364,e,w,f,4.54
4365,p,n,f,3.8
4366,p,n,f,10.31
4367,p,r,t,4.6
4368,e,o,t,6.2
4369,p,y,f,6.31
4370,p,o,f,2.91
4371,e,w,f,19.37
4372,e,n,t,5.71
4373,p,n,f,10.71
4374,e,n,f,6.25
4375,p,e,t,7.08
4376,p,e,f,6.35
4377,p,w,f,15.47
4378,e,n,f,6.17
4379,p,y,f,10.18
4380,e,n,f,5.57
4381,e,n,t,9.06
4382,p,n,f,14.01
4383,e,n,f,12.65
4384,p,n,f,3.86
4385,p,p,t,6.27
4386,p,y,f,2.85
4387,e,n,f,6.48
4388,p,r,t,6.0
4389,p,n,f,5.65
4390,e,y,f,5.64
4391,p,n,f,10.1
4392,p,n,f,5.43
4393,p,n,f,10.33
4394,e,u,f,3.99
4395,p,y,f,3.56
4396,p,n,t,4.45
4397,p,y,f,5.15
4398,p,n,f,1.98
4399,e,g,f,4.09
4400,p,u,f,5.1
4401,p,g,f,2.75
4402,p,n,f,4.36
4403,p,y,f,1.85
4404,e,n,t,9.01
4405,e,y,f,5.61
4406,e,g,f,4.69
4407,p,r,f,5.93
4408,p,b,f,4.46
4409,p,e,f,4.37
4410,e,n,f,5.99
4411,e,n,t,12.24
4412,p,y,f,4.59
4413,e,n,f,5.55
4414,p,n,f,8.25
4415,p,y,f,6.02
4416,p,g,t,4.56
4417,p,y,f,3.4
4418,p,e,f,8.28
4419,p,p,t,8.55
4420,p,y,f,4.79
4421,e,g,f,7.59
4422,e,b,f,4.89
4423,p,g,f,5.5
4424,p,n,f,11.02
4425,e,n,t,10.95
4426,p,n,f,4.3
4427,e,w,t,5.99
4428,e,n,f,5.72
4429,e,g,f,5.06
4430,e,b,f,5.98
4431,e,n,f,6.35
4432,p,n,f,9.27
4433,p,y,f,5.09
4434,p,e,f,3.69
4435,p,w,f,19.83
4436,e,b,f,2.69
4437,p,e,f,5.77
4438,p,n,f,5.56
4439,e,y,f,7.69
4440,e,p,f,4.62
4441,e,n,f,8.16
4442,e,n,f,5.6
4443,e,w,f,3.43
4444,p,r,t,6.68
4445,e,b,f,6.18
4446,p,n,f,4.09
4447,p,g,f,5.43
4448,p,y,f,3.44
4449,e,n,f,6.46
4450,e,w,f,3.28
4451,e,n,t,4.67
4452,p,n,f,7.58
4453,p,w,f,3.76
4454,p,n,f,4.04
4455,p,w,f,9.47
4456,e,n,f,5.8
4457,e,w,f,3.37
4458,e,g,f,7.19
4459,p,n,f,6.28
4460,e,n,f,5.41
4461,e,n,f,6.71
4462,p,o,f,4.76
4463,p,n,f,4.74
4464,p,e,t,5.39
4465,p,w,f,12.76
4466,p,n,f,8.38
4467,p,y,f,5.19
4468,e,y,f,7.58
4469,e,n,f,5.02
4470,p,y,f,5.61
4471,p,n,f,3.28
4472,p,o,t,4.66
4473,p,e,f,4.42
4474,e,n,f,6.33
4475,e,w,f,3.49
4476,e,y,f,3.44
4477,e,n,f,7.16
4478,p,n,f,2.09
4479,p,n,f,4.37
4480,p,u,f,7.04
4481,p,n,f,12.81
4482,e,w,t,6.23
4483,p,y,f,5.54
4484,p,p,t,6.95
4485,e,n,f,5.12
4486,p,y,f,3.25
4487,e,e,f,4.83
4488,e,w,f,3.99
4489,p,n,f,9.68
4490,p,n,f,13.61
4491,p,g,t,4.94
4492,e,n,t,6.64
4493,p,n,f,4.68
4494,e,n,t,10.73
4495,e,n,f,5.68
4496,p,n,t,6.14
4497,e,y,f,7.01
4498,e,w,f,4.6
4499,e,n,f,5.12
4500,e,n,f,5.75
4501,p,r,f,11.31
4502,p,n,f,4.4
4503,p,n,t,7.1
4504,e,g,f,5.68
4505,p,o,f,3.02
4506,e,n,f,7.16
4507,p,u,f,5.39
4508,p,n,f,4.49
4509,p,p,f,4.87
4510,p,g,f,10.44
4511,p,o,f,4.42
4512,e,k,f,4.02
4513,e,g,t,10.56
4514,e,n,f,5.62
4515,p,n,f,5.13
4516,e,n,f,5.74
4517,p,k,f,8.6
4518,p,e,f,5.61
4519,p,e,f,3.79
4520,e,n,f,5.88
4521,p,n,f,6.1
4522,p,w,f,2.85
4523,e,e,f,4.27
4524,p,n,f,4.39
4525,p,n,f,7.28
4526,p,n,f,6.04
4527,e,g,f,9.46
4528,p,r,t,5.63
4529,e,n,f,4.7
4530,e,n,f,5.25
4531,p,n,f,5.64
4532,e,r,f,6.1
4533,e,e,f,6.09
4534,p,e,f,8.26
4535,p,w,f,3.01
4536,p,e,f,5.67
4537,p,n,f,7.18
4538,e,n,t,9.65
4539,e,y,f,6.38
4540,p,p,f,4.41
4541,e,n,t,9.51
4542,p,e,f,7.65
4543,p,k,f,5.98
4544,p,k,f,6.68
4545,e,n,f,6.11
4546,e,n,t,9.81
4547,e,n,f,4.62
4548,e,k,f,4.58
4549,p,o,f,5.43
4550,p,y,t,9.3
4551,e,w,f,18.84
4552,p,n,f,4.85
4553,e,n,t,8.05
4554,p,e,f,7.67
4555,p,y,f,6.67
4556,e,u,f,8.15
4557,e,g,f,5.5
4558,p,r,f,11.03
4559,p,y,f,2.56
4560,e,g,f,6.07
4561,p,n,f,10.51
4562,p,n,t,3.93
4563,p,o,f,2.81
4564,p,u,f,6.38
4565,e,g,f,2.91
4566,e,u,f,4.76
4567,p,n,t,5.21
4568,e,w,f,4.61
4569,p,k,f,4.43
4570,e,n,f,7.07
4571,p,w,f,5.84
4572,p,w,f,3.22
4573,p,w,f,3.25
4574,e,u,f,5.77
4575,e,y,f,6.41
4576,p,n,f,3.86
4577,p,r,t,4.23
4578,p,n,f,10.52
4579,p,r,f,1.26
4580,p,w,f,6.92
4581,e,n,t,7.28
4582,p,n,f,10.55
4583,p,e,t,6.62
4584,e,e,f,5.3
4585,e,y,f,6.77
4586,p,p,f,3.98
4587,e,w,f,8.17
4588,p,n,f,6.05
4589,e,n,f,4.94
4590,p,y,t,6.05
4591,p,o,f,3.46
4592,p,y,f,5.44
4593,p,r,f,6.44
4594,p,p,f,5.18
4595,e,b,f,2.26
4596,e,w,t,5.46
4597,e,n,t,7.16
4598,e,n,f,6.04
4599,p,e,f,6.51
4600,p,n,f,10.8
4601,e,n,f,9.34
4602,p,w,t,6.07
4603,p,n,f,7.37
4604,e,b,f,4.68
4605,e,w,f,3.19
4606,e,y,f,5.91
4607,e,g,f,5.38
4608,p,y,f,5.21
4609,p,w,f,2.75
4610,e,p,f,6.12
4611,e,e,t,4.74
4612,e,n,f,4.64
4613,e,b,f,5.11
4614,e,n,f,6.52
4615,e,w,f,4.86
4616,e,n,f,4.7
4617,e,n,t,10.32
4618,e,n,f,6.72
4619,p,y,f,2.77
4620,p,u,f,4.72
4621,e,l,f,2.27
4622,p,n,f,4.99
4623,p,w,f,12.74
4624,e,o,f,5.92
4625,e,n,t,4.48
4626,p,n,f,5.25
4627,e,y,t,7.52
4628,p,w,f,3.84
4629,e,g,f,6.96
4630,e,n,f,6.75
4631,p,o,f,3.16
4632,e,n,f,7.09
4633,p,p,f,4.48
4634,p,e,f,3.42
4635,e,w,f,4.4
4636,e,n,f,7.11
4637,p,w,f,2.66
4638,p,k,t,6.22
4639,e,n,f,7.28
4640,e,n,f,5.23
4641,p,e,f,7.76
4642,e,y,f,5.54
4643,e,g,f,5.44
4644,e,b,f,5.12
4645,e,n,f,5.7
4646,e,n,t,8.37
4647,p,w,f,12.85
4648,p,n,f,6.01
4649,e,n,f,3.84
4650,e,g,f,3.41
4651,p,p,t,8.45
4652,p,n,f,5.26
4653,e,g,f,5.1
4654,p,w,t,8.63
4655,e,b,f,5.05
4656,e,y,f,5.95
4657,p,n,f,4.77
4658,p,y,f,5.84
4659,p,n,f,3.07
4660,p,e,f,7.72
4661,e,g,f,2.88
4662,e,n,f,6.4
4663,p,e,f,6.46
4664,p,o,f,3.22
4665,e,y,f,8.68
4666,e,n,t,8.78
4667,e,n,f,5.62
4668,e,y,f,6.17
4669,p,r,t,5.17
4670,p,e,t,5.05
4671,e,n,f,8.1
4672,e,w,f,7.99
4673,e,n,f,7.07
4674,p,n,f,4.73
4675,e,b,f,6.21
4676,p,g,t,4.91
4677,e,w,f,22.17
4678,p,o,f,4.53
4679,p,y,f,15.73
4680,p,w,f,17.59
4681,e,w,f,6.31
4682,p,o,f,2.92
4683,e,g,f,4.81
4684,p,y,f,5.98
4685,p,n,t,6.3
4686,p,l,f,6.44
4687,e,w,f,3.54
4688,p,e,f,7.86
4689,p,y,f,3.13
4690,e,y,f,7.18
4691,p,y,f,3.6
4692,p,o,f,3.55
4693,p,n,f,4.33
4694,p,o,f,3.2
4695,p,w,f,12.98
4696,e,n,t,4.12
4697,p,n,f,8.65
4698,p,e,f,4.43
4699,e,y,t,7.03
4700,e,y,f,8.65
4701,e,w,t,5.35
4702,e,n,f,5.97
4703,p,w,f,4.18
4704,p,r,f,11.39
4705,e,n,f,6.16
4706,p,n,f,1.41
4707,p,e,f,3.94
4708,e,n,f,6.43
4709,e,o,t,5.8
4710,e,n,f,4.53
4711,e,y,f,6.15
4712,p,n,f,8.27
4713,p,w,t,7.79
4714,p,n,t,7.24
4715,p,n,f,10.25
4716,p,n,f,2.95
4717,p,n,f,5.24
4718,p,n,f,4.09
4719,e,w,f,3.43
4720,e,g,f,5.44
4721,p,n,f,8.55
4722,p,n,f,7.09
4723,p,n,t,6.01
4724,e,n,f,8.1
4725,e,w,f,3.69
4726,e,b,f,5.93
4727,p,w,f,4.83
4728,e,g,f,6.54
4729,e,n,f,5.08
4730,e,n,t,10.14
4731,p,y,f,5.96
4732,e,n,f,6.24
4733,e,n,f,5.55
4734,e,n,f,6.93
4735,e,n,f,6.43
4736,p,w,f,12.3
4737,e,w,f,3.48
4738,e,n,t,8.54
4739,p,n,f,4.91
4740,e,n,f,3.83
4741,e,n,f,5.29
4742,p,n,f,11.18
4743,e,g,f,5.19
4744,e,n,f,6.13
4745,p,e,f,5.63
4746,e,n,t,12.27
4747,p,n,f,8.86
4748,e,w,f,22.06
4749,p,l,f,4.59
4750,e,n,f,7.16
4751,e,n,f,6.18
4752,p,n,f,1.77
4753,e,n,f,13.59
4754,p,y,f,5.93
4755,p,y,f,8.15
4756,p,w,f,2.82
4757,e,w,f,3.44
4758,e,o,f,7.23
4759,p,n,t,4.75
4760,e,g,f,7.98
4761,p,r,f,5.63
4762,e,w,f,5.97
4763,p,y,f,3.6
4764,p,w,f,3.19
4765,p,g,t,8.31
4766,p,p,f,4.09
4767,e,g,f,4.71
4768,p,n,f,10.65
4769,p,g,f,5.53
4770,e,n,f,5.21
4771,p,n,f,5.61
4772,p,n,f,11.16
4773,p,u,f,3.36
4774,p,n,f,5.08
4775,e,n,f,5.91
4776,e,g,t,10.08
4777,e,g,f,6.21
4778,p,n,f,5.67
4779,e,n,f,12.15
4780,e,g,f,5.07
4781,e,n,f,7.07
4782,e,y,t,8.37
4783,e,n,f,5.52
4784,e,y,f,7.02
4785,p,r,f,11.27
4786,p,n,t,8.27
4787,p,p,f,4.22
4788,e,n,f,3.39
4789,e,e,f,4.17
4790,p,e,t,6.7
4791,e,b,f,6.77
4792,e,g,f,5.07
4793,e,g,f,5.36
4794,p,g,f,4.62
4795,e,n,f,7.18
4796,e,n,f,6.49
4797,p,n,f,4.41
4798,p,n,f,3.9
4799,p,g,f,11.25
4800,p,g,f,3.42
4801,e,n,f,5.91
4802,e,n,f,6.36
4803,e,n,f,12.55
4804,e,e,t,5.43
4805,p,o,f,3.36
4806,p,n,f,5.62
4807,e,n,f,4.86
4808,e,n,f,5.89
4809,p,y,f,7.88
4810,p,y,f,6.23
4811,e,n,t,9.1
4812,e,n,f,6.58
4813,p,n,f,3.79
4814,p,n,f,4.33
4815,p,u,f,5.25
4816,e,n,f,6.7
4817,p,n,f,4.86
4818,p,n,f,8.09
4819,e,n,f,5.5
4820,e,g,f,5.36
4821,e,n,f,5.8
4822,e,n,f,7.11
4823,p,n,f,9.26
4824,p,n,f,5.24
4825,p,n,f,4.25
4826,e,n,f,4.32
4827,p,y,f,5.26
4828,e,n,f,6.31
4829,e,g,f,4.78
4830,e,n,f,4.6
4831,p,n,f,1.71
4832,p,n,t,5.93
4833,p,g,f,7.4
4834,p,l,f,6.36
4835,e,w,f,5.48
4836,e,n,t,7.87
4837,e,w,f,4.66
4838,p,n,f,7.82
4839,e,u,f,4.19
4840,e,o,f,6.02
4841,p,g,f,2.69
4842,p,n,f,5.96
4843,p,w,f,8.02
4844,p,y,f,8.88
4845,p,g,t,7.48
4846,e,w,f,13.74
4847,p,w,f,3.28
4848,p,n,f,5.13
4849,e,n,f,7.62
4850,p,r,t,4.52
4851,e,n,f,4.98
4852,p,n,f,4.37
4853,e,n,f,8.46
4854,e,n,f,5.09
4855,e,n,t,9.83
4856,p,o,f,12.08
4857,e,n,t,7.37
4858,e,n,f,5.92
4859,p,n,f,1.47
4860,e,n,f,5.81
4861,e,n,f,5.29
4862,p,y,f,3.76
4863,p,u,t,9.35
4864,p,e,f,8.4
4865,e,k,f,3.51
4866,e,n,f,7.66
4867,p,o,f,5.69
4868,e,n,t,7.29
4869,e,g,f,4.86
4870,p,n,t,9.94
4871,p,n,f,5.24
4872,p,n,f,10.52
4873,p,o,f,2.64
4874,e,r,f,6.67
4875,p,n,f,8.42
4876,e,n,f,8.37
4877,e,g,t,9.49
4878,e,n,f,5.13
4879,e,o,f,15.07
4880,p,e,f,9.46
4881,p,n,f,7.68
4882,p,k,f,4.52
4883,p,y,f,1.5
4884,p,n,f,5.03
4885,e,n,f,9.59
4886,p,n,t,9.54
4887,p,n,f,4.85
4888,p,n,f,6.32
4889,p,n,f,5.36
4890,p,n,f,6.19
4891,e,w,f,7.61
4892,e,g,f,5.31
4893,e,n,f,6.58
4894,p,e,f,7.71
4895,e,n,f,9.34
4896,e,n,t,9.03
4897,e,u,f,4.75
4898,p,n,f,5.99
4899,e,n,f,4.91
4900,e,k,f,5.47
4901,p,n,f,5.39
4902,p,p,f,4.57
4903,e,k,f,3.73
4904,e,n,t,8.17
4905,p,n,f,13.65
4906,e,n,f,5.16
4907,p,y,f,2.18
4908,p,n,f,5.56
4909,p,e,f,3.81
4910,p,n,f,10.1
4911,p,n,f,4.64
4912,e,n,f,4.71
4913,e,n,f,5.22
4914,e,g,f,5.37
4915,e,u,f,6.03
4916,p,g,f,3.44
4917,e,w,f,6.02
4918,p,n,f,9.71
4919,p,o,f,5.36
4920,p,k,f,2.69
4921,e,n,f,4.84
4922,e,n,f,5.24
4923,p,e,f,7.98
4924,p,y,f,8.68
4925,p,n,f,4.28
4926,p,n,t,6.07
4927,e,n,f,8.24
4928,e,n,f,5.94
4929,p,n,f,4.78
4930,p,p,f,4.97
4931,p,y,f,3.54
4932,p,r,t,4.37
4933,e,n,f,7.09
4934,p,n,f,15.46
4935,e,n,t,5.61
4936,p,e,f,3.81
4937,p,k,f,3.42
4938,p,n,f,3.21
4939,p,n,f,5.68
4940,p,y,f,16.55
4941,p,n,t,7.03
4942,e,n,f,6.15
4943,e,n,f,6.96
4944,e,k,f,4.25
4945,e,o,t,6.11
4946,e,n,f,7.23
4947,p,n,t,3.58
4948,e,n,t,9.51
4949,e,n,f,4.74
4950,e,o,f,7.55
4951,p,p,t,6.98
4952,e,w,t,7.19
4953,p,p,t,8.76
4954,p,w,f,3.85
4955,p,y,f,7.66
4956,p,y,f,7.14
4957,p,r,f,5.63
4958,p,o,f,5.09
4959,p,n,f,4.56
4960,p,n,f,3.96
4961,e,g,f,7.57
4962,e,w,f,3.54
4963,p,y,f,6.43
4964,e,w,t,5.24
4965,p,n,t,10.13
4966,e,o,f,8.51
4967,p,n,f,5.75
4968,p,n,f,5.04
4969,p,w,f,7.96
4970,p,n,f,6.34
4971,e,n,t,10.93
4972,e,n,f,5.75
4973,p,n,f,4.88
4974,p,n,f,5.51
4975,e,e,f,5.68
4976,e,n,f,7.66
4977,p,n,f,6.01
4978,e,n,t,7.94
4979,e,n,f,4.86
4980,p,o,f,4.52
4981,p,n,f,4.68
4982,p,n,f,5.1
4983,e,n,t,4.87
4984,p,r,t,6.06
4985,p,o,f,1.61
4986,p,n,f,5.91
4987,e,w,f,4.54
4988,e,w,f,6.82
4989,e,w,f,3.35
4990,e,n,t,7.18
4991,e,g,f,5.0
4992,e,n,f,6.65
4993,p,n,f,9.57
4994,p,n,f,5.08
4995,e,u,t,4.61
4996,e,n,t,9.78
4997,p,y,f,8.37
4998,p,n,f,5.17
4999,p,p,f,5.96
5000,p,n,f,9.59
5001,p,g,f,3.21
5002,e,y,f,9.09
5003,p,e,f,6.74
5004,e,l,f,6.96
5005,p,n,t,4.99
5006,p,g,f,3.45
5007,e,n,f,6.4
5008,e,n,f,4.19
5009,p,u,f,4.73
5010,e,w,f,3.51
5011,p,e,f,3.44
5012,e,n,f,4.82
5013,p,g,f,2.68
5014,e,g,f,5.11
5015,e,u,t,3.58
5016,e,n,f,9.34
5017,p,y,t,5.28
5018,e,k,f,5.89
5019,p,w,f,2.82
5020,e,n,f,6.02
5021,p,o,f,6.14
5022,p,n,f,5.61
5023,p,g,f,5.73
5024,p,o,t,4.54
5025,p,n,f,7.23
5026,p,n,f,10.92
5027,e,k,f,5.58
5028,p,y,f,3.1
5029,e,w,f,6.31
5030,p,n,f,10.93
5031,p,g,f,4.99
5032,e,u,t,4.21
5033,e,e,f,8.4
5034,p,n,f,1.79
5035,e,n,f,4.89
5036,p,y,f,3.31
5037,e,n,f,4.31
5038,p,r,t,6.01
5039,e,y,f,6.08
5040,e,n,f,5.59
5041,e,w,f,3.78
5042,e,g,f,5.07
5043,p,n,f,5.73
5044,p,n,f,5.49
5045,p,k,f,6.19
5046,p,p,f,4.07
5047,p,n,f,5.54
5048,p,y,f,4.81
5049,e,n,f,5.71
5050,p,o,f,5.96
5051,p,n,f,3.77
5052,p,n,f,4.24
5053,e,n,t,8.49
5054,e,n,f,4.61
5055,e,n,f,5.28
5056,e,n,f,6.32
5057,p,n,f,5.96
5058,p,r,f,11.24
5059,e,n,f,6.28
5060,e,y,t,6.91
5061,p,y,f,5.98
5062,p,n,t,9.16
5063,e,n,f,4.24
5064,e,n,f,6.21
5065,p,n,f,6.05
5066,p,n,f,4.88
5067,e,y,f,7.27
5068,e,n,t,7.83
5069,p,o,f,4.24
5070,e,w,f,7.06
5071,e,y,f,6.2
5072,p,n,f,5.31
5073,p,e,f,4.41
5074,p,w,t,8.49
5075,p,n,f,10.85
5076,p,n,f,6.12
5077,e,n,f,4.92
5078,p,y,f,5.8
5079,p,n,f,1.93
5080,e,w,f,3.66
5081,p,n,f,4.96
5082,p,o,f,3.5
5083,p,o,f,3.28
5084,e,o,f,6.03
5085,e,n,f,4.61
5086,e,n,f,6.98
5087,p,n,f,5.81
5088,p,g,f,10.78
5089,e,y,f,4.53
5090,p,u,f,3.88
5091,e,g,f,9.56
5092,e,n,t,5.98
5093,p,y,f,6.54
5094,p,n,f,6.31
5095,p,y,f,5.19
5096,e,n,f,7.97
5097,p,n,f,9.79
5098,e,n,t,8.9
5099,p,n,f,7.03
5100,p,y,f,3.45
5101,p,y,f,6.21
5102,p,n,f,6.15
5103,p,y,f,7.99
5104,e,n,t,11.31
5105,e,n,f,6.7
5106,e,e,t,5.83
5107,p,r,f,10.84
5108,p,g,f,2.36
5109,e,n,f,5.39
5110,p,n,f,3.25
5111,p,g,f,3.05
5112,p,n,f,5.08
5113,p,n,f,4.68
5114,e,w,f,4.94
5115,e,w,f,3.7
5116,p,n,f,9.99
5117,e,n,f,12.87
5118,e,w,t,9.62
5119,p,n,f,10.01
5120,p,y,f,6.01
5121,p,w,t,8.26
5122,e,w,f,7.07
5123,e,n,f,6.79
5124,e,y,t,8.18
5125,p,n,t,4.38
5126,e,n,f,7.63
5127,e,n,f,8.36
5128,p,w,f,12.62
5129,e,n,f,5.36
5130,e,g,f,7.53
5131,e,n,f,5.58
5132,e,u,f,5.86
5133,p,r,t,5.27
5134,p,k,f,3.36
5135,p,n,f,10.91
5136,p,y,t,8.05
5137,e,n,f,6.2
5138,e,u,t,4.41
5139,p,e,f,6.16
5140,e,y,f,5.06
5141,p,e,t,6.04
5142,p,n,f,10.32
5143,p,n,f,9.87
5144,e,w,f,3.21
5145,e,w,t,6.44
5146,p,n,f,5.28
5147,e,n,f,5.47
5148,e,r,f,7.03
5149,p,y,f,5.82
5150,e,b,f,7.13
5151,p,n,f,7.75
5152,p,n,f,5.31
5153,e,n,f,7.25
5154,p,e,f,3.82
5155,p,y,f,3.01
5156,p,g,f,9.9
5157,e,n,f,9.05
5158,e,g,f,4.43
5159,p,e,f,7.22
5160,p,w,f,3.52
5161,e,n,f,5.32
5162,p,g,f,6.21
5163,p,o,f,3.31
5164,p,g,f,3.28
5165,p,n,f,8.18
5166,p,p,t,7.41
5167,e,n,f,4.94
5168,p,e,f,4.02
5169,p,w,f,5.59
5170,p,n,f,6.52
5171,p,o,f,2.98
5172,e,n,t,7.29
5173,e,y,f,6.46
5174,p,n,t,8.31
5175,p,n,f,5.5
5176,e,o,f,5.59
5177,e,y,t,7.51
5178,e,g,f,10.51
5179,e,b,f,5.23
5180,p,n,f,10.77
5181,e,n,f,6.26
5182,p,n,f,5.45
5183,p,p,t,7.6
5184,p,w,f,6.18
5185,p,g,t,4.5
5186,p,o,f,3.38
5187,p,w,f,2.96
5188,p,o,f,6.27
5189,e,n,f,5.51
5190,p,w,f,12.43
5191,p,n,f,9.94
5192,p,e,f,3.89
5193,e,n,f,5.32
5194,e,n,f,6.21
5195,p,k,f,3.4
5196,e,n,f,5.94
5197,e,g,f,7.1
5198,p,n,f,10.21
5199,e,y,f,6.93
5200,e,w,f,8.09
5201,p,u,f,5.04
5202,e,w,f,5.94
5203,e,y,f,6.4
5204,p,w,f,2.62
5205,e,n,t,9.25
5206,e,o,f,10.01
5207,p,n,f,3.35
5208,p,o,f,1.46
5209,p,o,f,3.1
5210,e,o,f,5.16
5211,e,w,f,3.64
5212,p,y,f,3.9
5213,e,g,f,5.77
5214,p,w,f,2.87
5215,p,l,f,4.77
5216,e,n,f,5.33
5217,e,y,f,8.3
5218,e,n,f,8.41
5219,e,g,f,3.01
5220,p,w,f,10.02
5221,e,n,t,6.21
5222,e,n,f,8.12
5223,e,w,f,4.27
5224,p,n,f,10.31
5225,e,n,t,7.32
5226,e,n,t,9.08
5227,p,y,f,3.8
5228,e,n,f,7.34
5229,e,g,f,5.54
5230,p,w,f,6.82
5231,e,y,f,6.21
5232,e,b,f,2.57
5233,p,e,f,8.13
5234,e,n,f,7.64
5235,e,y,f,5.84
5236,p,e,t,5.63
5237,p,u,f,7.31
5238,p,o,f,3.11
5239,p,n,f,3.56
5240,e,n,f,4.88
5241,p,y,f,6.17
5242,e,n,f,6.2
5243,p,y,f,5.41
5244,p,n,f,4.97
5245,p,y,f,6.43
5246,e,y,f,9.07
5247,p,p,f,3.45
5248,p,n,f,4.86
5249,e,b,f,4.84
5250,p,e,f,6.89
5251,e,n,f,6.28
5252,e,w,f,23.75
5253,e,o,f,5.98
5254,e,g,f,6.46
5255,p,e,f,4.55
5256,e,y,f,6.68
5257,p,y,f,5.42
5258,p,n,f,6.5
5259,p,n,f,3.57
5260,e,y,t,9.13
5261,p,g,f,6.32
5262,e,n,f,5.53
5263,p,y,f,5.77
5264,p,n,t,5.71
5265,p,n,f,6.47
5266,e,n,f,5.99
5267,e,y,f,9.08
5268,p,n,f,7.85
5269,p,w,f,14.46
5270,p,n,f,5.55
5271,p,w,f,7.99
5272,p,o,f,16.96
5273,p,n,t,8.42
5274,e,l,f,7.34
5275,p,w,t,8.01
5276,e,y,f,8.78
5277,e,g,f,9.1
5278,p,w,f,13.58
5279,p,n,f,9.92
5280,p,w,f,13.37
5281,e,y,f,9.27
5282,p,n,f,11.71
5283,p,n,f,9.1
5284,p,n,f,9.99
5285,p,r,t,5.14
5286,p,u,f,6.09
5287,e,w,f,23.95
5288,e,n,f,4.42
5289,e,n,t,7.19
5290,e,g,f,7.39
5291,e,n,f,6.14
5292,e,n,f,5.88
5293,p,r,f,5.92
5294,p,n,f,5.34
5295,e,n,f,7.37
5296,e,y,f,5.66
5297,p,n,f,5.74
5298,e,y,f,6.57
5299,e,y,f,9.28
5300,e,u,f,4.93
5301,e,n,f,7.32
5302,e,n,f,7.03
5303,p,y,f,3.61
5304,p,n,t,8.28
5305,p,p,f,3.93
5306,p,n,f,5.08
5307,p,n,t,6.06
5308,e,g,t,11.22
5309,p,p,t,8.57
5310,p,y,f,4.73
5311,p,l,f,6.49
5312,p,n,f,7.46
5313,e,y,f,3.79
5314,p,y,f,3.35
5315,e,e,f,4.35
5316,p,e,f,6.11
5317,e,n,f,6.32
5318,e,n,f,6.54
5319,p,w,t,5.92
5320,p,o,f,3.66
5321,p,r,f,1.48
5322,e,y,f,5.84
5323,p,n,t,4.11
5324,p,n,f,5.53
5325,p,n,f,4.74
5326,p,u,f,3.81
5327,e,w,f,3.24
5328,p,y,f,3.61
5329,e,w,f,7.76
5330,p,e,f,17.35
5331,e,n,f,7.14
5332,e,r,f,7.56
5333,p,n,f,12.36
5334,p,w,f,7.05
5335,e,p,f,8.18
5336,p,y,f,8.05
5337,e,n,f,3.86
5338,p,e,f,2.66
5339,p,l,f,3.86
5340,p,n,f,12.05
5341,e,n,f,5.92
5342,e,g,f,2.92
5343,e,w,t,5.17
5344,e,n,t,7.23
5345,p,n,f,11.82
5346,p,w,f,4.54
5347,e,n,t,4.42
5348,e,y,f,6.04
5349,p,y,f,4.1
5350,e,n,f,4.93
5351,e,g,t,11.72
5352,e,u,f,4.72
5353,e,w,f,3.5
5354,p,n,f,6.79
5355,e,w,f,6.35
5356,e,n,f,6.37
5357,e,n,f,4.96
5358,e,n,f,7.24
5359,e,w,f,4.28
5360,e,w,f,8.03
5361,p,o,f,4.79
5362,e,n,f,6.58
5363,e,u,f,7.18
5364,p,y,f,6.81
5365,e,n,f,4.16
5366,p,e,f,3.62
5367,e,n,t,6.57
5368,e,w,f,12.15
5369,p,n,f,5.94
5370,e,n,f,4.72
5371,e,w,f,3.66
5372,p,y,f,5.95
5373,e,o,t,6.07
5374,e,n,f,7.51
5375,p,n,f,7.47
5376,e,n,f,5.28
5377,e,n,f,4.14
5378,e,b,f,2.49
5379,p,r,f,10.73
5380,p,y,f,10.76
5381,p,n,f,5.19
5382,p,n,t,5.2
5383,p,n,f,3.84
5384,p,p,t,7.61
5385,e,n,f,7.68
5386,p,r,t,4.92
5387,e,n,t,12.14
5388,p,n,f,5.99
5389,p,n,f,4.5
5390,p,n,f,3.26
5391,e,r,f,6.75
5392,p,n,f,5.24
5393,e,w,f,3.8
5394,p,n,f,5.12
5395,p,g,f,2.88
5396,e,g,f,2.82
5397,e,n,f,11.02
5398,e,n,t,5.54
5399,e,g,f,4.43
5400,p,w,t,8.36
5401,p,y,f,6.58
5402,e,y,f,6.62
5403,p,n,f,5.18
5404,e,y,f,6.19
5405,p,n,f,6.18
5406,e,y,f,6.21
5407,p,g,f,3.24
5408,p,n,f,3.93
5409,p,u,f,4.77
5410,e,l,f,8.28
5411,e,n,f,6.74
5412,p,k,f,7.02
5413,e,y,f,3.59
5414,p,w,f,2.8
5415,p,e,f,6.19
5416,p,e,f,8.3
5417,e,y,f,8.84
5418,p,w,f,2.77
5419,p,e,f,6.38
5420,e,n,f,6.33
5421,p,e,f,5.06
5422,e,w,f,3.52
5423,p,n,f,3.25
5424,p,n,t,6.65
5425,e,n,t,8.05
5426,p,n,f,3.38
5427,p,n,f,5.53
5428,e,n,t,5.55
5429,p,n,f,5.68
5430,e,w,f,3.36
5431,p,p,f,3.65
5432,e,y,t,8.2
5433,p,e,f,8.23
5434,p,e,f,13.85
5435,p,n,t,5.63
5436,p,n,f,7.47
5437,e,n,f,6.16
5438,p,o,f,1.0
5439,e,w,t,7.76
5440,p,n,f,4.69
5441,p,r,f,4.62
5442,p,n,f,6.29
5443,p,r,t,4.39
5444,e,n,f,6.05
5445,p,w,t,5.85
5446,p,r,t,4.92
5447,e,n,f,5.49
5448,e,n,f,4.82
5449,p,n,f,5.51
5450,p,w,f,9.4
5451,p,y,f,7.01
5452,e,e,f,7.08
5453,e,n,f,4.67
5454,p,g,f,5.31
5455,e,g,f,5.03
5456,p,n,f,4.46
5457,e,n,f,6.19
5458,p,y,f,3.34
5459,p,o,f,4.37
5460,p,y,f,9.88
5461,p,k,f,7.38
5462,p,e,f,3.89
5463,e,y,f,5.36
5464,p,n,f,6.08
5465,e,b,f,4.88
5466,p,g,f,5.17
5467,e,k,t,5.21
5468,p,e,f,4.54
5469,p,y,f,6.92
5470,p,r,f,4.69
5471,p,n,f,7.0
5472,p,l,f,4.96
5473,p,n,f,6.38
5474,p,y,f,6.52
5475,p,n,f,10.22
5476,e,y,f,5.75
5477,p,w,t,8.16
5478,e,n,f,5.09
5479,p,n,f,11.12
5480,p,g,f,3.49
5481,p,o,f,2.51
5482,p,k,f,3.43
5483,e,p,t,4.89
5484,e,n,f,9.36
5485,p,w,f,7.92
5486,p,k,f,5.24
5487,e,n,f,7.07
5488,p,n,f,5.15
5489,p,n,t,10.26
5490,e,n,f,6.03
5491,p,y,f,8.07
5492,p,g,t,9.55
5493,p,n,t,8.42
5494,p,n,f,5.64
5495,p,y,f,7.63
5496,p,e,f,6.41
5497,e,g,f,4.89
5498,p,o,f,3.22
5499,e,k,f,4.59
5500,e,w,t,5.06
5501,p,w,f,5.77
5502,e,e,f,6.36
5503,p,r,f,10.73
5504,p,e,f,4.09
5505,e,n,f,6.43
5506,p,w,t,5.56
5507,e,n,t,11.15
5508,e,n,f,5.48
5509,e,n,f,3.52
5510,p,n,f,9.01
5511,p,u,f,7.02
5512,e,b,f,6.04
5513,e,n,t,10.01
5514,e,w,f,3.1
5515,p,w,f,4.18
5516,e,y,f,6.93
5517,e,n,f,7.32
5518,p,w,f,11.47
5519,e,n,f,8.34
5520,p,w,f,3.57
5521,e,y,f,7.76
5522,p,r,f,11.0
5523,p,e,f,5.95
5524,e,n,t,9.46
5525,p,y,f,7.01
5526,e,n,f,5.82
5527,p,n,f,6.15
5528,p,k,f,7.51
5529,e,n,f,8.21
5530,p,n,t,6.33
5531,p,w,f,11.07
5532,p,n,f,5.02
5533,e,w,t,9.15
5534,p,n,f,9.28
5535,p,o,f,5.06
5536,e,n,f,6.52
5537,p,n,f,7.68
5538,e,e,f,6.99
5539,e,n,f,5.33
5540,p,n,f,9.37
5541,e,n,f,6.21
5542,e,n,f,5.04
5543,p,u,f,2.32
5544,p,n,f,11.06
5545,e,n,t,10.94
5546,e,k,f,4.42
5547,p,w,f,5.1
5548,p,w,f,3.57
5549,p,y,f,1.99
5550,p,w,f,6.46
5551,p,n,f,7.6
5552,p,n,f,4.07
5553,e,l,f,7.18
5554,p,w,f,4.27
5555,e,y,f,7.38
5556,p,n,f,4.7
5557,p,w,t,9.03
5558,e,b,f,4.64
5559,e,u,f,4.62
5560,e,n,f,14.59
5561,p,n,f,4.05
5562,e,n,f,6.4
5563,e,n,f,4.31
5564,p,e,f,6.37
5565,p,n,f,4.77
5566,e,y,f,3.4
5567,e,n,f,6.87
5568,e,g,f,8.56
5569,e,n,f,6.82
5570,p,n,t,6.65
5571,p,n,f,5.28
5572,e,o,f,4.53
5573,p,n,f,4.4
5574,e,n,f,7.37
5575,p,n,t,6.65
5576,e,n,f,6.76
5577,e,n,f,3.43
5578,p,w,f,4.14
5579,p,r,f,5.8
5580,p,n,t,5.63
5581,e,y,f,8.23
5582,e,n,f,5.99
5583,p,w,t,5.54
5584,p,n,f,4.6
5585,p,n,f,3.07
5586,e,n,t,4.59
5587,e,b,f,5.69
5588,p,n,t,4.7
5589,e,n,f,11.55
5590,p,e,f,8.31
5591,e,n,f,9.87
5592,p,n,f,7.8
5593,e,o,f,5.47
5594,e,n,f,5.53
5595,p,n,f,10.51
5596,e,e,f,4.24
5597,e,o,f,9.9
5598,p,n,f,11.18
5599,e,n,f,4.65
5600,p,n,f,4.1
5601,e,p,t,6.58
5602,e,n,f,7.58
5603,p,p,f,4.81
5604,p,n,f,7.89
5605,e,y,f,6.13
5606,p,e,t,5.47
5607,e,w,f,22.61
5608,p,e,f,3.77
5609,p,n,t,4.07
5610,p,o,f,3.65
5611,e,b,f,5.0
5612,e,w,t,10.64
5613,p,n,f,5.53
5614,p,o,f,6.25
5615,p,y,f,5.47
5616,p,k,f,4.96
5617,p,y,f,3.36
5618,p,n,f,6.06
5619,p,y,t,9.01
5620,e,w,f,2.63
5621,e,n,t,9.16
5622,e,n,t,8.06
5623,e,g,f,4.62
5624,p,o,f,18.42
5625,p,n,f,5.58
5626,e,n,f,4.5
5627,p,n,f,9.84
5628,p,n,f,4.2
5629,e,n,f,5.91
5630,p,n,f,3.92
5631,e,n,f,6.04
5632,e,n,f,6.81
5633,e,e,f,17.44
5634,e,e,f,7.29
5635,p,r,f,1.28
5636,e,n,t,9.59
5637,e,g,f,6.49
5638,e,n,f,6.26
5639,p,w,f,11.62
5640,e,n,f,4.92
5641,e,n,f,5.99
5642,p,n,f,6.33
5643,e,g,t,4.21
5644,p,n,f,9.19
5645,e,n,f,6.77
5646,p,r,t,5.55
5647,e,n,f,4.92
5648,p,w,f,7.24
5649,p,r,f,6.7
5650,p,n,f,7.52
5651,p,g,f,2.77
5652,e,y,f,7.19
5653,p,w,t,7.74
5654,p,e,f,5.89
5655,e,n,t,8.07
5656,e,n,t,8.95
5657,e,n,t,11.46
5658,e,w,t,5.75
5659,e,n,f,8.18
5660,p,k,f,5.98
5661,p,o,f,4.47
5662,e,w,f,3.74
5663,p,w,f,12.89
5664,p,y,t,8.45
5665,p,y,f,3.63
5666,p,n,f,6.71
5667,p,n,f,10.37
5668,e,n,f,4.4
5669,p,n,f,4.53
5670,e,y,t,8.47
5671,p,w,f,3.31
5672,e,w,t,7.53
5673,e,p,f,7.52
5674,e,e,t,5.61
5675,p,w,f,14.16
5676,e,g,f,5.16
5677,p,w,f,2.89
5678,p,y,f,2.93
5679,p,n,f,5.19
5680,e,w,t,6.18
5681,e,w,f,6.93
5682,e,n,f,5.5
5683,p,u,f,5.53
5684,p,w,f,3.24
5685,p,w,f,7.85
5686,p,n,f,3.76
5687,e,n,f,16.27
5688,e,w,t,5.54
5689,e,e,t,5.49
5690,p,w,f,11.24
5691,e,n,f,5.33
5692,p,e,f,4.2
5693,p,n,f,12.43
5694,p,e,f,6.38
5695,p,y,f,3.87
5696,p,n,f,9.49
5697,e,g,f,5.85
5698,e,b,f,5.05
5699,e,o,f,8.84
5700,p,y,t,7.65
5701,p,n,f,5.87
5702,p,g,f,10.59
5703,e,y,f,6.27
5704,e,n,t,4.41
5705,p,o,f,5.84
5706,e,n,f,6.21
5707,p,w,f,13.4
5708,p,e,t,5.51
5709,e,y,f,3.69
5710,e,o,f,5.08
5711,p,y,f,4.89
5712,p,e,t,7.17
5713,e,g,f,5.1
5714,p,n,f,6.73
5715,p,w,f,5.46
5716,p,o,f,4.82
5717,p,n,f,3.7
5718,p,n,f,4.9
5719,p,y,f,4.21
5720,p,b,f,5.31
5721,p,n,f,3.76
5722,e,y,f,3.84
5723,e,p,t,4.15
5724,p,n,f,6.07
5725,p,n,f,4.89
5726,p,y,f,6.54
5727,e,y,t,6.31
5728,p,e,f,16.65
5729,p,y,f,5.47
5730,p,w,f,9.99
5731,p,n,f,3.79
5732,e,n,f,4.61
5733,e,w,f,7.8
5734,e,n,f,6.03
5735,p,n,t,7.2
5736,p,u,f,5.65
5737,e,y,f,3.77
5738,p,p,f,4.84
5739,p,w,f,5.3
5740,e,n,t,6.91
5741,e,w,f,17.59
5742,p,n,f,13.54
5743,e,y,f,7.92
5744,p,w,f,6.73
5745,p,w,f,3.98
5746,e,n,t,9.96
5747,p,k,f,8.52
5748,p,w,f,8.04
5749,e,e,f,7.85
5750,p,w,f,2.68
5751,p,n,f,6.3
5752,e,w,f,2.61
5753,e,n,f,5.2
5754,p,g,f,10.92
5755,p,w,f,11.03
5756,p,n,f,5.36
5757,p,n,f,5.77
5758,p,n,f,10.9
5759,p,w,f,12.52
5760,p,n,f,15.71
5761,p,w,f,3.49
5762,e,b,f,4.96
5763,p,n,f,11.05
5764,p,e,f,7.04
5765,e,n,f,5.32
5766,e,n,f,4.82
5767,p,n,f,7.85
5768,p,o,f,3.48
5769,p,y,f,4.9
5770,p,e,f,6.45
5771,e,g,f,2.82
5772,e,n,f,7.53
5773,p,g,f,2.73
5774,p,n,t,4.77
5775,e,w,f,3.49
5776,p,e,f,5.54
5777,p,n,f,11.29
5778,p,n,f,7.48
5779,p,n,f,10.49
5780,p,g,f,6.23
5781,p,y,f,4.93
5782,e,b,f,5.62
5783,p,y,f,7.41
5784,p,o,f,3.31
5785,p,n,f,5.45
5786,e,n,f,4.42
5787,p,u,f,4.92
5788,e,n,f,5.01
5789,e,w,f,4.8
5790,p,n,f,8.33
5791,e,w,f,5.89
5792,p,p,f,4.81
5793,e,w,f,23.1
5794,p,n,f,4.87
5795,p,n,t,8.9
5796,e,w,f,6.08
5797,e,b,f,7.02
5798,p,e,f,6.46
5799,e,y,f,6.24
5800,p,n,f,8.55
5801,e,n,f,6.43
5802,e,w,t,5.69
5803,e,n,f,10.51
5804,p,n,f,4.62
5805,p,n,f,4.24
5806,e,n,t,12.28
5807,p,n,f,5.28
5808,p,n,f,4.25
5809,p,e,f,8.45
5810,p,g,f,5.91
5811,e,n,t,7.59
5812,e,n,f,4.78
5813,e,n,f,4.6
5814,p,o,f,5.18
5815,p,g,f,5.3
5816,e,n,f,5.77
5817,e,y,f,5.94
5818,p,g,f,5.44
5819,e,b,f,5.03
5820,e,g,f,3.28
5821,e,p,f,7.26
5822,p,n,t,9.29
5823,p,n,f,5.91
5824,p,w,f,9.53
5825,e,y,f,6.19
5826,e,g,f,4.31
5827,e,n,f,4.61
5828,e,g,t,4.45
5829,p,g,f,11.1
5830,p,e,f,6.99
5831,e,n,f,7.28
5832,p,n,f,9.78
5833,e,n,f,7.28
5834,e,b,f,5.02
5835,e,n,f,5.59
5836,p,p,f,3.89
5837,p,p,f,3.67
5838,p,e,f,8.88
5839,p,p,f,4.08
5840,p,w,f,12.4
5841,e,e,f,4.08
5842,e,o,f,4.23
5843,e,n,f,6.9
5844,e,u,f,4.53
5845,p,r,f,5.44
5846,e,w,f,3.56
5847,e,n,f,5.81
5848,e,n,f,5.05
5849,p,n,t,9.27
5850,e,g,f,2.62
5851,p,r,f,11.32
5852,e,o,f,5.19
5853,p,n,f,6.31
5854,p,n,f,11.29
5855,e,g,f,3.14
5856,p,g,t,9.3
5857,p,n,f,2.89
5858,p,n,f,8.32
5859,e,b,f,2.24
5860,e,n,f,6.34
5861,p,n,f,5.62
5862,e,n,t,7.81
5863,p,n,f,4.39
5864,p,n,f,4.74
5865,p,r,f,6.34
5866,p,n,f,5.52
5867,e,l,f,7.13
5868,e,u,f,7.39
5869,p,r,t,5.07
5870,p,o,f,10.46
5871,p,u,f,4.47
5872,e,w,f,4.94
5873,p,y,f,1.89
5874,p,e,f,4.75
5875,p,y,f,6.38
5876,p,n,f,8.66
5877,p,o,f,4.59
5878,p,r,f,11.39
5879,p,w,f,4.31
5880,e,n,t,9.43
5881,e,g,f,3.72
5882,p,y,f,3.6
5883,p,p,f,5.05
5884,e,k,f,9.46
5885,p,w,f,2.46
5886,e,n,f,5.49
5887,e,n,f,7.64
5888,e,n,f,5.61
5889,e,u,f,6.04
5890,e,y,t,5.63
5891,p,y,f,2.94
5892,p,e,t,5.4
5893,p,w,f,13.42
5894,e,n,f,8.91
5895,p,n,f,5.62
5896,e,b,f,5.75
5897,e,e,t,5.96
5898,p,n,f,3.59
5899,e,e,f,4.34
5900,e,n,f,6.19
5901,e,e,t,6.67
5902,p,w,f,8.12
5903,p,n,f,5.32
5904,e,n,f,7.23
5905,e,w,f,6.97
5906,e,n,f,6.16
5907,p,e,f,6.61
5908,e,n,f,6.93
5909,p,n,t,8.27
5910,e,w,f,21.32
5911,p,n,f,6.75
5912,p,p,f,3.53
5913,p,n,f,5.48
5914,p,o,f,2.91
5915,p,y,f,6.11
5916,p,w,f,6.15
5917,e,n,f,7.66
5918,p,n,f,6.01
5919,e,w,t,9.84
5920,p,w,f,4.56
5921,e,l,f,7.3
5922,e,e,t,6.24
5923,p,n,f,7.98
5924,p,y,f,3.6
5925,e,n,f,5.24
5926,e,n,f,4.92
5927,e,g,f,5.27
5928,p,n,f,10.93
5929,e,n,f,8.02
5930,e,n,f,6.49
5931,p,o,f,10.04
5932,p,g,f,5.73
5933,e,n,f,4.22
5934,e,o,f,8.36
5935,p,n,t,5.86
5936,p,n,f,7.85
5937,e,w,f,3.45
5938,p,n,f,5.32
5939,e,n,f,7.8
5940,e,n,f,6.27
5941,e,w,f,3.38
5942,e,n,f,5.59
5943,p,n,t,5.89
5944,p,e,f,5.37
5945,e,p,t,5.89
5946,p,n,f,10.82
5947,p,o,f,10.41
5948,p,y,f,3.78
5949,e,g,f,7.13
5950,p,y,f,4.74
5951,p,n,f,11.31
5952,e,w,t,5.19
5953,p,e,t,7.06
5954,p,w,f,13.28
5955,p,y,f,8.76
5956,p,n,f,5.47
5957,p,n,f,5.56
5958,p,w,f,2.73
5959,p,n,f,5.88
5960,p,e,f,6.84
5961,e,n,f,5.24
5962,p,w,f,5.35
5963,e,e,f,7.98
5964,e,n,f,6.34
5965,p,n,f,3.68
5966,p,w,t,7.04
5967,p,y,f,4.67
5968,p,n,f,1.54
5969,p,g,f,6.37
5970,e,n,f,6.06
5971,p,w,t,6.03
5972,p,n,t,5.43
5973,e,o,f,4.15
5974,p,e,f,8.48
5975,p,e,f,13.42
5976,p,y,f,1.64
5977,e,y,f,5.47
5978,p,u,f,5.52
5979,p,k,f,5.68
5980,e,g,f,9.0
5981,p,n,f,2.38
5982,e,n,f,4.64
5983,p,n,t,7.55
5984,p,n,f,3.76
5985,p,n,f,5.86
5986,p,w,f,4.24
5987,e,y,t,7.06
5988,p,w,f,2.77
5989,e,y,f,5.69
5990,e,n,t,6.74
5991,p,w,f,12.92
5992,e,n,f,4.42
5993,e,y,t,8.26
5994,p,n,f,8.21
5995,e,n,f,5.8
5996,p,n,f,8.18
5997,p,n,f,6.08
5998,e,g,f,4.98
5999,p,r,f,10.48
6000,e,e,t,5.92
6001,p,n,f,9.29
6002,p,p,f,4.27
6003,e,n,f,4.98
6004,p,n,f,5.22
6005,e,n,t,6.31
6006,e,e,t,5.22
6007,p,n,f,5.17
6008,p,e,f,6.68
6009,p,e,f,6.49
6010,e,n,f,6.32
6011,e,k,f,5.32
6012,p,n,t,3.45
6013,p,n,f,5.97
6014,p,n,f,5.18
6015,e,y,t,7.65
6016,e,n,f,5.14
6017,p,n,f,4.27
6018,p,n,f,4.68
6019,e,n,f,5.64
6020,e,e,t,5.91
6021,e,w,f,3.29
6022,p,n,f,3.65
6023,e,e,t,5.96
6024,p,r,t,5.62
6025,e,n,f,7.71
6026,p,y,f,7.95
6027,p,n,f,6.23
6028,p,o,f,1.54
6029,p,n,f,5.08
6030,p,n,f,7.17
6031,e,w,f,2.89
6032,p,p,f,4.74
6033,p,g,f,3.47
6034,p,n,f,4.96
6035,e,e,f,4.79
6036,e,n,f,18.45
6037,p,n,f,5.0
6038,p,e,f,6.71
6039,e,g,f,7.18
6040,p,y,f,2.97
6041,p,n,f,8.47
6042,p,n,f,9.41
6043,e,n,f,6.36
6044,e,n,f,4.48
6045,p,w,f,13.45
6046,p,n,t,3.54
6047,e,b,f,6.58
6048,e,n,f,6.86
6049,e,n,f,11.55
6050,e,u,f,4.37
6051,e,g,f,7.21
6052,p,n,f,7.6
6053,e,n,f,5.75
6054,p,g,f,10.75
6055,p,w,f,13.05
6056,e,g,f,2.63
6057,p,n,f,3.64
6058,p,n,f,4.78
6059,p,g,f,9.75
6060,p,o,f,2.74
6061,p,n,f,5.68
6062,p,n,f,3.73
6063,e,g,f,9.01
6064,p,p,f,5.1
6065,e,g,f,5.71
6066,e,g,f,7.33
6067,p,n,f,3.96
6068,e,w,f,5.46
6069,e,n,f,7.13
6070,p,o,f,3.89
6071,e,w,f,5.75
6072,e,n,f,5.06
6073,p,y,f,6.67
6074,e,n,f,4.33
6075,p,n,t,4.74
6076,p,n,f,5.68
6077,e,y,f,5.62
6078,p,w,f,10.49
6079,e,y,f,3.51
6080,e,n,f,4.88
6081,p,o,f,3.46
6082,e,n,f,4.78
6083,e,u,f,5.92
6084,e,w,f,7.24
6085,p,y,f,8.15
6086,p,n,f,5.47
6087,e,n,f,5.41
6088,p,y,f,3.46
6089,e,y,f,7.73
6090,p,y,f,5.38
6091,e,n,f,4.73
6092,p,w,f,2.61
6093,p,p,f,4.95
6094,e,n,t,9.46
6095,p,n,f,5.09
6096,p,n,f,5.24
6097,e,n,f,4.09
6098,e,w,f,17.49
6099,e,n,t,6.83
6100,p,n,t,5.45
6101,p,n,f,5.35
6102,e,w,f,2.39
6103,e,b,f,4.93
6104,p,w,f,2.58
6105,p,p,f,4.86
6106,p,w,f,3.93
6107,p,n,f,10.85
6108,p,n,f,6.15
6109,p,n,f,5.59
6110,p,r,f,4.75
6111,p,w,f,10.65
6112,e,n,t,12.15
6113,p,o,f,4.54
6114,e,y,f,6.4
6115,p,n,f,5.24
6116,e,w,f,6.37
6117,e,g,f,5.36
6118,p,r,f,4.77
6119,e,y,f,6.6
6120,p,n,f,5.99
6121,e,n,f,6.43
6122,e,y,f,6.0
6123,e,g,f,5.38
6124,e,n,t,9.49
6125,p,n,t,3.06
6126,p,p,t,7.84
6127,p,y,f,6.65
6128,p,g,f,3.32
6129,p,y,f,6.04
6130,p,n,f,9.98
6131,p,r,f,11.32
6132,p,y,f,4.78
6133,e,n,f,5.39
6134,e,n,f,5.75
6135,p,w,f,12.55
6136,p,y,f,4.92
6137,p,y,f,5.95
6138,e,n,f,5.06
6139,p,n,f,5.84
6140,e,y,f,7.6
6141,e,n,f,5.94
6142,e,n,t,7.71
6143,e,o,f,5.86
6144,e,n,f,4.96
6145,e,w,f,4.64
6146,p,y,f,3.3
6147,p,w,f,16.67
6148,p,n,f,5.08
6149,e,o,f,5.19
6150,e,w,f,4.28
6151,e,y,f,6.99
6152,p,w,f,2.97
6153,e,o,f,7.08
6154,p,g,f,11.71
6155,p,p,f,4.86
6156,e,n,f,5.1
6157,e,y,f,6.66
6158,e,w,f,2.52
6159,p,e,f,6.58
6160,e,o,f,4.56
6161,e,e,t,5.51
6162,p,n,f,4.43
6163,p,y,f,5.64
6164,p,p,f,4.92
6165,e,o,f,10.1
6166,p,y,f,5.26
6167,p,n,f,3.79
6168,e,n,f,7.64
6169,p,n,f,7.13
6170,p,w,f,2.66
6171,e,l,f,6.04
6172,e,n,f,7.05
6173,p,n,f,8.71
6174,p,o,f,5.96
6175,p,e,f,5.11
6176,p,w,t,7.33
6177,p,e,f,5.39
6178,e,n,f,6.89
6179,p,w,f,4.08
6180,e,b,f,5.71
6181,e,k,f,4.3
6182,p,y,f,5.82
6183,p,n,f,8.41
6184,p,l,f,5.91
6185,p,n,f,10.54
6186,p,p,t,7.1
6187,e,w,f,6.19
6188,p,y,f,3.06
6189,p,g,f,11.1
6190,e,y,f,4.13
6191,p,y,f,3.44
6192,p,n,f,9.74
6193,p,n,f,5.36
6194,e,n,f,6.28
6195,e,w,f,3.82
6196,e,n,t,8.05
6197,e,n,t,8.82
6198,p,w,f,12.77
6199,p,e,f,3.63
6200,p,e,f,7.16
6201,e,y,f,8.27
6202,p,n,f,9.82
6203,p,w,t,8.45
6204,p,b,f,4.96
6205,p,p,f,4.52
6206,p,n,f,4.09
6207,p,n,f,3.81
6208,p,n,f,4.33
6209,p,n,f,10.88
6210,p,u,f,4.41
6211,p,y,f,6.27
6212,e,n,f,5.93
6213,e,y,f,5.96
6214,e,g,f,4.95
6215,e,n,f,4.07
6216,p,g,f,8.22
6217,p,n,f,4.87
6218,e,p,f,8.52
6219,p,e,f,8.81
6220,e,w,f,5.22
6221,p,r,f,11.53
6222,e,w,f,3.6
6223,e,b,f,5.76
6224,e,n,f,6.37
6225,e,g,f,6.83
6226,p,n,f,4.85
6227,e,n,f,4.1
6228,e,w,f,4.89
6229,p,n,f,11.15
6230,e,e,f,13.18
6231,p,n,f,8.6
6232,e,w,f,5.34
6233,e,n,f,4.54
6234,p,n,f,8.46
6235,e,w,t,5.96
6236,e,y,t,8.17
6237,e,y,f,5.55
6238,e,n,f,4.75
6239,e,n,f,7.0
6240,p,g,f,5.46
6241,e,e,t,7.05
6242,p,n,f,4.6
6243,e,w,f,5.19
6244,p,n,f,4.66
6245,p,n,f,6.49
6246,p,n,t,9.4
6247,p,y,f,8.13
6248,p,y,f,3.59
6249,p,n,f,7.14
6250,p,n,f,7.83
6251,e,n,t,4.98
6252,e,l,f,7.27
6253,e,n,t,7.28
6254,e,n,f,6.09
6255,p,n,f,3.68
6256,e,w,f,4.81
6257,e,n,f,5.08
6258,p,o,f,4.88
6259,e,n,f,12.3
6260,p,n,f,3.56
6261,e,n,f,4.76
6262,p,p,f,3.62
6263,e,p,t,5.63
6264,p,n,f,15.27
6265,e,g,f,4.97
6266,e,n,f,6.58
6267,e,n,t,7.46
6268,p,n,f,2.78
6269,p,n,f,9.32
6270,e,n,f,6.53
6271,p,y,f,7.75
6272,e,w,f,5.4
6273,p,y,f,3.76
6274,p,w,f,3.97
6275,p,n,f,5.37
6276,p,l,f,4.09
6277,p,n,f,6.04
6278,p,p,f,4.39
6279,p,n,f,15.61
6280,e,w,t,7.1
6281,p,e,f,8.5
6282,p,w,f,12.05
6283,p,y,f,2.98
6284,e,n,f,5.07
6285,e,n,f,5.12
6286,e,w,f,7.87
6287,e,n,f,4.7
6288,p,o,f,7.72
6289,p,w,f,3.53
6290,e,k,f,3.64
6291,e,g,f,5.6
6292,p,w,f,3.47
6293,e,n,t,9.34
6294,e,n,t,7.55
6295,e,n,t,9.24
6296,e,n,f,6.2
6297,p,y,t,7.6
6298,e,n,f,4.44
6299,p,r,f,6.14
6300,e,n,f,6.65
6301,p,e,f,5.75
6302,e,g,f,5.23
6303,p,n,f,5.28
6304,e,n,t,8.36
6305,p,n,t,6.62
6306,p,w,f,4.1
6307,p,n,f,4.91
6308,p,n,f,10.73
6309,p,n,f,4.63
6310,p,n,f,3.43
6311,e,y,f,7.04
6312,e,n,f,6.21
6313,p,u,f,4.43
6314,p,n,f,5.14
6315,e,n,f,5.17
6316,e,b,f,4.94
6317,p,e,t,5.45
6318,e,n,f,4.99
6319,e,g,t,11.18
6320,e,w,f,3.59
6321,p,l,f,5.86
6322,p,n,t,5.96
6323,p,n,f,6.37
6324,p,e,t,6.25
6325,e,b,f,6.64
6326,e,n,f,6.02
6327,p,o,t,3.22
6328,e,n,f,9.87
6329,p,o,t,5.5
6330,p,y,t,7.06
6331,p,y,f,3.49
6332,p,y,f,7.42
6333,e,y,f,6.2
6334,e,n,f,6.97
6335,e,n,f,6.88
6336,p,e,f,7.51
6337,e,n,t,11.0
6338,e,n,f,4.83
6339,p,n,f,5.3
6340,e,w,t,19.38
6341,e,k,f,4.67
6342,e,e,f,5.47
6343,p,w,t,8.41
6344,e,n,f,6.03
6345,e,n,f,4.96
6346,e,n,f,5.05
6347,p,g,t,4.66
6348,p,o,f,9.76
6349,p,n,f,6.01
6350,p,n,f,2.96
6351,p,e,f,6.52
6352,p,e,f,4.51
6353,e,y,f,6.63
6354,e,g,f,8.15
6355,p,n,f,7.69
6356,e,n,t,7.31
6357,e,g,f,7.2
6358,p,y,f,6.03
6359,p,k,f,10.75
6360,p,y,f,5.35
6361,p,y,f,5.65
6362,e,g,f,3.19
6363,p,y,f,9.28
6364,p,p,f,4.66
6365,p,y,f,6.43
6366,p,o,f,4.27
6367,e,p,f,7.87
6368,p,n,f,8.27
6369,p,n,f,9.78
6370,e,n,f,4.7
6371,p,e,f,4.31
6372,e,n,f,6.01
6373,p,y,f,2.63
6374,p,w,f,4.55
6375,e,y,f,6.49
6376,p,n,f,7.31
6377,p,n,f,5.46
6378,e,y,t,8.09
6379,e,n,f,5.35
6380,p,n,f,6.31
6381,p,u,f,5.23
6382,e,n,f,3.93
6383,e,o,f,5.92
6384,e,g,f,5.2
6385,p,l,f,3.31
6386,p,o,f,1.4
6387,e,l,f,6.53
6388,p,y,f,10.8
6389,p,n,f,4.73
6390,p,y,f,5.84
6391,e,w,f,7.31
6392,p,e,f,5.61
6393,e,o,f,8.39
6394,e,w,t,5.92
6395,p,n,f,7.09
6396,p,n,f,11.16
6397,e,n,f,7.96
6398,e,n,f,6.12
6399,e,n,f,5.16
6400,p,n,t,5.96
6401,e,n,f,7.77
6402,p,e,f,4.78
6403,p,n,f,5.57
6404,e,n,f,4.43
6405,p,n,f,8.31
6406,e,l,f,8.38
6407,p,e,f,6.23
6408,p,g,f,5.25
6409,p,w,f,6.09
6410,p,n,f,4.43
6411,p,y,f,6.08
6412,p,o,f,4.46
6413,p,u,f,5.17
6414,p,u,f,5.67
6415,p,y,f,13.68
6416,e,e,f,4.39
6417,p,w,t,6.37
6418,e,n,f,6.0
6419,p,n,f,10.18
6420,p,n,f,15.18
6421,e,n,f,6.2
6422,p,n,f,4.4
6423,p,n,f,9.76
6424,p,n,t,4.97
6425,e,o,f,7.05
6426,e,e,t,7.34
6427,p,k,f,3.97
6428,e,b,f,4.59
6429,p,k,f,4.68
6430,p,y,f,3.87
6431,p,w,f,3.87
6432,e,n,t,5.05
6433,e,y,f,7.0
6434,e,n,f,6.85
6435,e,w,f,2.95
6436,e,n,f,4.58
6437,e,w,f,3.38
6438,e,n,t,6.96
6439,p,r,f,5.59
6440,e,w,f,3.72
6441,p,n,t,9.05
6442,p,o,f,4.3
6443,e,n,f,4.54
6444,p,w,f,5.03
6445,p,p,t,8.21
6446,e,y,f,7.12
6447,p,n,f,5.93
6448,e,y,f,7.77
6449,p,n,f,3.0
6450,e,k,f,4.93
6451,e,b,f,6.03
6452,e,k,f,5.18
6453,p,y,t,7.84
6454,p,w,t,6.83
6455,p,y,f,2.77
6456,e,n,f,5.88
6457,e,w,f,4.72
6458,p,w,f,2.79
6459,p,y,f,7.16
6460,p,y,f,6.42
6461,p,o,f,5.08
6462,e,u,f,4.3
6463,p,w,f,2.88
6464,e,n,f,5.08
6465,e,r,f,6.42
6466,p,g,f,4.81
6467,p,e,t,6.33
6468,p,y,f,6.7
6469,p,k,f,10.11
6470,p,n,t,5.83
6471,p,w,t,6.26
6472,p,n,f,7.47
6473,p,p,f,4.93
6474,e,n,f,7.05
6475,e,n,f,7.03
6476,e,n,t,10.05
6477,p,p,f,3.91
6478,p,e,f,5.65
6479,p,g,f,4.86
6480,p,e,t,7.38
6481,p,n,f,16.23
6482,p,e,f,8.15
6483,p,e,f,18.07
6484,p,y,f,5.93
6485,e,u,f,4.89
6486,p,n,f,5.44
6487,e,n,f,12.92
6488,p,w,f,8.22
6489,e,n,f,7.32
6490,e,n,f,8.95
6491,p,y,f,4.55
6492,e,n,f,6.42
6493,e,w,t,5.89
6494,p,n,f,7.78
6495,p,w,f,2.72
6496,p,e,f,13.39
6497,p,e,f,2.73
6498,e,e,f,9.26
6499,p,n,f,4.61
6500,e,n,f,7.64
6501,e,w,t,5.77
6502,e,g,f,8.79
6503,p,e,f,5.56
6504,e,r,f,7.95
6505,e,e,t,6.49
6506,e,g,f,5.81
6507,p,n,f,11.22
6508,p,n,f,4.33
6509,e,n,t,9.71
6510,p,y,f,6.07
6511,e,n,t,7.66
6512,p,n,t,8.26
6513,p,n,f,9.78
6514,p,n,f,7.96
6515,e,n,f,6.28
6516,p,n,t,5.98
6517,p,y,f,3.46
6518,e,y,t,7.07
6519,e,w,t,4.89
6520,p,n,f,4.6
6521,p,p,t,7.58
6522,e,o,f,4.24
6523,e,k,f,5.7
6524,p,o,f,7.86
6525,e,n,f,4.12
6526,p,n,t,5.98
6527,e,n,t,5.88
6528,e,y,f,6.96
6529,e,n,f,4.87
6530,p,n,f,4.99
6531,p,n,f,6.7
6532,e,g,f,8.45
6533,p,n,f,10.57
6534,e,n,f,4.48
6535,p,n,f,5.89
6536,p,n,f,4.49
6537,p,o,f,2.76
6538,p,n,t,5.99
6539,e,u,f,3.78
6540,e,n,f,5.16
6541,e,n,t,9.91
6542,e,n,f,8.23
6543,e,k,f,5.91
6544,p,u,t,9.56
6545,e,n,t,8.35
6546,e,y,t,8.54
6547,p,y,f,1.92
6548,e,y,f,9.59
6549,p,n,t,3.59
6550,p,l,f,6.72
6551,e,n,f,6.75
6552,e,n,f,6.09
6553,p,n,f,13.26
6554,p,n,f,5.28
6555,p,y,f,3.76
6556,p,e,f,3.97
6557,p,w,f,12.62
6558,p,p,f,4.27
6559,p,n,t,6.06
6560,p,o,f,3.77
6561,p,w,f,5.34
6562,e,n,t,8.91
6563,p,w,f,3.65
6564,e,n,f,7.05
6565,p,o,f,4.33
6566,e,n,f,5.9
6567,p,w,f,11.05
6568,e,n,f,6.57
6569,p,e,f,8.35
6570,e,n,f,6.06
6571,e,n,t,5.75
6572,p,n,f,8.56
6573,p,y,f,6.42
6574,e,n,f,6.88
6575,p,o,t,2.98
6576,p,e,f,7.09
6577,p,w,f,5.15
6578,p,n,t,3.31
6579,p,e,f,6.93
6580,e,p,f,7.14
6581,p,y,t,6.69
6582,e,w,f,4.77
6583,p,w,f,3.47
6584,e,u,t,4.7
6585,e,n,f,6.21
6586,e,n,f,6.56
6587,p,r,t,6.67
6588,e,e,t,6.11
6589,e,u,f,9.54
6590,e,n,f,6.53
6591,p,p,t,6.41
6592,e,n,t,10.18
6593,p,n,t,8.05
6594,e,p,f,6.11
6595,e,n,f,7.23
6596,p,n,f,4.94
6597,p,y,f,9.48
6598,e,p,f,6.78
6599,p,g,f,12.1
6600,p,n,f,10.93
6601,p,n,f,4.73
6602,p,k,f,3.53
6603,p,n,f,7.34
6604,e,n,t,11.87
6605,e,n,f,5.35
6606,e,b,f,4.97
6607,p,y,f,7.43
6608,p,w,t,5.57
6609,p,n,t,4.58
6610,e,n,f,4.76
6611,e,y,f,5.39
6612,p,e,f,4.38
6613,p,n,f,5.6
6614,p,g,t,4.64
6615,p,y,f,6.01
6616,p,g,f,3.04
6617,p,n,f,4.16
6618,p,r,f,11.04
6619,p,n,f,3.71
6620,e,p,t,4.95
6621,p,n,f,12.39
6622,e,w,f,5.43
6623,e,n,f,5.54
6624,p,l,f,5.55
6625,p,b,f,4.94
6626,p,w,f,12.29
6627,e,k,f,3.68
6628,e,y,f,6.51
6629,p,e,f,5.62
6630,p,n,f,11.55
6631,e,k,f,4.74
6632,e,n,f,5.68
6633,p,l,f,3.94
6634,p,w,f,6.15
6635,e,n,f,4.4
6636,p,r,f,10.62
6637,p,n,f,11.73
6638,p,y,f,6.58
6639,e,l,f,2.64
6640,p,k,f,4.88
6641,e,y,f,5.84
6642,e,w,f,3.61
6643,p,n,f,4.81
6644,e,n,f,6.15
6645,p,b,f,4.93
6646,p,o,f,3.61
6647,e,n,f,6.11
6648,p,g,t,4.84
6649,e,w,t,5.71
6650,p,y,f,4.68
6651,p,n,t,8.74
6652,p,p,f,4.32
6653,p,r,t,4.66
6654,e,n,t,8.39
6655,e,n,f,5.83
6656,e,n,f,7.51
6657,p,n,f,5.99
6658,p,w,t,6.41
6659,e,n,f,6.58
6660,e,n,t,7.81
6661,e,g,f,10.56
6662,e,n,f,7.18
6663,e,n,f,5.3
6664,p,y,f,4.96
6665,e,n,f,6.18
6666,p,p,f,3.71
6667,p,g,f,2.73
6668,e,y,f,6.33
6669,p,n,t,7.02
6670,e,b,f,6.16
6671,p,o,f,3.49
6672,p,g,f,11.06
6673,p,n,t,3.7
6674,e,n,f,7.02
6675,p,g,t,8.76
6676,p,g,f,8.95
6677,p,n,f,3.04
6678,p,n,f,6.58
6679,p,e,f,3.83
6680,p,n,t,7.89
6681,e,n,f,5.03
6682,p,n,t,9.76
6683,p,y,f,3.74
6684,p,w,f,3.06
6685,p,n,f,3.98
6686,p,w,f,3.45
6687,e,n,f,7.77
6688,p,o,f,4.64
6689,e,n,f,5.67
6690,p,y,f,7.26
6691,p,w,t,4.87
6692,p,n,t,8.22
6693,p,n,f,11.46
6694,p,y,f,4.77
6695,p,e,f,2.7
6696,p,p,f,4.85
6697,e,n,f,5.23
6698,e,u,f,5.4
6699,e,n,f,6.35
6700,p,g,t,4.44
6701,e,n,f,5.77
6702,p,n,f,5.59
6703,p,e,t,6.75
6704,e,n,f,6.86
6705,p,n,f,6.02
6706,e,b,f,5.68
6707,p,n,t,5.45
6708,p,w,f,5.13
6709,e,n,t,9.17
6710,p,n,t,6.78
6711,e,n,t,7.76
6712,p,r,f,10.73
6713,p,n,f,12.76
6714,p,w,f,15.41
6715,e,y,t,6.49
6716,p,p,f,3.63
6717,p,e,t,7.17
6718,e,n,f,4.65
6719,e,u,f,7.9
6720,p,g,f,2.95
6721,p,g,f,10.98
6722,e,y,t,7.46
6723,p,n,f,3.98
6724,e,k,f,3.98
6725,p,r,t,5.01
6726,p,y,f,2.74
6727,p,r,f,10.62
6728,p,y,f,4.62
6729,e,k,f,5.43
6730,p,o,f,9.92
6731,p,y,f,5.82
6732,p,n,f,4.57
6733,e,o,f,5.66
6734,p,e,f,7.09
6735,e,w,f,3.43
6736,e,n,t,5.89
6737,p,w,f,7.23
6738,p,n,f,7.28
6739,e,g,f,5.9
6740,e,n,f,5.11
6741,e,y,f,6.72
6742,p,n,t,4.4
6743,p,n,f,3.91
6744,p,u,f,4.48
6745,p,n,f,11.32
6746,p,y,f,7.99
6747,e,g,t,12.12
6748,e,w,t,11.68
6749,p,n,f,5.47
6750,e,y,t,7.26
6751,e,u,f,7.65
6752,e,w,f,4.1
6753,p,w,f,11.7
6754,p,n,f,6.39
6755,p,r,t,4.85
6756,p,n,f,5.5
6757,p,n,f,5.32
6758,e,y,f,6.79
6759,p,w,f,14.16
6760,e,w,t,6.07
6761,e,w,f,5.25
6762,p,w,f,3.59
6763,p,e,f,5.56
6764,p,n,f,9.39
6765,p,n,f,6.16
6766,e,n,f,7.35
6767,e,e,f,9.38
6768,e,n,f,6.01
6769,e,n,t,8.33
6770,e,g,f,5.96
6771,p,n,f,10.06
6772,e,w,t,6.54
6773,p,y,f,10.14
6774,e,b,f,6.55
6775,e,n,t,8.74
6776,e,o,f,5.4
6777,p,u,f,5.7
6778,p,o,t,5.24
6779,e,y,t,7.0
6780,e,w,t,5.77
6781,p,y,f,8.32
6782,p,n,f,3.9
6783,e,w,t,5.93
6784,e,n,f,6.18
6785,e,n,f,5.55
6786,e,n,f,5.73
6787,e,y,f,5.49
6788,e,n,f,5.07
6789,e,p,t,5.58
6790,p,g,f,5.48
6791,e,n,t,10.62
6792,e,n,f,5.28
6793,e,y,f,8.53
6794,p,e,f,7.06
6795,p,y,f,2.2
6796,e,o,t,6.08
6797,p,y,f,4.67
6798,e,n,f,5.21
6799,p,n,f,6.17
6800,e,w,f,7.41
6801,e,n,f,4.54
6802,e,n,f,9.62
6803,p,o,t,4.51
6804,p,r,f,5.36
6805,p,w,t,7.42
6806,e,y,t,7.74
6807,p,n,f,9.36
6808,p,e,f,7.82
6809,p,u,f,3.27
6810,p,e,f,5.67
6811,p,g,f,4.79
6812,p,n,f,9.44
6813,e,g,f,2.59
6814,p,n,f,7.42
6815,p,n,f,4.38
6816,p,n,f,9.87
6817,p,p,f,4.19
6818,p,e,f,3.54
6819,p,p,f,4.82
6820,p,e,f,4.28
6821,p,n,f,3.79
6822,p,y,f,3.33
6823,e,w,f,3.62
6824,p,e,t,6.31
6825,p,w,t,5.17
6826,e,n,f,4.75
6827,p,y,f,2.75
6828,p,o,f,3.78
6829,e,w,t,3.44
6830,p,y,f,6.7
6831,p,n,f,5.07
6832,e,w,t,6.46
6833,p,p,f,4.79
6834,p,e,f,6.57
6835,p,n,t,3.77
6836,e,g,f,6.89
6837,p,u,f,6.18
6838,e,o,f,6.98
6839,p,e,f,4.76
6840,p,y,f,4.43
6841,p,n,f,4.3
6842,p,n,f,10.98
6843,p,o,f,3.4
6844,e,n,t,7.93
6845,p,n,f,4.02
6846,e,n,f,5.35
6847,p,n,f,5.05
6848,e,y,f,7.62
6849,p,n,f,4.61
6850,p,n,f,4.52
6851,p,y,f,5.55
6852,p,g,t,4.53
6853,p,e,f,2.74
6854,p,n,f,6.06
6855,p,n,t,5.94
6856,e,n,f,9.39
6857,p,n,f,5.36
6858,e,n,f,7.51
6859,e,y,f,6.87
6860,p,e,f,5.91
6861,p,y,f,6.82
6862,p,r,t,5.95
6863,e,n,f,5.11
6864,p,n,f,9.94
6865,p,n,f,8.85
6866,e,y,t,8.89
6867,p,n,f,5.11
6868,p,n,t,6.28
6869,e,l,f,7.81
6870,p,e,f,5.25
6871,e,w,f,5.24
6872,p,n,f,5.84
6873,p,n,f,6.74
6874,p,y,f,5.46
6875,p,n,f,5.29
6876,p,y,f,7.01
6877,p,w,f,3.21
6878,p,n,f,4.97
6879,p,g,f,3.38
6880,p,y,f,7.62
6881,p,p,t,8.53
6882,p,n,f,5.72
6883,e,p,f,7.0
6884,e,u,t,4.71
6885,p,w,f,8.46
6886,p,r,f,6.67
6887,e,w,f,3.43
6888,e,n,f,4.73
6889,p,w,f,13.79
6890,e,w,f,3.28
6891,e,g,f,2.99
6892,e,o,f,6.2
6893,p,e,f,6.46
6894,p,n,f,7.0
6895,p,y,f,4.13
6896,p,n,f,4.81
6897,p,o,f,3.39
6898,p,p,f,4.6
6899,e,n,t,3.96
6900,e,r,f,8.04
6901,p,n,f,4.73
6902,e,g,f,5.0
6903,e,n,f,9.2
6904,p,y,f,5.23
6905,p,n,t,8.56
6906,e,y,f,6.75
6907,e,g,t,3.54
6908,p,n,t,4.78
6909,e,b,f,6.55
6910,p,n,f,4.64
6911,p,n,f,5.56
6912,e,w,f,4.71
6913,p,e,f,5.01
6914,p,g,f,11.06
6915,e,g,f,7.11
6916,e,n,f,6.49
6917,p,w,f,4.52
6918,p,o,f,6.18
6919,p,n,f,7.14
6920,e,l,f,5.92
6921,e,w,t,5.37
6922,e,y,f,6.07
6923,p,n,f,8.08
6924,e,u,f,3.98
6925,p,o,f,4.11
6926,e,g,t,4.52
6927,p,n,f,6.25
6928,e,o,f,5.4
6929,p,e,f,4.47
6930,p,k,f,9.27
6931,p,n,f,3.84
6932,e,b,f,6.29
6933,p,w,t,6.19
6934,p,n,f,6.4
6935,e,n,f,3.67
6936,e,w,t,6.73
6937,p,o,f,4.98
6938,p,w,f,4.15
6939,e,w,f,3.01
6940,p,w,f,3.78
6941,p,n,f,4.71
6942,p,o,f,5.43
6943,p,n,t,5.52
6944,p,n,t,4.47
6945,p,w,f,5.35
6946,e,n,f,4.09
6947,e,w,f,3.53
6948,e,b,f,6.12
6949,p,l,f,6.09
6950,e,n,f,5.39
6951,p,n,f,5.4
6952,e,n,f,6.7
6953,e,b,f,5.86
6954,p,o,f,5.83
6955,p,n,f,6.1
6956,e,g,f,3.68
6957,e,n,t,9.26
6958,p,k,f,9.49
6959,p,g,f,10.03
6960,e,n,f,6.01
6961,e,y,f,7.87
6962,e,p,t,5.86
6963,e,l,f,7.07
6964,p,y,f,5.47
6965,p,n,f,4.74
6966,e,k,f,6.41
6967,p,e,t,4.63
6968,p,n,f,5.12
6969,p,o,f,3.39
6970,e,n,t,9.37
6971,p,l,f,5.91
6972,p,n,t,7.15
6973,e,o,f,4.66
6974,p,n,t,8.33
6975,e,o,t,5.68
6976,e,n,t,10.61
6977,e,n,f,5.77
6978,e,e,f,7.04
6979,e,n,f,4.6
6980,p,e,f,2.82
6981,p,e,t,5.36
6982,p,n,f,10.84
6983,e,w,t,10.06
6984,e,g,f,5.06
6985,e,w,f,3.45
6986,e,w,f,5.56
6987,e,p,f,4.68
6988,e,g,f,4.09
6989,p,e,t,6.27
6990,p,n,f,5.44
6991,p,n,f,3.75
6992,p,n,f,8.18
6993,e,y,f,6.0
6994,p,o,f,3.77
6995,e,y,t,7.49
6996,p,u,f,5.78
6997,p,g,f,5.24
6998,p,n,f,5.65
6999,e,u,f,5.5
7000,p,o,f,4.37
7001,p,o,f,6.16
7002,p,n,f,10.14
7003,p,n,f,8.66
7004,e,n,t,7.39
7005,p,o,f,3.65
7006,e,o,t,6.01
7007,e,o,f,8.04
7008,p,n,f,3.94
7009,p,k,f,6.39
7010,p,r,f,11.21
7011,p,n,f,5.67
7012,p,r,f,7.16
7013,e,g,f,3.21
7014,e,n,f,5.96
7015,e,w,f,3.86
7016,p,y,f,3.08
7017,e,n,f,5.54
7018,e,g,f,4.84
7019,e,y,f,9.39
7020,e,k,f,6.07
7021,p,n,t,7.23
7022,p,n,f,8.1
7023,e,n,f,7.05
7024,e,g,f,5.22
7025,p,e,f,7.84
7026,p,n,f,8.13
7027,p,n,f,9.95
7028,p,p,f,3.7
7029,e,n,f,12.65
7030,e,b,f,4.57
7031,e,w,f,8.33
7032,e,n,f,5.43
7033,e,n,f,5.77
7034,e,n,f,7.82
7035,e,e,f,9.35
7036,e,n,t,5.28
7037,e,n,f,5.67
7038,e,n,f,7.06
7039,p,e,f,7.39
7040,e,p,t,4.53
7041,p,n,f,5.6
7042,e,o,f,6.75
7043,e,n,f,7.1
7044,e,g,f,2.15
7045,e,y,f,8.35
7046,p,n,f,4.02
7047,p,e,t,5.86
7048,p,n,f,11.31
7049,e,n,f,10.13
7050,e,n,f,3.74
7051,p,y,f,5.44
7052,p,n,f,4.13
7053,e,n,f,4.49
7054,p,n,f,3.86
7055,p,e,f,6.23
7056,e,b,f,2.25
7057,p,w,f,3.36
7058,p,g,f,3.2
7059,p,n,f,13.29
7060,p,n,f,3.62
7061,p,e,f,6.39
7062,e,g,f,6.24
7063,p,n,f,5.63
7064,e,n,f,8.09
7065,p,n,f,8.05
7066,e,p,t,4.31
7067,e,w,f,3.68
7068,e,w,f,3.15
7069,p,n,f,4.99
7070,e,n,t,8.38
7071,e,n,f,4.95
7072,p,n,f,5.93
7073,e,b,f,5.8
7074,p,n,t,6.26
7075,e,n,f,5.09
7076,e,w,f,6.82
7077,p,r,t,4.89
7078,p,p,f,4.62
7079,p,n,t,9.44
7080,e,u,f,4.78
7081,e,n,f,6.44
7082,e,n,t,5.47
7083,p,y,f,8.05
7084,e,w,f,5.96
7085,p,g,f,9.48
7086,p,y,f,8.13
7087,p,w,f,6.12
7088,e,r,f,4.53
7089,p,n,f,4.96
7090,e,e,t,8.1
7091,p,n,f,8.13
7092,e,o,f,4.96
7093,p,r,t,5.9
7094,p,l,f,6.37
7095,p,g,f,11.4
7096,e,n,f,6.51
7097,p,n,f,7.35
7098,p,g,t,5.19
7099,e,w,t,5.74
7100,p,n,f,4.07
7101,p,y,f,3.58
7102,e,n,t,10.37
7103,e,k,f,7.02
7104,p,y,f,8.9
7105,e,o,f,4.72
7106,e,n,f,10.21
7107,p,n,f,3.84
7108,e,g,f,5.87
7109,e,n,f,6.1
7110,p,e,f,6.2
7111,p,o,t,2.99
7112,p,n,f,6.68
7113,e,n,f,6.31
7114,e,n,f,5.61
7115,e,n,f,8.25
7116,p,y,f,3.28
7117,p,n,f,7.19
7118,e,k,f,5.31
7119,e,y,f,6.06
7120,p,y,f,3.25
7121,e,y,f,8.03
7122,p,n,f,4.82
7123,e,n,f,4.54
7124,p,n,f,5.96
7125,p,g,f,3.51
7126,e,n,t,8.67
7127,p,w,f,5.41
7128,p,w,f,4.47
7129,p,o,f,19.98
7130,e,k,f,4.81
7131,p,n,f,3.61
7132,p,e,f,6.24
7133,e,w,f,3.3
7134,e,k,f,4.46
7135,e,n,t,11.5
7136,e,n,f,6.97
7137,e,n,f,5.93
7138,p,w,f,3.13
7139,e,n,f,4.97
7140,p,n,f,9.75
7141,p,y,f,3.28
7142,e,w,f,5.09
7143,e,n,f,12.46
7144,p,w,f,8.66
7145,e,n,t,4.51
7146,e,y,f,7.87
7147,e,u,f,4.01
7148,p,n,f,8.69
7149,e,n,f,6.81
7150,p,n,f,4.95
7151,p,y,f,7.24
7152,p,n,f,3.46
7153,p,e,f,4.76
7154,p,y,f,3.58
7155,p,g,f,5.43
7156,e,w,f,4.12
7157,p,o,t,5.54
7158,p,n,f,7.34
7159,p,w,t,8.27
7160,e,n,f,6.02
7161,e,w,t,11.03
7162,e,g,f,5.75
7163,p,n,f,11.64
7164,e,n,t,3.49
7165,p,n,f,5.47
7166,p,y,f,5.77
7167,e,n,f,5.35
7168,e,k,f,4.21
7169,p,n,t,6.63
7170,p,n,f,9.47
7171,p,y,t,4.27
7172,p,n,f,8.29
7173,p,n,f,7.74
7174,p,n,f,5.5
7175,p,e,f,4.21
7176,p,n,f,5.43
7177,e,n,f,5.9
7178,e,n,f,5.71
7179,e,g,f,5.65
7180,e,o,f,5.63
7181,e,w,f,3.43
7182,p,n,t,5.12
7183,p,p,f,5.08
7184,e,n,f,5.39
7185,p,n,f,5.06
7186,p,g,f,3.28
7187,p,o,f,5.8
7188,e,n,f,8.1
7189,p,n,f,5.83
7190,p,w,t,8.36
7191,p,n,t,8.6
7192,p,g,f,9.39
7193,e,e,t,5.4
7194,e,n,f,7.25
7195,e,n,f,6.76
7196,p,r,t,4.85
7197,e,y,f,3.82
7198,p,p,f,5.36
7199,p,g,f,10.67
7200,e,n,f,4.72
7201,e,u,f,6.13
7202,p,p,f,4.41
7203,e,n,t,8.81
7204,p,y,f,5.93
7205,p,g,f,3.43
7206,p,n,f,5.24
7207,e,w,f,21.12
7208,e,n,f,9.26
7209,p,n,t,6.89
7210,e,n,f,5.86
7211,e,n,f,4.32
7212,p,n,f,5.58
7213,e,n,f,12.65
7214,p,w,f,3.11
7215,p,n,f,3.67
7216,e,w,t,6.76
7217,e,n,f,5.47
7218,p,g,t,4.94
7219,e,g,f,2.26
7220,p,w,f,3.14
7221,p,g,f,11.06
7222,e,y,f,6.11
7223,p,u,f,5.77
7224,e,l,f,7.96
7225,e,g,f,7.78
7226,p,o,t,6.31
7227,e,n,f,5.08
7228,e,n,f,6.02
7229,p,y,f,4.89
7230,p,u,f,3.58
7231,p,w,f,12.79
7232,p,n,f,10.0
7233,p,n,f,3.65
7234,p,y,f,6.26
7235,p,n,f,10.93
7236,p,n,f,9.5
7237,e,k,f,7.18
7238,e,u,f,3.7
7239,e,n,t,9.39
7240,p,n,f,6.42
7241,p,n,f,6.14
7242,p,e,t,5.43
7243,p,n,t,5.2
7244,e,b,f,4.92
7245,e,n,f,6.48
7246,p,n,f,9.09
7247,e,w,f,2.97
7248,p,r,t,4.96
7249,p,n,f,6.49
7250,e,u,f,4.99
7251,p,o,f,4.79
7252,e,k,f,4.94
7253,e,g,t,4.15
7254,e,n,f,5.98
7255,p,e,f,5.91
7256,p,g,f,2.7
7257,p,n,f,3.96
7258,e,n,f,4.97
7259,p,y,f,5.62
7260,p,n,f,3.23
7261,e,n,t,8.09
7262,e,n,f,4.61
7263,e,n,t,6.01
7264,e,y,f,7.01
7265,p,u,f,3.33
7266,e,n,f,4.46
7267,p,u,f,3.55
7268,e,g,f,5.14
7269,e,n,f,7.92
7270,p,y,f,7.21
7271,p,n,f,3.73
7272,p,u,f,4.48
7273,e,n,t,10.1
7274,p,y,t,7.25
7275,p,e,f,15.32
7276,e,e,f,8.2
7277,p,n,f,5.17
7278,e,n,f,4.71
7279,p,g,f,4.89
7280,e,y,f,4.18
7281,p,w,f,5.7
7282,p,n,f,4.43
7283,p,n,f,4.91
7284,p,r,t,5.47
7285,e,p,t,6.34
7286,p,n,f,5.06
7287,p,w,f,4.54
7288,e,n,f,6.41
7289,p,g,f,5.75
7290,e,o,f,8.09
7291,p,n,f,5.36
7292,e,n,f,6.02
7293,e,n,t,9.1
7294,e,e,f,8.03
7295,e,o,f,6.21
7296,p,n,f,11.23
7297,e,n,f,6.06
7298,e,u,f,6.23
7299,p,w,f,10.44
7300,p,p,f,5.18
7301,e,o,t,6.19
7302,p,o,f,4.41
7303,e,y,f,7.16
7304,e,n,f,5.56
7305,e,w,t,10.31
7306,p,r,t,6.6
7307,p,n,f,4.24
7308,e,y,f,6.76
7309,e,n,f,6.49
7310,e,w,f,7.19
7311,p,n,f,5.63
7312,e,w,f,3.55
7313,e,n,f,7.27
7314,p,p,f,4.87
7315,p,y,t,5.22
7316,p,n,f,4.96
7317,e,n,f,5.87
7318,p,n,f,4.41
7319,e,y,f,5.84
7320,e,n,f,7.0
7321,p,y,t,8.56
7322,p,o,f,4.43
7323,p,n,f,6.24
7324,e,n,f,6.22
7325,p,l,f,3.91
7326,e,n,f,8.07
7327,p,w,f,8.44
7328,p,u,f,7.1
7329,p,w,f,3.6
7330,p,n,f,6.59
7331,p,n,f,5.86
7332,p,y,f,11.11
7333,p,n,f,3.91
7334,p,n,f,5.14
7335,p,o,f,3.18
7336,p,p,t,7.98
7337,e,b,f,7.61
7338,e,y,f,7.1
7339,p,n,f,11.22
7340,p,y,f,8.84
7341,p,y,f,3.43
7342,e,n,t,9.32
7343,p,y,f,1.56
7344,p,w,f,2.82
7345,p,n,f,8.35
7346,e,n,t,12.35
7347,e,g,f,6.87
7348,p,y,f,10.55
7349,p,w,f,3.51
7350,p,n,f,3.9
7351,p,u,f,3.75
7352,e,n,t,7.93
7353,p,n,f,16.51
7354,e,n,f,6.41
7355,p,n,f,4.38
7356,p,e,f,6.77
7357,e,w,f,8.31
7358,p,b,f,6.14
7359,e,w,f,2.93
7360,e,n,f,5.95
7361,p,w,t,7.35
7362,p,y,f,3.42
7363,p,n,f,8.21
7364,p,o,f,4.15
7365,p,n,f,5.96
7366,e,w,f,7.84
7367,e,w,f,6.06
7368,p,w,f,3.79
7369,e,n,f,5.39
7370,p,n,f,6.07
7371,p,p,f,4.79
7372,p,y,f,6.86
7373,p,y,f,2.02
7374,e,n,f,6.95
7375,p,n,f,4.05
7376,e,l,f,8.07
7377,p,n,f,9.73
7378,p,n,f,3.8
7379,p,n,f,5.49
7380,p,o,f,3.83
7381,e,p,t,4.63
7382,e,e,f,9.4
7383,e,n,f,5.57
7384,e,n,t,4.17
7385,e,n,f,6.5
7386,e,n,f,4.54
7387,e,n,f,6.09
7388,p,r,f,11.55
7389,p,w,f,4.55
7390,e,b,f,5.84
7391,e,w,f,7.2
7392,p,w,f,12.76
7393,e,g,f,5.04
7394,e,g,f,2.7
7395,e,b,f,5.85
7396,e,n,f,4.67
7397,e,n,f,5.59
7398,e,n,f,4.58
7399,p,o,f,4.61
7400,e,y,f,6.27
7401,e,n,f,7.06
7402,p,n,f,4.6
7403,p,n,t,5.86
7404,e,y,f,4.82
7405,e,n,f,7.08
7406,e,n,f,5.77
7407,e,n,f,6.96
7408,p,r,f,1.61
7409,p,w,f,11.1
7410,e,y,f,7.68
7411,p,n,f,4.61
7412,p,n,f,6.25
7413,e,p,f,6.5
7414,p,y,f,6.58
7415,e,o,f,6.61
7416,e,n,f,6.2
7417,e,b,f,5.86
7418,e,n,f,5.46
7419,p,n,t,9.17
7420,e,n,f,6.19
7421,p,y,f,4.27
7422,e,n,f,4.67
7423,p,n,f,4.9
7424,p,n,f,5.07
7425,e,n,f,7.59
7426,e,n,f,6.77
7427,p,e,f,4.56
7428,p,w,f,5.53
7429,p,y,f,5.82
7430,p,g,f,3.21
7431,e,n,f,5.53
7432,e,w,f,19.49
7433,p,n,f,4.97
7434,e,w,f,6.91
7435,p,y,f,6.18
7436,p,n,f,9.84
7437,p,n,f,5.26
7438,p,n,f,10.91
7439,e,g,f,5.4
7440,p,n,f,4.53
7441,e,w,t,5.76
7442,e,p,t,5.14
7443,e,y,f,6.49
7444,e,n,f,7.7
7445,p,y,f,6.29
7446,p,n,f,11.14
7447,e,n,f,4.96
7448,e,n,f,8.61
7449,p,y,f,3.47
7450,p,n,f,5.66
7451,e,n,t,8.84
7452,p,e,f,4.47
7453,e,n,f,4.31
7454,p,o,f,5.15
7455,e,n,f,4.15
7456,p,n,f,5.37
7457,e,l,f,2.65
7458,p,g,t,8.87
7459,e,g,t,3.92
7460,e,e,t,6.04
7461,p,y,f,6.43
7462,p,g,f,8.18
7463,p,k,t,4.81
7464,e,n,t,7.27
7465,e,w,f,3.25
7466,p,e,t,7.05
7467,p,l,f,4.05
7468,p,o,f,3.71
7469,p,o,f,5.01
7470,e,g,f,4.96
7471,p,w,f,3.7
7472,e,n,f,7.0
7473,e,n,t,11.95
7474,e,n,f,5.67
7475,p,o,f,4.67
7476,e,n,t,10.21
7477,e,n,f,6.28
7478,p,e,f,5.84
7479,p,k,t,5.05
7480,e,n,f,5.84
7481,p,g,f,3.37
7482,p,e,f,6.78
7483,e,w,f,3.57
7484,p,n,f,7.32
7485,p,n,f,13.64
7486,p,e,f,6.67
7487,p,n,f,5.14
7488,e,b,f,4.94
7489,e,n,f,5.49
7490,e,n,t,8.09
7491,p,y,f,3.43
7492,e,n,f,6.78
7493,p,n,t,8.27
7494,e,n,t,7.35
7495,p,g,t,9.58
7496,p,n,f,3.1
7497,p,y,f,6.11
7498,p,w,f,3.68
7499,e,u,f,4.66
7500,e,n,f,5.48
7501,e,w,f,3.92
7502,e,w,f,3.47
7503,p,g,f,2.55
7504,e,g,f,4.81
7505,e,n,f,7.01
7506,p,n,f,7.52
7507,p,y,f,6.24
7508,p,o,f,3.97
7509,e,w,f,4.74
7510,p,g,f,5.21
7511,p,g,f,3.07
7512,p,n,t,8.8
7513,p,e,f,6.87
7514,e,n,f,4.67
7515,e,b,f,5.9
7516,p,g,f,10.87
7517,e,g,f,9.4
7518,p,e,t,6.7
7519,p,n,f,14.9
7520,e,w,f,19.57
7521,e,n,f,4.56
7522,p,n,t,6.11
7523,p,y,f,9.39
7524,p,p,f,4.79
7525,p,n,t,6.04
7526,e,g,f,6.09
7527,e,n,f,5.58
7528,p,g,f,3.66
7529,p,n,f,9.87
7530,e,y,f,3.48
7531,p,w,f,3.03
7532,p,y,t,4.62
7533,p,n,f,9.78
7534,p,w,f,2.44
7535,e,n,f,6.4
7536,p,u,f,4.07
7537,p,n,f,6.17
7538,e,n,f,9.0
7539,e,n,f,5.06
7540,e,n,f,6.32
7541,e,n,f,9.92
7542,e,n,t,9.05
7543,p,p,f,4.93
7544,p,l,f,5.68
7545,p,w,f,6.26
7546,p,g,t,6.34
7547,e,n,f,5.49
7548,p,n,f,5.44
7549,e,n,f,7.46
7550,e,o,f,4.66
7551,e,n,f,6.27
7552,p,w,f,3.61
7553,e,n,t,4.76
7554,e,n,f,5.1
7555,p,n,t,6.57
7556,p,o,f,3.22
7557,p,n,f,3.35
7558,p,y,f,4.92
7559,p,w,f,12.12
7560,p,w,f,2.6
7561,e,n,f,4.54
7562,p,n,f,5.89
7563,e,n,f,7.71
7564,p,g,f,10.2
7565,e,p,f,4.11
7566,p,n,t,9.19
7567,p,w,t,5.11
7568,p,o,f,4.54
7569,e,n,f,7.03
7570,p,n,t,8.29
7571,p,y,f,5.96
7572,p,e,f,6.07
7573,p,n,f,1.94
7574,e,n,f,5.64
7575,p,n,f,10.96
7576,e,y,f,2.93
7577,p,k,f,3.97
7578,e,n,f,4.2
7579,e,n,f,13.1
7580,p,n,f,11.2
7581,p,o,f,3.68
7582,e,n,f,4.54
7583,e,b,f,4.81
7584,p,w,f,3.54
7585,p,p,t,7.66
7586,e,w,f,8.22
7587,e,w,f,7.87
7588,p,w,t,4.84
7589,p,k,f,7.6
7590,p,k,f,7.19
7591,e,n,t,9.01
7592,p,k,f,9.27
7593,e,u,t,5.14
7594,e,u,f,4.38
7595,p,n,f,11.23
7596,p,w,t,7.27
7597,p,p,f,6.29
7598,e,n,t,7.84
7599,p,r,f,5.21
7600,e,n,f,6.45
7601,p,w,t,4.79
7602,p,o,f,17.74
7603,p,n,f,1.51
7604,e,y,f,7.42
7605,e,n,f,6.14
7606,e,y,f,5.98
7607,p,y,f,5.32
7608,e,n,f,7.46
7609,e,b,f,5.57
7610,e,w,f,5.84
7611,e,y,f,7.29
7612,p,w,f,5.17
7613,p,e,f,7.67
7614,p,o,f,4.48
7615,p,k,f,4.1
7616,e,n,t,7.91
7617,e,g,f,4.81
7618,e,n,f,5.86
7619,p,p,f,4.81
7620,e,w,f,5.14
7621,p,n,f,5.75
7622,p,n,f,5.71
7623,p,n,f,5.22
7624,e,w,f,8.2
7625,e,n,f,4.95
7626,p,g,f,5.49
7627,p,o,f,6.7
7628,p,n,f,4.03
7629,e,n,f,6.91
7630,e,y,f,5.64
7631,e,p,f,4.6
7632,e,y,f,12.37
7633,e,n,f,5.65
7634,p,n,f,5.8
7635,p,w,t,7.02
7636,p,y,f,1.58
7637,p,n,f,10.46
7638,e,b,f,2.6
7639,p,n,f,11.11
7640,e,n,f,5.28
7641,p,g,f,9.73
7642,p,y,f,3.07
7643,p,n,f,5.71
7644,p,u,f,2.89
7645,e,n,f,7.11
7646,p,r,f,4.51
7647,e,n,f,6.06
7648,p,n,f,9.14
7649,e,n,f,6.27
7650,e,n,f,7.56
7651,p,n,t,7.16
7652,e,g,f,7.13
7653,e,n,t,9.06
7654,e,n,f,6.52
7655,e,o,f,6.7
7656,e,n,t,10.9
7657,p,o,f,4.27
7658,e,o,t,6.14
7659,e,w,f,3.16
7660,e,n,f,6.07
7661,e,n,f,7.28
7662,p,w,f,4.0
7663,e,y,f,6.49
7664,p,n,f,4.32
7665,p,n,f,15.88
7666,e,y,f,3.42
7667,p,y,f,5.95
7668,e,w,t,6.45
7669,p,e,f,8.29
7670,p,w,f,6.02
7671,e,y,t,6.89
7672,p,n,t,3.36
7673,e,n,f,4.88
7674,p,e,t,5.46
7675,e,e,f,5.11
7676,p,g,f,10.85
7677,p,y,f,3.43
7678,e,l,f,6.65
7679,p,y,f,1.65
7680,e,w,f,2.89
7681,e,k,f,7.78
7682,p,n,f,12.14
7683,e,n,t,7.76
7684,e,y,f,6.33
7685,p,w,f,12.28
7686,e,w,f,5.67
7687,p,w,t,5.06
7688,p,p,f,4.47
7689,e,g,f,8.0
7690,p,e,f,6.92
7691,p,y,f,4.68
7692,p,n,f,3.82
7693,p,n,f,8.05
7694,p,n,f,7.93
7695,e,y,f,6.67
7696,e,e,f,8.22
7697,e,y,f,6.7
7698,p,g,t,8.08
7699,p,n,f,1.52
7700,p,p,t,8.24
7701,e,n,f,5.71
7702,p,n,f,5.29
7703,e,n,f,4.64
7704,e,n,f,5.7
7705,p,k,f,3.59
7706,e,n,f,7.28
7707,e,n,f,4.98
7708,p,o,t,4.6
7709,p,n,f,3.91
7710,p,w,f,11.02
7711,p,n,f,7.86
7712,e,o,f,4.82
7713,e,p,t,5.69
7714,e,n,f,5.47
7715,e,n,f,5.35
7716,p,n,f,4.57
7717,p,y,f,3.59
7718,p,n,f,1.48
7719,p,n,f,4.98
7720,p,e,f,3.35
7721,e,y,f,7.77
7722,e,n,f,5.01
7723,e,w,t,5.24
7724,e,n,t,7.29
7725,e,w,f,24.19
7726,p,y,f,6.9
7727,e,n,f,4.8
7728,p,e,f,6.22
7729,e,n,f,4.73
7730,p,n,f,4.81
7731,p,n,f,9.84
7732,p,o,f,6.75
7733,p,p,f,4.62
7734,p,y,f,3.74
7735,p,w,f,6.12
7736,e,p,f,4.5
7737,e,y,t,6.98
7738,e,w,f,3.53
7739,p,g,f,4.68
7740,e,g,f,2.8
7741,p,w,f,9.99
7742,p,y,f,5.33
7743,p,n,f,6.32
7744,e,p,t,6.29
7745,p,e,f,3.04
7746,e,n,f,5.83
7747,e,w,f,3.49
7748,p,r,f,5.22
7749,e,n,f,4.32
7750,p,n,f,9.91
7751,p,n,f,4.31
7752,e,w,f,4.41
7753,p,y,f,7.38
7754,p,e,f,5.82
7755,p,u,t,7.28
7756,e,n,t,10.17
7757,p,w,f,4.0
7758,e,y,f,3.56
7759,p,y,f,4.86
7760,p,n,t,9.25
7761,p,o,t,2.77
7762,p,n,f,5.37
7763,p,e,f,6.78
7764,p,o,t,5.12
7765,p,w,f,3.08
7766,e,n,f,7.24
7767,e,g,f,8.56
7768,p,n,f,5.05
7769,e,n,t,8.35
7770,p,n,f,7.38
7771,p,e,t,6.62
7772,p,n,f,7.87
7773,e,g,t,5.0
7774,p,e,f,8.14
7775,p,y,f,1.82
7776,e,w,f,6.9
7777,p,y,f,5.29
7778,e,w,f,19.84
7779,p,r,t,4.36
7780,e,n,f,6.79
7781,p,n,f,4.92
7782,e,y,t,8.27
7783,e,g,f,7.19
7784,e,g,f,5.21
7785,p,e,f,4.16
7786,p,u,f,3.24
7787,p,n,f,1.25
7788,e,n,t,8.47
7789,e,n,f,6.03
7790,e,b,f,6.3
7791,e,y,f,6.3
7792,p,o,t,3.65
7793,e,n,f,11.69
7794,p,y,f,6.37
7795,p,o,f,5.25
7796,e,n,f,4.67
7797,e,o,f,9.14
7798,p,r,t,4.48
7799,p,k,f,3.04
7800,e,y,f,3.28
7801,p,e,t,6.31
7802,e,y,f,7.85
7803,p,w,f,3.87
7804,e,n,f,3.73
7805,e,n,f,4.0
7806,p,n,f,6.58
7807,e,n,f,5.47
7808,p,n,f,4.25
7809,p,w,f,3.13
7810,p,p,f,3.91
7811,e,n,f,4.42
7812,p,y,f,3.12
7813,e,y,t,8.49
7814,e,u,f,5.98
7815,e,g,f,7.92
7816,p,o,f,3.58
7817,e,k,f,8.43
7818,p,n,f,9.74
7819,e,g,t,4.53
7820,p,w,f,3.32
7821,p,n,f,6.03
7822,e,n,t,6.73
7823,e,y,f,5.63
7824,p,n,f,7.03
7825,p,n,f,6.16
7826,p,n,f,4.92
7827,e,k,f,5.7
7828,e,n,f,6.0
7829,e,y,f,9.25
7830,e,w,f,8.29
7831,p,n,f,4.49
7832,e,w,f,5.27
7833,p,n,t,8.82
7834,p,e,f,4.37
7835,p,o,f,3.45
7836,e,w,f,7.81
7837,e,e,f,7.91
7838,e,w,t,7.1
7839,p,n,f,4.43
7840,e,n,f,4.53
7841,e,g,f,4.96
7842,p,y,f,9.27
7843,p,n,t,9.56
7844,p,n,t,4.28
7845,p,y,f,3.12
7846,e,w,f,3.33
7847,p,n,f,4.57
7848,e,y,f,7.23
7849,p,e,t,6.49
7850,e,n,f,5.17
7851,e,n,f,7.75
7852,p,n,f,6.21
7853,p,u,f,6.59
7854,e,n,f,5.43
7855,e,n,f,6.19
7856,p,n,f,4.97
7857,p,n,f,5.44
7858,p,n,f,9.83
7859,p,w,f,7.59
7860,p,y,f,6.07
7861,p,n,f,7.89
7862,e,n,f,8.1
7863,p,y,f,6.68
7864,p,n,f,5.12
7865,e,w,t,13.92
7866,e,o,f,4.43
7867,p,e,f,6.74
7868,p,o,f,17.25
7869,e,n,f,8.3
7870,e,n,f,7.77
7871,p,g,f,5.17
7872,p,n,f,3.61
7873,e,n,f,4.73
7874,e,b,f,6.15
7875,e,o,t,6.17
7876,e,n,f,4.65
7877,e,n,t,11.22
7878,p,n,f,4.92
7879,p,e,f,6.58
7880,e,n,f,13.26
7881,e,w,f,4.35
7882,p,k,f,3.73
7883,e,n,f,9.63
7884,p,y,f,5.67
7885,e,u,f,5.48
7886,p,n,t,7.98
7887,p,e,f,9.2
7888,p,e,f,5.72
7889,p,u,f,3.8
7890,e,n,t,8.06
7891,e,w,t,8.34
7892,e,k,f,5.39
7893,e,w,t,5.4
7894,p,g,f,2.79
7895,e,n,f,6.09
7896,e,n,f,6.62
7897,p,e,f,7.24
7898,e,n,f,5.72
7899,p,n,f,5.0
7900,e,g,f,3.4
7901,e,b,f,4.97
7902,e,n,f,6.03
7903,e,n,f,9.13
7904,e,y,f,6.31
7905,p,n,f,10.54
7906,e,n,f,6.02
7907,e,n,t,10.46
7908,p,n,t,5.68
7909,p,g,t,4.53
7910,p,w,f,9.47
7911,e,n,f,4.75
7912,e,w,f,3.54
7913,p,l,f,3.62
7914,p,y,f,7.44
7915,p,g,f,9.02
7916,p,e,f,6.72
7917,p,y,f,2.87
7918,e,b,f,5.11
7919,p,n,f,5.1
7920,p,y,t,5.71
7921,p,n,f,4.01
7922,p,n,f,5.0
7923,p,g,f,5.36
7924,e,g,f,5.32
7925,e,n,f,6.43
7926,p,y,f,3.82
7927,e,w,f,2.9
7928,e,n,f,4.21
7929,p,w,f,4.15
7930,e,n,f,6.71
7931,p,r,f,8.01
7932,p,e,t,4.48
7933,p,y,f,6.12
7934,p,n,f,4.53
7935,p,n,f,5.87
7936,p,y,f,3.43
7937,p,n,t,8.73
7938,e,n,f,6.29
7939,p,n,f,4.61
7940,e,y,f,7.23
7941,p,n,f,5.94
7942,e,n,f,5.36
7943,p,n,f,15.57
7944,p,w,f,12.83
7945,e,n,f,5.36
7946,p,p,f,4.6
7947,p,k,f,4.08
7948,e,n,f,8.06
7949,e,n,f,6.41
7950,e,g,f,7.61
7951,p,y,f,2.91
7952,e,n,f,4.83
7953,p,n,f,3.84
7954,p,n,f,8.74
7955,p,w,t,7.84
7956,e,w,f,3.82
7957,p,w,t,8.64
7958,e,k,f,4.27
7959,p,n,f,5.09
7960,p,n,f,4.67
7961,p,n,f,3.82
7962,e,b,f,7.19
7963,e,w,f,2.55
7964,p,e,f,5.88
7965,e,w,t,6.28
7966,p,o,f,3.36
7967,e,g,f,10.56
7968,p,n,f,8.81
7969,p,y,f,6.3
7970,e,n,f,5.89
7971,p,w,f,10.41
7972,p,p,f,4.18
7973,p,o,f,3.22
7974,e,y,f,7.91
7975,e,g,f,3.07
7976,e,n,t,9.3
7977,e,n,f,5.77
7978,p,e,f,7.18
7979,p,n,f,11.29
7980,p,e,f,5.05
7981,e,n,f,12.5
7982,e,n,f,5.12
7983,e,n,f,6.96
7984,e,n,f,5.25
7985,p,o,f,4.72
7986,e,n,t,10.48
7987,p,g,f,7.67
7988,e,n,f,9.44
7989,e,b,f,5.19
7990,p,n,f,10.33
7991,p,p,f,3.16
7992,p,p,f,5.08
7993,e,n,f,7.19
7994,p,o,f,3.23
7995,p,n,t,4.4
7996,p,y,f,3.8
7997,p,n,f,8.04
7998,e,n,f,9.16
7999,p,p,f,3.71
8000,e,n,f,5.92
8001,e,n,t,10.97
8002,p,y,f,9.22
8003,e,y,f,7.04
8004,p,o,f,2.52
8005,e,g,f,5.36
8006,e,n,f,6.14
8007,p,n,f,6.33
8008,e,w,t,7.42
8009,p,l,f,4.46
8010,e,n,f,5.31
8011,p,u,t,9.28
8012,p,o,f,17.65
8013,p,n,f,5.67
8014,p,e,f,3.47
8015,e,g,t,4.62
8016,e,y,f,5.08
8017,e,n,f,8.37
8018,p,w,f,5.42
8019,e,w,f,4.54
8020,e,e,t,5.81
8021,p,k,t,4.54
8022,p,n,f,4.2
8023,e,n,f,4.01
8024,p,y,f,3.38
8025,e,n,f,4.67
8026,p,y,f,12.2
8027,e,n,f,12.0
8028,p,n,f,5.24
8029,e,n,t,5.58
8030,p,n,f,5.9
8031,e,g,t,3.85
8032,e,w,f,8.06
8033,p,n,f,5.27
8034,p,y,f,3.31
8035,p,y,t,9.39
8036,e,n,f,5.73
8037,p,n,f,6.22
8038,p,y,f,6.72
8039,e,n,t,9.05
8040,e,l,f,7.67
8041,p,y,f,10.05
8042,p,k,f,8.0
8043,e,n,t,7.84
8044,e,n,f,6.86
8045,e,n,f,6.37
8046,e,n,f,7.12
8047,p,y,f,3.71
8048,p,n,f,9.83
8049,p,n,t,7.72
8050,p,n,f,12.81
8051,e,n,t,7.52
8052,e,w,t,4.94
8053,e,n,f,6.61
8054,p,w,f,3.3
8055,p,g,t,4.43
8056,p,n,f,5.75
8057,p,e,f,5.24
8058,p,n,f,6.49
8059,e,y,f,6.71
8060,e,w,f,3.75
8061,p,y,t,6.7
8062,e,n,t,11.27
8063,p,n,f,5.72
8064,p,g,f,4.93
8065,p,n,f,6.28
8066,e,n,t,6.69
8067,p,o,f,3.33
8068,e,w,f,27.37
8069,e,y,f,5.65
8070,p,n,f,4.0
8071,e,n,t,9.74
8072,p,y,f,5.84
8073,p,r,f,6.06
8074,e,n,f,6.03
8075,e,n,t,7.63
8076,p,o,f,4.91
8077,p,y,f,3.36
8078,p,r,f,7.0
8079,e,n,t,11.5
8080,e,n,f,6.4
8081,p,n,f,5.88
8082,e,n,f,7.05
8083,e,u,f,8.34
8084,e,n,t,9.09
8085,e,b,f,5.17
8086,e,g,t,5.72
8087,p,n,f,3.28
8088,p,w,f,3.21
8089,p,n,f,4.88
8090,e,k,f,8.03
8091,e,n,f,16.6
8092,p,n,f,8.15
8093,p,o,f,3.87
8094,e,n,f,5.67
8095,p,n,t,9.3
8096,e,k,f,5.51
8097,p,n,t,7.62
8098,e,n,f,4.86
8099,p,n,f,5.37
8100,e,y,t,6.6
8101,e,g,f,5.92
8102,e,n,f,6.83
8103,e,n,t,8.47
8104,e,y,f,3.65
8105,p,n,f,5.15
8106,p,y,f,2.77
8107,e,g,f,5.96
8108,p,n,f,5.89
8109,e,y,f,8.37
8110,e,n,f,6.67
8111,e,n,f,6.0
8112,p,o,f,3.49
8113,p,n,f,8.37
8114,e,y,f,5.56
8115,p,u,f,3.27
8116,p,u,f,5.21
8117,p,w,f,3.02
8118,e,n,f,8.31
8119,p,n,f,11.22
8120,e,p,t,4.32
8121,e,n,f,13.26
8122,p,e,f,6.56
8123,e,n,f,5.46
8124,p,g,t,4.6
8125,p,n,f,3.9
8126,p,o,f,4.79
8127,e,n,f,5.71
8128,p,y,f,7.51
8129,e,n,t,3.92
8130,p,n,f,4.65
8131,e,w,t,5.54
8132,e,n,t,8.59
8133,e,w,t,5.28
8134,p,p,f,4.13
8135,p,n,f,4.7
8136,p,n,f,5.42
8137,p,w,f,3.81
8138,e,n,f,6.58
8139,e,n,f,9.5
8140,p,k,t,5.07
8141,p,y,f,5.74
8142,e,n,f,4.01
8143,e,y,t,7.39
8144,p,w,f,2.75
8145,p,w,t,7.47
8146,p,y,f,5.83
8147,e,n,t,5.75
8148,p,n,f,5.99
8149,p,k,f,3.74
8150,e,e,t,3.76
8151,p,n,f,6.89
8152,e,n,f,5.72
8153,e,e,t,5.28
8154,p,g,f,5.51
8155,p,n,f,5.36
8156,p,n,t,5.65
8157,p,r,t,5.06
8158,p,y,f,7.71
8159,p,n,t,6.39
8160,p,w,f,4.27
8161,e,w,t,6.1
8162,e,w,f,5.54
8163,e,n,f,6.53
8164,p,e,f,3.99
8165,p,e,f,14.08
8166,e,n,f,9.5
8167,p,w,f,3.1
8168,e,r,f,5.53
8169,p,n,f,4.31
8170,e,y,f,6.91
8171,e,n,f,4.99
8172,e,y,f,4.59
8173,e,w,f,3.21
8174,p,n,f,5.22
8175,e,o,f,6.25
8176,e,n,t,7.03
8177,e,n,f,5.04
8178,p,n,t,9.72
8179,p,e,f,7.11
8180,e,n,f,6.32
8181,p,w,f,3.07
8182,p,w,f,2.97
8183,p,n,t,7.78
8184,p,n,f,4.93
8185,e,y,f,8.23
8186,p,n,f,15.24
8187,p,y,t,8.21
8188,e,n,t,10.21
8189,e,n,f,5.77
8190,e,b,f,5.67
8191,e,n,f,5.51
8192,p,o,f,3.43
8193,p,y,f,5.66
8194,p,e,f,4.03
8195,e,y,f,7.01
8196,e,n,t,9.3
8197,e,y,t,6.69
8198,p,n,f,8.22
8199,p,n,f,3.82
8200,p,w,f,3.65
8201,p,p,f,4.06
8202,p,y,f,4.27
8203,e,n,f,6.58
8204,e,n,t,8.05
8205,p,n,f,9.72
8206,e,w,f,4.73
8207,p,e,f,4.17
8208,p,p,f,4.3
8209,p,y,f,7.59
8210,e,n,f,5.4
8211,e,b,f,5.99
8212,p,n,f,5.08
8213,p,n,f,5.59
8214,p,n,f,3.15
8215,e,n,f,6.34
8216,e,k,f,6.23
8217,p,w,f,3.14
8218,p,o,f,17.81
8219,p,e,f,4.1
8220,e,o,f,4.43
8221,e,w,f,8.05
8222,p,n,f,5.32
8223,p,n,f,7.92
8224,e,w,f,4.43
8225,e,w,f,22.09
8226,p,n,f,6.23
8227,p,w,t,4.8
8228,p,n,f,5.22
8229,e,n,f,5.64
8230,e,g,f,5.35
8231,p,n,f,3.94
8232,e,w,f,26.5
8233,e,w,f,24.45
8234,p,o,f,3.24
8235,p,n,t,6.05
8236,e,n,f,5.75
8237,p,o,f,6.26
8238,e,n,f,8.35
8239,p,n,f,11.04
8240,e,y,f,5.13
8241,p,y,f,3.75
8242,e,y,t,7.05
8243,p,u,f,4.27
8244,p,n,f,7.99
8245,e,o,f,8.89
8246,p,w,f,5.53
8247,p,k,f,10.25
8248,e,n,t,11.51
8249,e,w,t,5.93
8250,p,u,f,6.78
8251,p,e,f,6.71
8252,p,n,f,5.79
8253,e,e,t,5.17
8254,p,n,f,4.96
8255,p,u,f,7.69
8256,p,e,f,4.99
8257,p,e,f,6.29
8258,e,y,f,6.82
8259,p,y,f,6.36
8260,p,y,f,2.32
8261,p,e,f,3.42
8262,p,n,f,5.79
8263,p,n,f,3.89
8264,e,n,f,6.24
8265,p,g,f,11.0
8266,e,n,t,8.66
8267,p,w,f,10.87
8268,e,g,f,12.14
8269,e,n,f,4.71
8270,e,n,f,5.62
8271,e,w,t,5.63
8272,e,p,t,4.78
8273,e,w,f,22.38
8274,e,n,t,12.14
8275,e,y,f,3.36
8276,e,y,t,7.26
8277,p,n,f,9.84
8278,e,n,t,9.1
8279,p,y,f,7.58
8280,e,n,f,5.17
8281,e,n,f,5.24
8282,e,y,f,7.96
8283,p,w,f,2.84
8284,e,g,f,4.49
8285,p,n,f,6.77
8286,p,g,f,5.62
8287,e,n,f,5.82
8288,p,n,f,7.11
8289,e,w,t,5.55
8290,e,n,f,6.67
8291,p,o,f,1.52
8292,p,n,t,7.07
8293,e,n,f,3.96
8294,e,n,f,5.52
8295,p,n,f,4.84
8296,p,e,f,3.64
8297,e,n,f,4.68
8298,p,n,f,11.42
8299,e,n,f,5.13
8300,p,g,f,4.66
8301,e,n,f,4.83
8302,p,n,f,11.05
8303,e,n,f,5.8
8304,e,n,f,6.15
8305,p,n,f,6.76
8306,p,n,f,8.45
8307,e,n,t,7.6
8308,p,w,f,5.41
8309,p,n,f,12.47
8310,p,n,f,10.08
8311,p,l,f,5.9
8312,p,e,f,17.02
8313,e,n,f,6.09
8314,p,w,f,12.87
8315,e,n,t,7.25
8316,e,b,f,5.02
8317,p,r,f,4.91
8318,e,n,f,5.77
8319,p,n,f,5.98
8320,e,n,f,5.64
8321,e,w,f,7.92
8322,e,k,f,4.46
8323,p,n,f,5.86
8324,p,e,t,7.05
8325,e,y,f,7.1
8326,p,w,f,3.03
8327,p,y,f,6.24
8328,p,n,f,4.8
8329,p,o,f,5.75
8330,e,w,f,3.87
8331,p,y,t,9.01
8332,p,n,f,4.66
8333,e,n,f,4.86
8334,e,n,f,4.93
8335,p,k,f,3.6
8336,p,n,t,5.83
8337,e,n,f,8.15
8338,p,w,f,3.76
8339,e,n,f,5.58
8340,e,w,f,3.5
8341,p,w,f,2.58
8342,e,n,t,7.04
8343,p,y,f,6.52
8344,p,n,f,4.19
8345,e,n,f,7.06
8346,p,n,f,5.15
8347,p,p,t,8.49
8348,p,o,f,5.85
8349,e,n,f,5.61
8350,p,w,f,7.9
8351,p,n,f,3.99
8352,p,o,f,3.13
8353,e,g,f,4.8
8354,p,w,t,7.04
8355,p,n,f,7.84
8356,e,b,f,5.47
8357,p,w,f,13.32
8358,e,n,f,6.18
8359,e,n,t,9.06
8360,e,w,t,5.77
8361,e,n,f,6.15
8362,p,o,f,3.44
8363,p,o,f,3.68
8364,e,g,t,12.18
8365,e,n,f,4.59
8366,p,n,f,11.45
8367,e,n,t,9.42
8368,p,o,f,6.3
8369,e,n,f,5.68
8370,p,y,f,8.38
8371,p,r,t,4.99
8372,e,w,f,6.85
8373,e,w,f,5.64
8374,p,n,f,5.37
8375,p,r,f,10.79
8376,p,e,f,8.31
8377,p,e,f,5.2
8378,e,w,f,8.05
8379,e,n,t,4.72
8380,e,n,t,8.24
8381,p,n,t,8.29
8382,e,w,f,3.62
8383,e,g,f,5.69
8384,e,y,t,8.43
8385,p,n,f,8.01
8386,p,o,f,4.81
8387,e,l,f,6.67
8388,p,n,f,7.12
8389,p,n,t,8.99
8390,p,e,f,6.5
8391,p,n,t,7.47
8392,p,w,f,3.79
8393,e,n,f,6.35
8394,p,y,f,8.1
8395,p,o,f,3.73
8396,p,n,t,3.39
8397,e,n,f,6.91
8398,p,y,f,3.86
8399,p,o,f,3.09
8400,p,w,t,7.11
8401,e,n,f,5.32
8402,p,n,f,10.56
8403,p,g,t,9.09
8404,e,n,f,6.7
8405,e,g,f,3.99
8406,e,n,f,6.55
8407,e,w,f,3.02
8408,p,p,f,4.08
8409,p,n,f,5.77
8410,e,n,f,4.05
8411,p,n,t,7.07
8412,p,n,f,3.05
8413,e,g,f,2.93
8414,p,w,t,7.31
8415,p,n,t,7.43
8416,e,o,f,6.58
8417,p,u,f,5.3
8418,p,n,f,6.15
8419,e,w,f,7.37
8420,e,u,f,6.54
8421,e,o,f,3.8
8422,e,y,f,5.82
8423,p,r,t,6.01
8424,p,n,f,5.06
8425,p,y,f,7.34
8426,p,w,f,3.99
8427,e,n,f,6.1
8428,e,b,f,6.73
8429,p,n,f,4.96
8430,e,n,f,4.46
8431,p,n,f,5.77
8432,e,n,f,6.4
8433,p,n,f,7.26
8434,e,n,t,5.89
8435,p,n,f,15.49
8436,e,n,f,6.8
8437,p,n,f,4.54
8438,e,y,f,5.83
8439,e,n,t,11.62
8440,p,w,f,9.83
8441,p,n,f,5.66
8442,p,r,t,4.52
8443,e,n,f,8.01
8444,p,n,f,9.27
8445,e,n,f,8.12
8446,p,y,f,7.2
8447,p,n,f,10.96
8448,e,y,f,6.8
8449,p,n,f,4.34
8450,e,n,t,9.99
8451,e,n,f,6.1
8452,p,u,f,3.65
8453,e,n,f,7.28
8454,e,n,f,5.68
8455,p,n,f,11.47
8456,p,n,f,5.12
8457,e,b,f,6.54
8458,e,n,t,8.38
8459,p,r,f,1.45
8460,e,b,f,5.81
8461,e,n,f,5.16
8462,e,n,f,7.73
8463,p,u,f,8.82
8464,p,n,f,8.49
8465,p,n,f,8.33
8466,p,y,f,3.08
8467,e,l,f,7.77
8468,e,n,f,7.04
8469,e,g,f,7.29
8470,e,w,f,22.01
8471,e,n,f,6.2
8472,p,w,f,3.25
8473,e,n,t,10.1
8474,p,l,f,3.42
8475,e,n,f,5.98
8476,p,k,f,6.46
8477,e,o,f,6.54
8478,e,n,f,5.83
8479,p,n,f,8.9
8480,p,p,f,2.7
8481,p,r,f,10.82
8482,p,u,f,5.08
8483,p,e,f,6.96
8484,p,n,f,5.51
8485,p,n,f,10.08
8486,e,n,f,5.37
8487,e,y,f,3.59
8488,e,w,f,3.48
8489,e,n,t,4.98
8490,p,n,f,11.0
8491,p,n,f,11.0
8492,p,n,f,5.44
8493,e,k,f,4.23
8494,e,e,f,6.37
8495,e,u,f,4.01
8496,e,g,f,4.47
8497,p,g,f,3.02
8498,p,y,f,6.07
8499,e,n,f,6.49
8500,p,n,f,9.89
8501,e,n,f,6.54
8502,p,o,f,9.5
8503,e,n,t,4.82
8504,e,w,f,4.59
8505,p,g,t,9.0
8506,e,y,f,5.21
8507,e,b,f,7.61
8508,p,g,f,2.88
8509,p,n,f,8.07
8510,e,p,t,4.33
8511,p,n,t,8.58
8512,p,n,f,10.32
8513,e,y,f,6.87
8514,p,w,f,3.54
8515,e,n,f,4.47
8516,p,u,f,4.5
8517,p,w,f,3.08
8518,p,y,f,3.55
8519,p,n,f,5.22
8520,p,y,f,3.2
8521,p,n,f,13.46
8522,e,n,f,4.6
8523,e,w,f,7.3
8524,p,n,f,4.82
8525,e,y,f,7.44
8526,p,e,f,8.07
8527,p,e,f,3.71
8528,p,n,f,8.85
8529,p,n,f,5.94
8530,p,o,f,17.84
8531,e,n,f,6.75
8532,e,g,t,4.09
8533,e,e,f,4.79
8534,e,n,f,7.53
8535,e,b,f,4.83
8536,p,p,f,4.69
8537,e,n,t,6.91
8538,e,w,f,4.72
8539,p,y,f,6.12
8540,e,p,t,6.5
8541,e,n,f,5.56
8542,p,n,f,5.51
8543,p,g,f,9.72
8544,e,n,f,4.43
8545,p,r,f,6.19
8546,e,n,f,6.15
8547,e,n,f,4.67
8548,p,e,f,8.87
8549,p,n,f,13.36
8550,e,n,f,4.89
8551,p,n,t,6.29
8552,e,n,f,8.37
8553,e,b,f,6.09
8554,e,g,f,3.23
8555,p,w,t,6.28
8556,p,y,f,6.19
8557,e,n,f,8.16
8558,p,w,f,2.78
8559,e,o,f,4.16
8560,p,p,f,4.25
8561,p,y,f,5.98
8562,e,g,f,4.99
8563,e,w,t,6.68
8564,e,e,t,5.68
8565,p,e,f,4.93
8566,p,n,f,11.33
8567,p,g,f,3.02
8568,e,p,f,4.36
8569,p,n,f,5.77
8570,e,w,t,5.04
8571,e,y,f,6.54
8572,p,n,f,5.5
8573,p,n,f,11.47
8574,p,g,f,2.94
8575,p,n,f,5.99
8576,p,g,f,10.98
8577,p,n,f,4.12
8578,e,l,f,2.21
8579,e,w,f,5.34
8580,e,l,f,7.54
8581,p,y,t,5.14
8582,p,y,t,4.7
8583,p,n,f,4.62
8584,p,l,f,3.63
8585,e,n,t,10.19
8586,p,n,f,12.14
8587,p,e,f,19.45
8588,p,w,f,5.39
8589,p,y,f,4.68
8590,e,n,f,8.26
8591,p,n,f,4.71
8592,e,n,t,9.04
8593,e,n,f,5.26
8594,e,y,t,7.31
8595,p,y,f,5.32
8596,e,p,t,5.22
8597,p,n,f,11.09
8598,p,n,f,10.65
8599,e,y,f,5.92
8600,p,w,t,10.5
8601,e,p,t,4.82
8602,e,n,t,10.89
8603,e,g,f,4.97
8604,p,y,f,6.94
8605,e,w,f,3.66
8606,e,y,f,5.63
8607,p,n,f,5.19
8608,e,n,f,6.17
8609,e,n,t,11.16
8610,p,n,f,11.08
8611,p,n,f,12.27
8612,p,p,f,4.96
8613,e,y,f,7.15
8614,p,k,f,5.8
8615,e,n,f,5.9
8616,p,w,f,11.19
8617,p,e,f,5.99
8618,e,n,f,6.64
8619,p,k,f,3.72
8620,p,n,f,8.51
8621,p,n,f,7.18
8622,p,n,f,6.69
8623,e,n,t,8.16
8624,e,n,f,4.82
8625,e,g,f,3.24
8626,p,g,f,11.55
8627,p,y,f,6.87
8628,p,p,t,7.98
8629,e,n,f,4.65
8630,e,n,f,5.3
8631,e,y,f,4.01
8632,e,w,f,24.35
8633,e,n,f,5.24
8634,p,r,f,10.71
8635,p,r,f,10.29
8636,e,w,f,3.52
8637,p,w,f,8.46
8638,p,w,f,3.68
8639,e,b,f,5.91
8640,e,y,t,8.71
8641,p,r,t,5.05
8642,p,k,f,6.4
8643,p,e,f,8.59
8644,e,e,f,8.23
8645,e,g,t,4.41
8646,e,n,f,6.43
8647,p,e,f,5.08
8648,e,n,f,4.92
8649,e,y,f,7.84
8650,p,u,f,4.06
8651,p,n,f,3.76
8652,p,n,f,10.95
8653,p,e,f,8.27
8654,p,n,t,4.76
8655,p,y,f,7.34
8656,p,e,f,8.17
8657,p,y,f,5.5
8658,p,g,t,8.79
8659,p,b,f,4.01
8660,p,g,f,5.31
8661,e,n,f,5.51
8662,p,n,f,5.0
8663,e,g,f,2.61
8664,p,w,f,5.32
8665,e,g,f,6.99
8666,p,w,t,8.5
8667,p,w,f,3.46
8668,p,n,f,9.83
8669,e,y,t,7.53
8670,p,n,f,6.59
8671,e,n,f,4.91
8672,p,n,f,1.46
8673,p,n,f,4.97
8674,p,n,f,4.73
8675,e,n,f,13.32
8676,p,n,f,4.88
8677,p,w,f,9.43
8678,p,n,f,9.34
8679,e,n,f,7.8
8680,p,r,f,5.58
8681,e,n,f,4.88
8682,p,w,f,5.81
8683,p,g,t,4.81
8684,p,n,f,11.01
8685,e,n,f,4.39
8686,e,g,f,5.05
8687,p,n,t,7.42
8688,e,n,f,5.57
8689,p,e,f,3.38
8690,p,u,f,3.49
8691,p,r,f,6.68
8692,p,y,f,5.81
8693,p,r,f,4.98
8694,e,u,f,4.9
8695,p,e,f,3.89
8696,p,n,f,11.85
8697,p,y,f,4.09
8698,e,n,f,7.56
8699,p,n,t,7.53
8700,e,y,f,5.75
8701,p,y,f,7.18
8702,e,n,f,6.65
8703,p,y,f,3.15
8704,p,n,f,9.18
8705,e,n,f,5.76
8706,p,n,f,5.87
8707,e,n,f,6.12
8708,p,n,t,8.95
8709,p,n,f,5.56
8710,e,n,f,7.53
8711,p,o,f,3.62
8712,p,n,f,9.75
8713,p,e,f,13.1
8714,p,n,f,7.14
8715,p,n,f,3.69
8716,p,n,t,5.55
8717,p,n,f,3.87
8718,p,n,f,7.51
8719,p,n,f,3.98
8720,p,w,f,10.06
8721,p,y,f,1.5
8722,p,p,f,5.26
8723,e,n,f,6.53
8724,p,n,f,8.81
8725,p,e,f,4.76
8726,p,k,f,7.07
8727,p,n,f,15.89
8728,e,w,t,8.56
8729,p,n,f,4.59
8730,e,n,f,5.78
8731,p,n,f,9.64
8732,p,n,t,6.9
8733,p,n,f,15.93
8734,p,e,f,5.58
8735,p,y,f,5.54
8736,e,n,f,5.74
8737,e,n,t,6.65
8738,e,y,f,7.08
8739,p,n,f,4.74
8740,e,y,f,6.01
8741,p,n,f,4.46
8742,e,b,f,7.01
8743,e,n,f,7.04
8744,p,n,t,6.1
8745,p,w,f,3.79
8746,p,y,f,10.65
8747,p,u,f,3.49
8748,p,n,f,3.16
8749,p,e,t,6.1
8750,e,b,f,7.04
8751,p,y,f,5.64
8752,e,o,f,7.0
8753,p,w,f,3.73
8754,p,y,f,3.74
8755,p,r,t,4.93
8756,p,w,f,8.65
8757,e,n,f,5.46
8758,e,y,f,8.54
8759,e,n,f,7.04
8760,e,n,f,6.08
8761,e,y,t,8.49
8762,e,n,t,9.34
8763,e,y,t,7.75
8764,p,n,f,6.98
8765,p,g,t,7.92
8766,p,o,f,9.68
8767,p,p,t,9.24
8768,p,n,f,6.35
8769,p,p,t,8.41
8770,e,n,f,24.3
8771,p,y,f,3.73
8772,e,n,t,5.54
8773,p,n,f,4.63
8774,p,n,f,5.41
8775,p,w,f,4.83
8776,p,y,f,4.8
8777,p,o,f,2.77
8778,e,y,f,4.87
8779,p,n,f,9.91
8780,p,n,f,4.41
8781,p,o,f,17.63
8782,p,e,f,12.23
8783,p,n,f,12.82
8784,p,o,f,4.4
8785,p,n,t,4.6
8786,p,n,f,5.64
8787,p,p,f,4.34
8788,e,n,t,8.25
8789,p,p,t,7.01
8790,p,n,f,5.01
8791,e,n,t,7.92
8792,e,n,f,6.52
8793,p,y,t,6.06
8794,e,n,f,6.29
8795,e,w,f,3.57
8796,p,w,f,4.15
8797,p,r,f,5.13
8798,e,n,f,5.35
8799,p,w,f,2.91
8800,p,n,f,3.76
8801,p,n,f,4.95
8802,p,w,f,3.18
8803,e,n,f,6.04
8804,e,n,f,5.24
8805,p,n,f,5.8
8806,e,l,f,2.32
8807,e,y,t,8.14
8808,e,e,t,5.19
8809,e,u,f,6.28
8810,e,y,f,6.6
8811,p,n,f,7.92
8812,p,n,f,6.7
8813,p,y,f,4.84
8814,e,n,f,7.46
8815,e,n,f,5.81
8816,p,o,f,1.54
8817,e,n,t,6.02
8818,e,g,f,5.76
8819,e,n,f,5.91
8820,e,y,f,5.7
8821,e,n,f,5.47
8822,p,e,f,5.71
8823,e,w,t,4.88
8824,p,e,f,7.31
8825,e,w,t,6.6
8826,p,n,t,6.16
8827,p,e,f,6.13
8828,p,y,t,6.23
8829,e,y,f,3.46
8830,e,n,f,4.66
8831,p,n,f,10.18
8832,e,l,f,5.79
8833,p,n,f,1.98
8834,p,r,f,10.97
8835,e,n,t,8.16
8836,p,w,f,13.32
8837,p,w,f,3.58
8838,p,r,t,6.12
8839,p,n,f,3.45
8840,e,n,f,6.23
8841,e,n,f,5.04
8842,e,w,f,4.21
8843,e,n,t,8.16
8844,p,n,f,5.16
8845,e,y,f,3.9
8846,p,g,f,9.76
8847,e,y,f,6.07
8848,p,r,f,7.47
8849,p,g,f,3.55
8850,e,n,t,8.09
8851,p,y,f,3.73
8852,e,y,f,7.15
8853,p,w,f,3.49
8854,p,o,f,13.84
8855,e,k,f,4.31
8856,p,n,f,8.65
8857,e,l,f,5.96
8858,p,r,t,5.58
8859,p,y,t,5.4
8860,p,u,f,2.56
8861,p,n,f,10.81
8862,e,w,f,7.05
8863,p,n,f,10.64
8864,p,y,f,6.37
8865,p,g,f,5.12
8866,p,w,t,5.21
8867,e,n,t,9.6
8868,p,r,f,1.35
8869,p,g,f,6.65
8870,p,n,t,3.98
8871,p,n,f,4.34
8872,p,n,f,6.62
8873,p,y,f,3.48
8874,e,n,t,12.34
8875,e,n,f,6.21
8876,p,n,f,5.99
8877,e,p,t,4.53
8878,e,y,f,6.68
8879,p,e,f,17.03
8880,p,n,f,4.94
8881,p,o,f,4.52
8882,e,n,f,5.43
8883,e,w,f,3.7
8884,p,y,f,5.89
8885,e,g,f,4.49
8886,e,k,f,7.07
8887,e,n,t,8.92
8888,e,n,t,9.25
8889,p,e,f,3.9
8890,p,r,t,6.68
8891,e,w,f,3.85
8892,p,n,f,5.1
8893,p,r,t,4.47
8894,p,w,t,8.26
8895,p,g,f,10.48
8896,p,y,t,5.92
8897,e,n,t,9.06
8898,e,n,t,11.62
8899,e,n,f,9.11
8900,p,l,f,3.74
8901,p,y,f,6.5
8902,e,w,f,3.25
8903,p,y,f,3.76
8904,p,p,f,5.28
8905,p,n,f,4.34
8906,p,n,f,11.34
8907,p,n,f,4.72
8908,p,n,f,9.59
8909,e,n,f,6.54
8910,e,w,t,6.18
8911,p,w,f,5.27
8912,e,n,t,8.33
8913,e,n,f,10.07
8914,e,w,f,15.25
8915,p,n,f,6.08
8916,e,w,t,6.69
8917,e,b,f,6.42
8918,e,b,f,5.35
8919,e,n,f,7.26
8920,p,n,f,3.82
8921,e,n,f,4.92
8922,p,n,f,4.43
8923,p,w,f,9.74
8924,p,n,f,6.76
8925,p,k,f,3.38
8926,e,n,f,6.29
8927,p,n,f,6.19
8928,e,b,f,6.34
8929,e,u,t,3.86
8930,e,b,f,2.39
8931,e,n,t,9.04
8932,e,n,t,6.51
8933,p,n,t,10.02
8934,p,n,f,1.99
8935,p,n,f,5.24
8936,p,n,f,5.55
8937,p,n,t,6.21
8938,p,p,f,3.75
8939,p,y,t,9.66
8940,p,n,f,3.5
8941,e,n,t,5.09
8942,e,n,f,7.23
8943,p,n,f,9.53
8944,p,n,f,5.35
8945,e,n,f,5.21
8946,p,y,f,6.47
8947,e,n,f,5.1
8948,p,y,f,6.16
8949,e,w,f,3.49
8950,e,n,f,3.62
8951,p,p,f,4.67
8952,e,n,f,5.71
8953,p,n,f,4.97
8954,e,g,f,7.65
8955,e,k,f,6.17
8956,e,n,f,5.12
8957,e,n,f,5.43
8958,e,n,f,5.43
8959,e,y,t,7.86
8960,e,n,f,8.03
8961,e,n,f,5.65
8962,p,o,f,3.65
8963,p,y,f,6.61
8964,p,n,f,6.03
8965,p,y,t,6.37
8966,p,e,f,5.89
8967,e,n,f,5.8
8968,e,n,f,6.46
8969,p,n,f,6.03
8970,p,n,f,5.94
8971,p,y,f,2.92
8972,p,y,t,4.96
8973,p,n,t,3.74
8974,e,g,f,4.73
8975,p,n,f,5.72
8976,e,n,f,8.28
8977,p,n,f,9.05
8978,p,w,f,7.23
8979,e,n,t,7.28
8980,p,n,f,11.47
8981,p,n,t,3.32
8982,e,u,f,6.9
8983,p,g,f,9.14
8984,e,n,f,6.7
8985,p,n,f,6.75
8986,p,n,f,5.03
8987,e,n,f,12.86
8988,p,g,t,8.47
8989,p,y,f,3.64
8990,p,n,f,9.38
8991,p,n,f,3.9
8992,p,o,f,2.91
8993,e,w,t,7.92
8994,p,g,t,4.6
8995,p,g,t,9.56
8996,p,n,f,5.4
8997,p,w,f,3.28
8998,e,g,f,3.84
8999,p,n,f,4.68
9000,e,w,f,17.47
9001,p,w,f,3.97
9002,p,n,f,4.78
9003,p,y,t,8.05
9004,p,n,t,4.73
9005,p,n,f,9.69
9006,e,n,f,5.99
9007,e,n,t,3.89
9008,p,y,f,5.24
9009,p,e,f,18.06
9010,p,n,f,5.35
9011,e,l,f,8.0
9012,e,w,t,5.75
9013,p,e,f,5.55
9014,p,y,f,6.63
9015,e,k,f,4.07
9016,e,n,f,6.77
9017,e,y,f,4.43
9018,p,n,f,2.02
9019,e,n,f,9.06
9020,p,o,f,4.49
9021,e,p,t,4.94
9022,e,n,f,5.07
9023,p,y,t,6.08
9024,p,p,f,4.96
9025,p,n,f,1.81
9026,e,r,f,7.21
9027,e,n,f,11.21
9028,e,n,f,7.07
9029,p,w,f,3.05
9030,p,l,f,6.29
9031,e,n,f,7.18
9032,p,n,f,5.14
9033,e,n,f,5.04
9034,e,l,f,7.6
9035,e,n,f,6.48
9036,p,y,f,5.77
9037,e,n,f,5.53
9038,e,n,f,8.57
9039,e,n,f,6.89
9040,e,n,t,9.33
9041,p,y,f,8.85
9042,p,n,t,6.07
9043,p,n,f,6.53
9044,e,n,t,5.36
9045,e,n,f,9.16
9046,e,n,f,6.75
9047,e,o,f,5.43
9048,e,n,t,11.16
9049,e,n,t,6.26
9050,e,n,f,7.51
9051,e,n,f,5.25
9052,p,y,f,4.81
9053,e,n,f,4.09
9054,p,e,f,4.89
9055,e,l,f,6.77
9056,p,r,f,4.72
9057,e,n,f,5.78
9058,p,n,f,9.53
9059,p,e,f,4.21
9060,p,g,f,8.08
9061,e,g,f,6.1
9062,p,n,t,5.51
9063,p,y,f,6.65
9064,p,e,f,3.69
9065,e,n,t,6.04
9066,e,l,f,7.64
9067,p,e,f,6.86
9068,p,p,f,4.26
9069,p,w,f,11.31
9070,p,o,f,3.64
9071,p,p,f,4.08
9072,p,w,f,3.8
9073,p,o,f,3.38
9074,p,w,f,5.48
9075,e,n,f,7.27
9076,p,n,f,4.94
9077,p,y,f,3.19
9078,p,n,t,8.74
9079,e,n,f,5.31
9080,e,n,f,4.97
9081,e,n,f,7.32
9082,e,y,f,8.42
9083,p,n,f,11.78
9084,e,g,f,4.33
9085,e,n,f,6.07
9086,p,n,f,3.32
9087,e,w,f,6.22
9088,p,n,f,5.22
9089,p,n,f,10.56
9090,p,n,f,7.67
9091,p,n,f,3.79
9092,p,y,f,6.03
9093,e,n,f,3.9
9094,p,n,f,11.09
9095,p,o,f,3.22
9096,p,e,t,4.45
9097,e,n,f,3.97
9098,p,w,f,6.84
9099,e,n,t,8.2
9100,e,n,f,5.22
9101,e,n,f,6.94
9102,e,n,f,6.8
9103,e,n,t,4.0
9104,e,n,f,5.94
9105,p,n,f,5.59
9106,p,y,f,6.13
9107,e,g,f,9.05
9108,p,y,f,6.0
9109,e,n,f,5.54
9110,e,p,t,6.17
9111,p,n,f,6.24
9112,p,n,f,7.66
9113,p,n,f,3.95
9114,p,e,t,6.28
9115,e,n,f,5.35
9116,e,g,f,4.78
9117,e,n,f,8.03
9118,e,b,f,7.04
9119,e,n,f,7.43
9120,e,n,f,3.78
9121,p,n,f,1.92
9122,e,n,t,9.05
9123,p,e,f,6.01
9124,p,y,t,6.62
9125,e,w,f,3.68
9126,p,o,f,4.6
9127,p,n,f,2.07
9128,p,n,f,11.08
9129,e,n,f,6.09
9130,e,n,f,5.56
9131,e,g,f,7.5
9132,p,e,f,4.09
9133,e,w,f,4.07
9134,p,e,t,6.4
9135,e,y,t,9.47
9136,p,g,f,5.21
9137,e,n,f,13.06
9138,e,n,f,5.69
9139,e,n,t,5.37
9140,e,n,f,4.53
9141,e,k,f,4.91
9142,e,n,f,6.37
9143,p,g,f,3.42
9144,p,n,f,6.01
9145,e,b,f,5.65
9146,p,e,f,2.77
9147,e,n,f,5.64
9148,e,w,f,2.6
9149,p,e,f,16.21
9150,p,o,f,3.45
9151,p,w,f,2.94
9152,p,w,t,7.35
9153,e,n,f,8.21
9154,e,y,t,6.99
9155,e,w,t,6.5
9156,p,w,f,3.64
9157,e,n,f,7.63
9158,p,n,f,7.96
9159,p,p,f,4.61
9160,p,y,f,5.34
9161,p,n,f,5.04
9162,p,o,f,3.24
9163,e,n,t,5.52
9164,e,n,f,5.53
9165,e,n,f,6.46
9166,e,w,f,3.55
9167,p,y,f,6.77
9168,p,g,f,5.13
9169,p,e,f,3.44
9170,e,w,f,3.46
9171,e,w,f,24.74
9172,e,o,f,5.59
9173,e,w,f,2.56
9174,e,n,f,4.64
9175,p,y,f,3.81
9176,e,n,f,11.95
9177,p,n,f,10.0
9178,p,k,f,7.03
9179,p,e,f,4.54
9180,e,n,f,7.08
9181,e,y,f,4.62
9182,e,n,f,6.12
9183,e,w,f,5.79
9184,e,w,t,8.96
9185,p,y,f,5.35
9186,e,e,f,6.3
9187,p,w,f,3.16
9188,e,n,f,7.06
9189,e,g,f,6.34
9190,p,n,f,5.89
9191,p,e,f,13.32
9192,e,u,f,7.62
9193,p,u,f,5.53
9194,e,n,f,13.43
9195,e,n,f,5.59
9196,e,n,f,4.5
9197,p,n,t,4.25
9198,p,n,f,4.65
9199,p,w,f,3.48
9200,p,n,f,5.44
9201,p,w,t,8.74
9202,e,e,f,10.84
9203,p,b,f,4.79
9204,e,n,t,11.5
9205,p,n,f,5.8
9206,e,g,f,4.47
9207,e,p,t,5.32
9208,e,w,f,5.69
9209,p,n,f,11.31
9210,p,r,f,5.88
9211,p,n,f,8.4
9212,e,p,f,3.74
9213,e,n,t,8.45
9214,e,o,f,7.32
9215,e,b,f,7.53
9216,e,n,t,9.96
9217,e,b,f,2.29
9218,p,y,f,2.85
9219,e,l,f,2.8
9220,e,n,t,3.89
9221,e,n,f,4.64
9222,e,n,f,5.7
9223,e,n,f,5.65
9224,e,p,t,5.19
9225,e,n,f,4.97
9226,p,e,f,4.01
9227,p,y,f,9.02
9228,p,y,f,6.77
9229,p,n,f,4.74
9230,e,y,f,6.24
9231,e,y,t,7.68
9232,p,y,f,2.69
9233,e,b,f,5.57
9234,e,n,f,6.16
9235,p,g,f,4.85
9236,e,n,f,6.56
9237,p,n,f,9.93
9238,p,g,f,10.12
9239,p,n,f,3.87
9240,p,w,f,3.18
9241,p,n,f,2.18
9242,p,n,t,3.71
9243,e,n,f,7.85
9244,p,n,t,3.6
9245,p,y,f,4.79
9246,p,o,f,16.78
9247,e,g,f,6.5
9248,p,e,f,4.62
9249,p,n,f,5.56
9250,p,l,f,4.1
9251,e,y,f,4.81
9252,e,p,f,5.93
9253,e,b,f,2.59
9254,p,g,t,9.33
9255,e,y,t,7.76
9256,e,n,f,6.5
9257,p,n,t,2.72
9258,p,n,f,4.2
9259,e,w,t,5.97
9260,e,g,t,4.97
9261,e,n,f,5.72
9262,e,o,f,8.81
9263,e,n,f,11.18
9264,p,e,f,7.37
9265,p,e,t,6.37
9266,e,n,f,5.76
9267,e,u,f,7.14
9268,e,w,f,7.86
9269,p,n,f,15.46
9270,p,r,f,11.19
9271,p,w,f,6.19
9272,p,n,f,10.94
9273,p,n,f,9.8
9274,e,n,f,7.45
9275,p,n,f,10.21
9276,p,y,f,7.89
9277,e,w,f,3.23
9278,p,n,f,8.55
9279,e,n,f,7.82
9280,p,n,f,5.53
9281,p,n,f,8.8
9282,e,k,f,4.47
9283,e,n,f,4.16
9284,e,w,f,19.57
9285,p,y,f,8.95
9286,p,o,f,3.83
9287,p,n,f,4.75
9288,e,n,f,5.22
9289,e,g,f,4.68
9290,e,u,f,4.81
9291,p,n,f,4.92
9292,e,n,f,7.4
9293,p,y,f,3.43
9294,p,y,f,3.61
9295,p,o,f,3.07
9296,p,n,f,11.11
9297,p,n,f,3.91
9298,p,k,f,4.98
9299,p,o,t,4.6
9300,e,p,t,4.3
9301,e,n,f,4.36
9302,p,p,f,5.27
9303,p,y,f,6.54
9304,p,n,f,5.25
9305,p,p,f,3.22
9306,p,g,f,2.3
9307,p,r,t,4.94
9308,e,n,t,5.82
9309,e,g,f,6.96
9310,p,n,f,6.55
9311,p,y,f,3.85
9312,p,n,f,10.22
9313,e,n,f,6.28
9314,p,y,f,6.63
9315,p,n,f,7.61
9316,p,y,f,6.27
9317,e,o,f,5.79
9318,p,n,t,5.4
9319,e,g,f,3.14
9320,p,y,f,9.18
9321,p,y,f,5.32
9322,e,n,t,9.26
9323,p,n,f,10.7
9324,e,n,f,9.04
9325,p,n,f,1.99
9326,p,n,t,3.4
9327,e,g,f,7.86
9328,p,o,f,3.99
9329,e,y,f,3.96
9330,e,w,f,5.21
9331,e,o,f,4.76
9332,p,n,f,5.12
9333,p,n,f,9.19
9334,p,n,f,6.37
9335,p,w,f,2.92
9336,p,y,f,8.81
9337,p,e,f,4.87
9338,e,n,f,5.32
9339,e,y,f,2.72
9340,p,y,f,6.44
9341,e,n,f,6.31
9342,e,e,f,17.81
9343,e,n,f,7.87
9344,p,l,f,5.9
9345,p,y,f,2.91
9346,e,y,f,3.19
9347,p,n,f,3.44
9348,e,o,f,9.15
9349,e,y,f,7.63
9350,p,e,f,6.01
9351,p,n,f,6.29
9352,e,g,f,7.69
9353,e,n,f,7.05
9354,e,g,f,7.82
9355,e,y,f,5.94
9356,e,n,t,7.23
9357,p,r,f,4.49
9358,p,y,t,6.23
9359,e,g,f,4.77
9360,p,n,f,4.58
9361,p,k,f,3.34
9362,p,e,f,9.29
9363,p,w,f,3.91
9364,p,n,f,7.25
9365,e,n,f,5.23
9366,e,n,t,8.96
9367,p,n,f,7.38
9368,p,n,t,8.4
9369,e,n,f,5.44
9370,p,y,f,2.89
9371,e,n,f,5.16
9372,e,n,f,4.55
9373,e,w,f,5.79
9374,e,n,t,9.78
9375,e,g,f,4.77
9376,p,o,t,4.19
9377,p,n,t,4.76
9378,p,y,f,7.53
9379,e,n,f,5.24
9380,e,g,f,7.89
9381,p,g,f,2.8
9382,p,n,f,4.64
9383,e,g,f,2.5
9384,e,y,f,5.92
9385,p,n,t,5.93
9386,p,p,t,7.22
9387,p,n,f,11.45
9388,p,k,f,7.29
9389,p,n,f,4.39
9390,e,n,f,8.38
9391,p,g,f,2.65
9392,e,n,f,4.73
9393,p,n,f,9.32
9394,p,e,f,4.49
9395,p,y,f,3.71
9396,p,n,f,6.69
9397,e,g,f,5.92
9398,p,e,f,15.02
9399,p,n,f,4.22
9400,e,n,f,6.95
9401,p,n,f,5.91
9402,p,w,f,5.74
9403,p,o,f,3.55
9404,e,n,f,5.87
9405,e,b,f,2.55
9406,e,g,f,2.69
9407,e,g,f,4.83
9408,e,y,t,7.42
9409,p,n,f,11.41
9410,e,n,f,7.51
9411,e,n,f,5.14
9412,p,y,t,6.06
9413,e,n,t,11.95
9414,p,y,f,6.79
9415,p,n,f,4.65
9416,e,n,f,6.33
9417,p,g,f,11.02
9418,p,g,f,4.93
9419,e,l,f,7.66
9420,e,u,f,7.39
9421,p,n,f,9.25
9422,p,l,f,4.73
9423,e,n,t,3.81
9424,e,n,f,5.84
9425,p,e,f,5.12
9426,p,n,f,10.11
9427,p,n,f,5.17
9428,e,y,f,5.68
9429,e,n,f,5.26
9430,e,n,f,6.7
9431,e,b,f,6.15
9432,e,n,f,3.93
9433,e,n,f,5.36
9434,e,n,t,10.04
9435,e,e,f,4.28
9436,e,n,t,4.92
9437,p,n,f,4.13
9438,p,e,t,6.51
9439,e,n,f,15.9
9440,e,b,f,6.61
9441,e,n,t,7.48
9442,e,e,f,7.17
9443,p,w,t,7.57
9444,e,w,f,5.82
9445,e,n,f,5.88
9446,p,n,f,4.73
9447,p,n,f,10.93
9448,p,u,f,6.17
9449,e,w,f,7.19
9450,p,e,f,7.23
9451,p,w,f,3.38
9452,e,y,f,5.69
9453,e,g,f,7.95
9454,p,o,t,3.87
9455,p,n,f,10.47
9456,p,n,f,5.73
9457,p,n,f,5.82
9458,e,n,f,5.83
9459,p,r,f,1.41
9460,e,n,f,7.25
9461,e,g,f,3.07
9462,p,g,f,2.95
9463,p,n,f,14.77
9464,p,o,f,3.69
9465,e,n,f,4.03
9466,e,y,f,6.27
9467,p,e,f,17.96
9468,p,y,t,8.09
9469,p,y,f,8.03
9470,p,n,f,4.82
9471,p,y,f,5.26
9472,e,w,f,2.41
9473,e,n,t,9.01
9474,p,w,f,3.16
9475,e,w,f,3.43
9476,e,u,f,5.08
9477,p,n,f,9.41
9478,p,y,f,4.82
9479,e,g,f,6.0
9480,p,n,f,5.31
9481,p,n,f,5.16
9482,e,n,f,6.77
9483,e,l,f,6.54
9484,e,n,f,9.29
9485,p,e,f,9.0
9486,e,n,f,6.33
9487,p,n,f,5.95
9488,p,o,f,5.75
9489,e,n,f,6.96
9490,p,y,f,4.4
9491,e,w,f,4.94
9492,p,n,f,4.28
9493,e,b,f,4.93
9494,e,b,f,5.21
9495,p,n,f,6.14
9496,e,n,f,4.62
9497,e,w,t,6.91
9498,e,y,f,6.37
9499,p,l,f,5.96
9500,e,g,f,5.49
9501,e,n,f,7.73
9502,p,e,f,3.89
9503,p,y,f,6.74
9504,p,y,f,3.73
9505,e,n,t,9.39
9506,e,w,f,4.24
9507,e,n,f,6.82
9508,p,n,f,5.21
9509,p,n,f,6.19
9510,p,r,f,7.46
9511,e,n,f,4.22
9512,p,n,f,4.81
9513,e,o,t,5.39
9514,e,y,f,6.01
9515,e,y,f,5.93
9516,e,y,f,7.33
9517,e,w,t,5.79
9518,e,n,f,6.04
9519,e,u,t,4.7
9520,e,n,t,6.67
9521,e,n,f,4.83
9522,e,o,f,9.21
9523,e,p,t,5.9
9524,e,n,f,8.62
9525,p,e,f,5.7
9526,p,n,f,5.95
9527,e,n,f,6.96
9528,p,e,f,5.88
9529,e,u,f,4.27
9530,e,w,t,7.58
9531,p,k,f,8.6
9532,e,n,f,5.55
9533,e,n,f,14.29
9534,p,g,t,4.73
9535,e,n,t,7.82
9536,e,w,f,4.71
9537,p,n,f,5.22
9538,p,n,f,6.59
9539,p,n,f,6.21
9540,p,n,f,6.05
9541,e,n,f,7.69
9542,e,n,f,8.83
9543,e,n,t,10.19
9544,p,n,f,5.32
9545,e,n,f,6.47
9546,p,o,f,4.65
9547,p,n,f,8.63
9548,e,w,f,2.59
9549,e,e,t,4.83
9550,p,n,f,6.46
9551,e,w,f,6.71
9552,p,r,f,11.32
9553,e,n,f,5.92
9554,p,n,f,14.99
9555,p,n,f,5.92
9556,e,n,t,9.29
9557,p,p,f,3.58
9558,p,y,f,5.15
9559,p,e,f,6.18
9560,e,n,f,5.16
9561,p,n,f,16.38
9562,e,n,f,11.41
9563,p,y,f,5.99
9564,e,n,f,7.01
9565,e,w,f,23.28
9566,p,y,f,5.92
9567,e,n,f,4.71
9568,e,w,f,5.0
9569,p,y,t,11.04
9570,p,g,t,4.77
9571,e,n,f,4.97
9572,e,g,f,6.23
9573,p,y,f,3.97
9574,p,w,f,3.32
9575,p,n,f,3.99
9576,p,n,f,6.31
9577,p,n,f,4.89
9578,p,e,f,4.05
9579,p,n,f,14.73
9580,e,g,t,2.58
9581,p,o,f,2.88
9582,p,y,f,6.32
9583,p,w,f,2.46
9584,e,p,t,5.96
9585,e,y,t,5.75
9586,e,n,f,4.94
9587,e,y,f,7.08
9588,e,o,f,18.14
9589,e,n,f,6.03
9590,p,n,t,7.06
9591,e,g,t,9.46
9592,e,w,t,5.73
9593,p,n,f,4.13
9594,e,w,f,2.57
9595,p,n,f,8.21
9596,p,w,t,6.93
9597,e,n,t,9.05
9598,p,n,f,4.85
9599,p,y,f,4.81
9600,e,n,f,5.0
9601,p,w,f,4.52
9602,p,n,f,5.35
9603,e,n,t,7.96
9604,e,n,f,7.08
9605,p,n,f,4.76
9606,e,n,f,6.04
9607,e,y,f,6.06
9608,e,n,f,4.66
9609,e,n,f,6.36
9610,p,n,f,4.25
9611,e,n,f,5.35
9612,p,y,t,4.45
9613,p,n,f,8.01
9614,e,b,f,5.36
9615,p,n,f,7.27
9616,p,n,f,11.77
9617,p,n,f,6.1
9618,p,u,f,4.14
9619,e,n,f,6.41
9620,p,r,t,4.64
9621,p,n,f,3.35
9622,e,y,t,7.37
9623,e,n,f,4.57
9624,e,n,t,6.31
9625,p,y,f,5.92
9626,e,n,f,6.17
9627,e,n,f,5.12
9628,p,k,f,3.02
9629,e,o,f,4.35
9630,p,o,f,4.71
9631,p,o,f,3.68
9632,p,n,f,7.72
9633,p,n,f,5.21
9634,e,u,f,4.78
9635,e,g,f,4.61
9636,p,p,t,8.32
9637,p,o,f,4.95
9638,p,n,t,4.58
9639,e,y,t,8.01
9640,p,n,f,5.24
9641,e,l,f,7.16
9642,p,w,f,3.19
9643,p,n,f,5.03
9644,e,n,f,6.08
9645,p,w,f,3.25
9646,e,n,t,11.43
9647,e,n,f,6.15
9648,e,n,t,12.13
9649,p,n,f,6.03
9650,p,r,f,11.14
9651,p,n,f,10.82
9652,p,n,f,4.42
9653,p,y,f,9.1
9654,e,n,t,9.0
9655,p,k,f,7.78
9656,e,g,t,11.95
9657,p,o,f,17.3
9658,e,n,t,7.1
9659,e,u,f,5.19
9660,e,k,f,4.27
9661,e,n,t,8.29
9662,e,n,f,5.32
9663,p,w,f,3.57
9664,p,n,f,8.08
9665,p,k,f,3.5
9666,p,e,f,17.26
9667,p,w,f,3.99
9668,p,w,f,3.79
9669,p,y,f,5.54
9670,e,n,f,11.06
9671,e,n,f,3.9
9672,p,y,f,6.22
9673,p,w,f,5.79
9674,e,n,t,13.65
9675,p,n,f,6.32
9676,e,n,f,5.09
9677,e,n,f,7.03
9678,e,e,f,4.54
9679,p,e,f,10.79
9680,p,o,f,7.42
9681,e,n,f,7.41
9682,e,n,f,8.1
9683,p,o,t,3.44
9684,p,n,t,8.82
9685,p,y,f,5.06
9686,e,n,f,6.43
9687,e,n,f,4.15
9688,p,o,f,3.11
9689,p,n,t,4.62
9690,p,e,f,5.75
9691,e,n,f,5.62
9692,p,l,f,3.94
9693,p,y,f,6.74
9694,p,n,f,6.2
9695,p,n,f,4.89
9696,p,y,f,6.91
9697,e,r,f,6.05
9698,e,n,f,7.46
9699,e,n,f,6.44
9700,e,w,f,8.07
9701,p,y,f,5.01
9702,p,r,t,5.77
9703,p,n,f,4.73
9704,p,y,f,5.28
9705,e,n,f,7.42
9706,p,e,t,9.55
9707,p,e,f,3.42
9708,p,n,f,9.79
9709,e,n,f,4.72
9710,e,g,f,4.43
9711,e,y,t,5.82
9712,e,e,f,7.25
9713,p,y,f,8.33
9714,e,g,f,2.81
9715,e,n,f,5.64
9716,p,r,f,10.74
9717,e,w,t,4.95
9718,e,o,t,5.58
9719,e,w,f,4.27
9720,e,u,f,4.21
9721,p,y,f,3.89
9722,e,y,t,8.25
9723,p,o,f,3.85
9724,p,l,f,4.87
9725,p,e,f,4.48
9726,p,e,t,7.24
9727,p,e,f,4.34
9728,p,k,f,7.17
9729,p,w,f,3.61
9730,p,w,t,8.74
9731,p,e,f,7.56
9732,e,g,f,8.28
9733,e,n,f,9.77
9734,p,o,f,3.38
9735,e,w,f,3.39
9736,e,n,f,4.45
9737,p,o,t,3.25
9738,p,n,f,4.77
9739,p,w,f,9.9
9740,p,o,f,3.82
9741,e,y,f,6.57
9742,p,w,f,3.34
9743,e,n,f,5.63
9744,e,w,f,3.3
9745,e,y,t,7.83
9746,p,n,f,3.62
9747,p,k,f,4.85
9748,e,p,f,4.31
9749,p,n,f,6.2
9750,p,e,f,5.43
9751,e,y,f,6.35
9752,p,r,t,4.99
9753,e,y,t,7.88
9754,p,w,f,8.5
9755,e,n,t,8.16
9756,e,g,f,5.08
9757,p,n,f,5.58
9758,e,g,f,4.84
9759,p,y,f,3.17
9760,p,n,f,6.89
9761,p,e,t,7.02
9762,p,n,f,7.95
9763,p,e,f,8.44
9764,e,w,f,2.77
9765,e,l,f,5.84
9766,p,y,f,6.2
9767,p,g,t,5.05
9768,e,w,f,4.56
9769,e,n,t,8.74
9770,p,n,f,10.8
9771,e,p,t,6.07
9772,p,n,t,7.86
9773,p,y,f,1.59
9774,e,n,f,6.38
9775,p,n,t,8.5
9776,p,e,f,7.41
9777,e,n,f,5.41
9778,p,y,f,5.84
9779,e,n,f,5.73
9780,e,b,f,4.68
9781,p,y,f,8.31
9782,p,p,f,4.78
9783,p,n,f,4.43
9784,e,w,t,9.9
9785,p,n,f,11.07
9786,p,n,t,3.0
9787,p,y,f,3.13
9788,e,w,f,5.61
9789,e,p,f,7.0
9790,p,n,f,4.36
9791,e,n,f,12.61
9792,e,y,t,7.34
9793,e,w,t,6.22
9794,p,y,t,9.55
9795,p,g,f,3.14
9796,p,n,f,5.08
9797,e,y,t,7.8
9798,p,n,f,5.65
9799,p,y,f,5.12
9800,p,k,f,8.25
9801,e,y,f,6.09
9802,p,n,f,13.97
9803,p,y,f,1.75
9804,e,n,f,6.1
9805,p,y,f,5.42
9806,p,p,t,7.58
9807,p,g,f,5.1
9808,e,g,t,4.54
9809,p,o,f,2.9
9810,e,g,t,10.26
9811,p,n,f,10.14
9812,e,n,f,3.61
9813,e,k,f,5.36
9814,p,o,f,6.27
9815,p,w,t,10.75
9816,p,n,t,6.24
9817,p,w,f,4.25
9818,e,n,f,5.74
9819,e,y,f,7.39
9820,e,n,f,6.28
9821,e,n,f,6.3
9822,p,y,f,5.85
9823,p,y,f,6.73
9824,e,n,t,8.53
9825,p,o,f,3.31
9826,p,w,f,2.94
9827,e,g,f,6.17
9828,p,e,f,7.32
9829,p,p,f,4.19
9830,e,n,f,7.07
9831,p,w,f,3.97
9832,p,y,f,6.5
9833,e,n,f,5.48
9834,e,n,f,12.03
9835,e,o,f,3.12
9836,p,o,t,5.14
9837,e,p,f,6.28
9838,e,w,f,3.1
9839,p,e,t,6.67
9840,e,e,f,7.85
9841,p,n,f,5.85
9842,e,u,f,4.44
9843,p,n,t,5.08
9844,p,y,f,3.48
9845,p,e,f,3.48
9846,p,n,f,6.15
9847,e,r,f,7.61
9848,e,g,f,3.91
9849,p,e,f,3.64
9850,p,p,f,4.88
9851,p,u,f,4.99
9852,p,n,f,7.7
9853,p,e,f,2.72
9854,e,g,f,7.05
9855,p,l,f,2.81
9856,p,y,t,10.41
9857,p,u,f,6.66
9858,e,g,f,2.5
9859,p,n,f,4.99
9860,p,g,f,5.72
9861,p,o,f,3.48
9862,e,n,f,6.74
9863,p,o,f,7.03
9864,e,n,f,6.63
9865,p,n,f,5.08
9866,e,g,t,8.65
9867,p,n,f,8.12
9868,e,g,f,4.64
9869,e,k,f,4.61
9870,e,b,f,4.69
9871,p,n,t,3.44
9872,p,k,f,6.41
9873,p,n,f,5.32
9874,p,n,f,7.84
9875,e,g,f,2.32
9876,p,p,f,3.69
9877,e,n,f,5.28
9878,e,r,f,5.65
9879,p,y,f,3.36
9880,e,n,f,9.29
9881,e,n,f,7.23
9882,e,n,f,7.19
9883,p,e,f,4.24
9884,e,w,f,3.76
9885,e,n,f,5.54
9886,p,o,f,17.77
9887,p,n,t,9.04
9888,p,n,f,5.06
9889,e,y,t,7.91
9890,e,p,t,6.0
9891,e,n,f,6.63
9892,e,n,f,6.54
9893,p,n,f,17.42
9894,p,n,f,5.35
9895,p,n,f,3.46
9896,p,w,f,12.31
9897,e,o,f,4.66
9898,e,n,f,7.69
9899,p,y,f,6.07
9900,p,n,f,5.95
9901,p,n,f,5.4
9902,p,r,f,1.61
9903,p,n,f,5.3
9904,e,r,f,7.4
9905,p,n,f,5.93
9906,e,u,f,4.93
9907,p,o,f,2.88
9908,p,u,f,3.01
9909,p,k,f,3.82
9910,e,e,t,4.78
9911,p,n,f,9.41
9912,e,y,f,7.03
9913,e,n,f,6.11
9914,p,n,f,7.21
9915,e,g,f,5.1
9916,e,n,f,6.9
9917,p,w,f,13.79
9918,p,e,f,5.91
9919,e,n,f,5.01
9920,e,w,f,6.36
9921,p,n,f,5.88
9922,e,n,f,7.14
9923,e,w,f,6.05
9924,e,w,f,3.37
9925,p,y,f,2.82
9926,e,n,f,4.81
9927,e,y,f,6.1
9928,p,y,f,8.37
9929,e,w,f,3.28
9930,e,n,f,6.35
9931,p,n,f,4.6
9932,p,e,f,5.76
9933,p,n,t,5.16
9934,p,n,f,4.34
9935,e,g,f,4.72
9936,p,g,f,11.04
9937,e,n,f,7.61
9938,e,o,f,5.24
9939,e,n,f,5.68
9940,e,g,f,7.36
9941,e,e,t,5.16
9942,p,n,f,4.24
9943,p,n,f,12.61
9944,p,n,f,5.75
9945,p,e,f,4.24
9946,e,e,f,7.03
9947,p,o,f,4.47
9948,e,w,f,4.92
9949,p,r,f,5.24
9950,p,w,f,4.08
9951,p,w,t,7.42
9952,p,n,f,4.99
9953,p,e,f,5.3
9954,p,n,f,11.11
9955,e,n,f,7.97
9956,p,n,f,6.09
9957,e,o,f,5.63
9958,e,n,f,4.94
9959,p,n,f,4.74
9960,e,n,t,8.98
9961,p,n,f,10.53
9962,p,y,f,5.51
9963,e,g,f,7.62
9964,p,y,f,3.59
9965,p,k,f,3.42
9966,p,y,f,1.84
9967,p,n,f,1.91
9968,p,o,f,3.78
9969,p,e,f,4.32
9970,p,r,f,11.05
9971,p,n,f,1.94
9972,e,n,f,6.29
9973,p,w,f,2.86
9974,e,y,f,6.38
9975,e,u,f,5.98
9976,e,w,t,5.99
9977,e,n,f,7.32
9978,e,o,f,6.44
9979,p,e,f,3.82
9980,p,n,f,9.87
9981,e,n,t,9.49
9982,e,g,f,5.11
9983,e,e,t,4.97
9984,p,o,f,3.93
9985,e,n,t,9.53
9986,e,g,f,5.16
9987,e,n,f,7.31
9988,p,n,f,4.92
9989,p,n,f,10.71
9990,e,n,f,4.11
9991,p,n,f,4.06
9992,e,n,f,5.05
9993,p,n,f,4.9
9994,e,n,f,4.53
9995,p,y,f,1.84
9996,e,w,f,4.74
9997,e,n,t,9.89
9998,e,n,f,5.19
9999,p,y,f,3.12
10000,p,n,f,4.21
10001,p,y,f,5.47
10002,e,b,f,4.98
10003,e,n,f,7.24
10004,e,w,f,3.38
10005,p,n,f,4.94
10006,e,n,t,9.82
10007,e,n,f,11.85
10008,e,b,f,5.38
10009,p,w,f,3.38
10010,p,y,f,8.96
10011,e,n,f,4.97
10012,e,n,f,6.14
10013,e,n,f,6.3
10014,e,g,f,6.01
10015,e,g,t,3.78
10016,e,n,f,5.73
10017,p,y,f,1.76
10018,e,n,f,6.49
10019,e,n,f,4.47
10020,p,n,t,6.2
10021,p,o,f,3.03
10022,p,n,f,5.32
10023,e,n,f,6.11
10024,e,w,f,3.18
10025,e,n,f,8.3
10026,p,o,f,17.45
10027,e,b,f,5.92
10028,e,n,f,5.08
10029,e,n,f,7.34
10030,e,g,f,4.68
10031,e,n,f,4.7
10032,p,o,f,6.37
10033,e,w,f,3.38
10034,e,w,f,14.51
10035,e,n,f,5.88
10036,p,w,f,4.77
10037,p,n,f,7.19
10038,p,w,t,7.45
10039,e,n,f,7.16
10040,p,y,f,2.02
10041,p,l,f,3.86
10042,e,n,f,5.53
10043,p,n,f,11.61
10044,p,n,f,4.73
10045,p,w,t,4.82
10046,e,p,f,7.87
10047,p,w,f,10.55
10048,e,k,f,5.3
10049,p,n,f,7.46
10050,e,n,f,4.86
10051,e,n,f,5.39
10052,p,e,f,7.38
10053,e,n,f,6.02
10054,e,n,t,11.55
10055,p,p,t,6.58
10056,e,n,f,6.84
10057,e,n,f,8.15
10058,p,w,f,3.85
10059,p,y,f,3.88
10060,p,w,f,2.39
10061,e,n,f,7.01
10062,p,r,t,5.24
10063,e,n,f,7.01
10064,e,n,f,5.26
10065,p,k,t,5.24
10066,p,n,f,4.66
10067,p,n,f,5.56
10068,p,r,t,5.53
10069,p,b,f,4.68
10070,p,n,f,4.49
10071,p,u,f,5.19
10072,p,w,f,3.67
10073,e,n,f,7.48
10074,p,n,f,7.97
10075,p,y,f,4.64
10076,e,y,t,8.14
10077,p,e,t,7.05
10078,p,p,f,4.96
10079,e,n,f,5.97
10080,e,w,f,3.54
10081,e,w,f,6.54
10082,p,y,f,5.8
10083,e,n,f,5.01
10084,p,y,f,6.04
10085,e,w,f,3.62
10086,e,w,t,6.28
10087,e,n,t,9.78
10088,p,o,t,3.65
10089,p,u,f,3.85
10090,p,e,t,5.95
10091,p,w,f,2.89
10092,p,u,t,7.71
10093,p,n,f,6.96
10094,e,n,f,4.58
10095,e,n,f,5.23
10096,e,y,f,7.84
10097,p,r,f,4.97
10098,p,e,f,4.96
10099,p,o,f,3.14
10100,e,o,f,4.86
10101,p,k,f,5.47
10102,e,b,f,4.81
10103,p,u,f,6.58
10104,e,r,f,7.09
10105,e,n,f,6.34
10106,p,y,f,6.2
10107,p,w,f,3.15
10108,e,n,f,7.6
10109,p,n,f,9.72
10110,p,y,f,5.83
10111,p,y,f,6.56
10112,e,b,f,4.71
10113,e,n,f,4.94
10114,e,w,f,22.12
10115,e,n,f,5.49
10116,p,n,f,7.45
10117,p,g,f,8.03
10118,p,n,f,9.81
10119,p,n,f,9.2
10120,p,n,f,4.64
10121,e,g,f,5.76
10122,p,k,f,3.11
10123,e,n,f,6.01
10124,p,u,f,3.95
10125,e,l,f,7.14
10126,p,n,t,7.17
10127,p,n,t,5.94
10128,p,k,f,5.12
10129,e,n,f,9.41
10130,e,n,t,7.75
10131,e,w,f,4.59
10132,p,e,t,7.25
10133,e,y,f,6.33
10134,p,n,f,12.11
10135,e,g,f,8.01
10136,e,w,f,7.71
10137,p,o,f,16.45
10138,p,n,f,2.35
10139,e,n,f,4.32
10140,p,b,f,3.62
10141,p,y,f,10.17
10142,p,n,t,7.04
10143,p,o,f,16.01
10144,e,n,f,5.69
10145,e,n,f,5.55
10146,e,w,f,7.89
10147,p,n,f,5.29
10148,p,u,t,8.49
10149,p,w,f,2.49
10150,p,e,f,4.24
10151,e,n,f,8.04
10152,p,e,t,6.62
10153,p,y,f,5.43
10154,e,g,f,5.47
10155,e,w,f,3.2
10156,p,y,f,5.01
10157,e,n,f,5.7
10158,p,w,f,2.91
10159,e,g,f,3.61
10160,p,n,f,6.44
10161,p,n,f,11.47
10162,p,y,t,9.91
10163,e,w,f,13.63
10164,e,n,f,14.96
10165,p,o,f,5.77
10166,p,n,f,9.53
10167,e,w,f,2.72
10168,p,e,f,11.47
10169,p,g,f,3.41
10170,e,n,f,6.0
10171,e,n,f,4.84
10172,e,n,f,5.82
10173,p,n,f,10.62
10174,p,n,f,4.26
10175,e,y,f,5.22
10176,p,y,f,3.77
10177,p,n,f,3.76
10178,e,w,f,4.59
10179,p,w,f,3.38
10180,e,n,f,4.59
10181,p,w,f,13.6
10182,p,o,f,3.58
10183,e,n,f,6.28
10184,p,n,f,6.49
10185,e,w,f,3.43
10186,p,n,f,7.74
10187,e,n,f,6.54
10188,e,n,f,4.88
10189,e,n,f,7.25
10190,e,w,t,5.95
10191,e,w,f,3.19
10192,e,g,f,7.82
10193,p,n,f,4.92
10194,e,w,f,3.7
10195,p,n,f,5.26
10196,p,n,f,5.66
10197,p,n,f,6.21
10198,e,n,f,7.84
10199,e,y,f,8.57
10200,e,w,f,8.39
10201,e,e,t,5.48
10202,e,n,f,7.15
10203,p,g,f,11.22
10204,e,w,f,5.54
10205,p,w,t,3.52
10206,p,y,f,7.83
10207,p,n,f,3.29
10208,p,n,f,6.24
10209,p,y,t,5.65
10210,e,n,f,5.09
10211,e,o,f,5.39
10212,e,n,t,10.21
10213,p,e,t,7.0
10214,p,y,f,7.88
10215,p,r,f,12.41
10216,e,n,f,5.79
10217,e,n,f,8.56
10218,p,y,f,8.13
10219,p,w,t,6.62
10220,p,y,f,7.07
10221,p,o,f,2.94
10222,p,e,t,6.41
10223,e,o,f,10.3
10224,p,p,f,3.84
10225,p,o,f,3.62
10226,e,n,f,6.45
10227,e,w,f,7.12
10228,e,w,f,3.44
10229,p,n,f,4.09
10230,e,b,f,2.55
10231,e,n,f,9.08
10232,p,g,f,6.07
10233,p,w,f,5.99
10234,p,n,t,4.49
10235,e,n,f,6.28
10236,p,n,f,1.91
10237,e,n,t,9.06
10238,e,w,f,19.55
10239,e,y,f,6.83
10240,p,n,f,3.63
10241,e,n,t,9.07
10242,e,n,f,8.76
10243,p,y,t,7.06
10244,e,p,f,4.45
10245,p,y,f,3.32
10246,p,n,f,6.45
10247,e,n,f,5.12
10248,e,n,t,9.41
10249,p,e,f,4.44
10250,p,n,f,10.92
10251,p,o,t,4.43
10252,p,n,f,4.67
10253,p,n,f,4.94
10254,e,p,t,6.4
10255,p,n,f,5.17
10256,p,n,f,5.73
10257,p,n,f,7.72
10258,p,n,f,5.76
10259,e,o,f,4.37
10260,e,b,f,6.62
10261,p,w,t,5.92
10262,e,y,f,5.73
10263,e,w,t,9.84
10264,e,g,f,4.79
10265,p,p,f,4.57
10266,e,y,f,7.82
10267,e,n,f,4.73
10268,e,w,f,7.81
10269,p,n,f,8.33
10270,e,o,f,7.0
10271,p,n,f,4.75
10272,p,y,f,12.82
10273,e,n,f,6.3
10274,e,n,f,5.77
10275,e,n,f,6.9
10276,p,e,f,3.09
10277,e,l,f,6.59
10278,e,n,f,5.45
10279,e,y,f,6.12
10280,p,n,f,7.88
10281,p,w,f,3.75
10282,p,u,t,9.0
10283,p,n,f,4.17
10284,p,o,f,6.26
10285,e,y,f,6.18
10286,p,n,f,10.9
10287,p,k,f,3.21
10288,p,y,f,9.84
10289,e,n,f,5.72
10290,p,r,t,5.77
10291,p,k,f,9.28
10292,p,y,f,6.75
10293,e,w,t,6.33
10294,e,n,f,5.49
10295,p,e,f,12.59
10296,p,n,f,9.96
10297,e,n,f,5.55
10298,e,n,t,9.06
10299,p,g,f,3.17
10300,p,y,f,8.1
10301,p,n,f,3.95
10302,p,p,f,4.93
10303,e,y,t,7.54
10304,p,n,f,8.29
10305,p,y,t,9.64
10306,e,n,f,4.94
10307,e,b,f,5.06
10308,e,w,f,3.51
10309,p,u,f,5.19
10310,e,n,f,7.52
10311,e,w,f,3.59
10312,e,n,f,12.97
10313,e,w,f,7.91
10314,e,y,f,3.92
10315,e,b,f,6.02
10316,e,y,f,8.15
10317,e,n,f,7.01
10318,p,n,f,5.67
10319,p,w,f,5.4
10320,p,y,f,5.51
10321,p,w,f,3.84
10322,p,y,f,6.74
10323,p,n,f,5.12
10324,p,w,f,3.13
10325,e,w,f,7.22
10326,e,y,f,4.99
10327,e,o,t,6.17
10328,e,n,t,11.46
10329,p,n,f,5.54
10330,p,o,f,5.98
10331,p,w,f,3.25
10332,p,n,f,4.98
10333,p,o,f,17.79
10334,p,w,f,5.62
10335,p,w,f,3.63
10336,p,g,f,12.0
10337,p,n,f,4.14
10338,p,n,t,5.21
10339,e,n,f,5.75
10340,p,l,f,3.51
10341,p,y,f,10.02
10342,p,n,f,3.99
10343,e,w,f,19.68
10344,e,y,f,7.5
10345,e,n,f,7.36
10346,e,y,f,5.48
10347,p,n,f,9.32
10348,e,b,f,6.75
10349,e,w,f,22.21
10350,e,n,f,5.64
10351,p,n,f,5.37
10352,p,n,f,3.69
10353,e,p,t,5.01
10354,p,n,f,9.68
10355,p,n,f,16.45
10356,p,e,f,8.33
10357,p,p,t,9.21
10358,e,b,f,6.55
10359,p,p,f,4.09
10360,p,n,t,5.54
10361,p,n,f,5.62
10362,e,n,f,6.37
10363,e,n,f,6.27
10364,e,n,f,8.16
10365,p,g,f,8.43
10366,e,n,f,5.26
10367,e,g,f,4.29
10368,e,n,f,6.32
10369,p,o,f,3.08
10370,p,g,f,5.49
10371,e,n,f,3.88
10372,p,n,f,5.26
10373,p,y,f,3.38
10374,p,n,t,9.21
10375,p,e,f,5.13
10376,e,n,f,6.16
10377,p,n,f,5.51
10378,e,n,f,4.49
10379,p,n,f,15.61
10380,p,g,f,3.08
10381,p,o,f,4.2
10382,p,o,f,6.0
10383,e,n,f,6.14
10384,p,n,f,10.82
10385,p,g,f,3.77
10386,p,o,f,2.98
10387,e,n,f,8.27
10388,e,n,t,8.06
10389,p,n,f,6.9
10390,p,n,f,10.48
10391,p,e,f,5.93
10392,e,g,f,7.12
10393,e,n,t,10.41
10394,e,u,f,7.52
10395,p,n,f,10.49
10396,p,w,f,2.83
10397,p,r,f,11.14
10398,p,o,t,3.58
10399,e,n,f,4.94
10400,e,w,f,8.42
10401,p,o,f,16.88
10402,p,b,f,4.92
10403,e,n,f,6.12
10404,e,g,f,2.86
10405,p,k,f,8.53
10406,p,n,t,4.83
10407,p,n,f,6.89
10408,p,r,t,4.67
10409,e,n,f,5.4
10410,p,y,f,2.96
10411,e,n,f,9.77
10412,e,y,f,7.27
10413,p,n,t,8.4
10414,e,e,f,2.78
10415,p,n,f,10.34
10416,e,r,f,5.66
10417,e,y,f,5.76
10418,p,y,f,5.98
10419,e,n,f,6.37
10420,e,g,f,5.26
10421,p,n,f,7.78
10422,e,g,f,8.81
10423,e,o,f,7.16
10424,e,n,f,5.32
10425,p,w,f,3.07
10426,p,n,f,5.37
10427,e,n,f,9.23
10428,e,g,f,4.95
10429,e,n,t,7.25
10430,e,n,f,12.75
10431,e,w,f,8.2
10432,p,y,f,4.94
10433,p,e,f,5.83
10434,p,n,f,6.79
10435,e,g,f,6.07
10436,p,y,t,7.52
10437,e,w,f,3.18
10438,e,e,f,4.3
10439,p,w,f,3.14
10440,e,w,f,8.45
10441,e,p,t,4.89
10442,p,n,f,5.12
10443,e,n,t,6.64
10444,p,g,f,4.79
10445,e,e,f,6.33
10446,p,e,f,5.3
10447,p,w,f,16.87
10448,e,n,f,5.31
10449,e,n,f,6.25
10450,p,e,f,3.53
10451,p,n,f,5.36
10452,e,n,f,5.1
10453,p,n,f,5.12
10454,e,y,t,5.7
10455,e,n,f,6.63
10456,e,b,f,6.35
10457,e,n,t,7.27
10458,e,w,f,5.86
10459,e,n,f,5.93
10460,p,n,f,8.11
10461,e,w,t,6.01
10462,e,g,f,3.02
10463,p,n,f,9.66
10464,p,n,t,4.77
10465,p,p,f,5.07
10466,e,o,f,5.36
10467,e,w,f,5.52
10468,p,p,f,3.9
10469,e,n,t,10.51
10470,e,n,f,6.63
10471,p,e,f,5.95
10472,e,w,t,6.17
10473,e,w,t,8.92
10474,p,n,f,3.99
10475,p,e,f,8.6
10476,p,n,f,4.6
10477,e,w,f,7.94
10478,e,n,f,5.53
10479,e,y,f,8.12
10480,e,n,f,12.43
10481,p,r,t,4.58
10482,p,e,f,3.83
10483,p,w,f,4.3
10484,e,w,f,7.63
10485,e,n,f,7.01
10486,e,g,f,6.32
10487,p,n,f,3.46
10488,e,b,f,7.62
10489,e,y,f,3.96
10490,p,w,f,3.78
10491,e,n,f,7.47
10492,p,o,f,3.54
10493,e,n,f,6.69
10494,p,e,f,12.46
10495,p,g,t,5.37
10496,p,p,f,3.9
10497,p,g,f,8.59
10498,p,n,f,3.99
10499,p,n,f,4.79
10500,p,n,f,4.62
10501,p,y,f,3.83
10502,p,y,f,2.8
10503,e,w,f,23.35
10504,e,n,f,5.36
10505,p,e,f,3.42
10506,p,n,f,8.5
10507,p,y,f,2.91
10508,p,y,f,6.94
10509,p,w,f,3.15
10510,p,g,f,10.01
10511,e,b,f,5.26
10512,p,o,f,5.06
10513,e,e,t,5.69
10514,e,g,f,8.44
10515,p,o,f,3.37
10516,e,n,f,9.8
10517,e,w,f,3.14
10518,e,w,f,2.18
10519,e,n,t,4.53
10520,e,w,f,3.87
10521,p,o,f,3.52
10522,p,n,f,3.86
10523,p,w,f,2.75
10524,e,n,f,6.53
10525,e,n,f,4.87
10526,e,g,t,10.18
10527,e,n,f,5.33
10528,p,y,f,5.84
10529,e,n,f,4.54
10530,p,e,f,4.03
10531,p,k,f,8.06
10532,e,n,t,6.75
10533,p,n,f,5.92
10534,p,w,t,8.09
10535,e,n,f,6.28
10536,e,o,f,4.95
10537,e,n,f,5.52
10538,p,n,f,13.16
10539,p,n,f,5.4
10540,e,n,f,6.3
10541,p,n,f,3.96
10542,p,n,t,5.63
10543,e,n,f,7.21
10544,e,n,f,5.59
10545,p,w,f,4.91
10546,e,n,t,12.38
10547,e,n,f,8.04
10548,p,y,f,6.83
10549,e,w,f,3.11
10550,p,k,f,10.11
10551,p,n,f,5.76
10552,e,n,t,6.33
10553,e,w,t,5.37
10554,e,n,f,5.99
10555,e,n,f,5.13
10556,p,w,t,7.13
10557,p,n,f,10.28
10558,p,n,f,5.38
10559,p,u,f,6.36
10560,e,w,f,3.4
10561,e,n,f,6.09
10562,p,n,f,6.26
10563,p,n,f,5.84
10564,e,y,f,10.85
10565,p,n,f,5.05
10566,p,w,f,7.16
10567,e,n,t,7.72
10568,e,n,f,4.68
10569,e,w,f,3.37
10570,e,n,t,5.65
10571,e,n,f,9.47
10572,e,y,f,2.77
10573,e,n,f,7.01
10574,p,n,f,4.44
10575,p,n,t,4.52
10576,p,w,f,6.54
10577,e,g,f,3.46
10578,p,o,f,3.93
10579,e,w,f,3.14
10580,e,g,f,4.82
10581,e,n,f,5.08
10582,e,n,f,7.26
10583,e,n,f,7.64
10584,p,n,f,12.92
10585,p,k,f,4.1
10586,e,n,f,5.81
10587,e,n,t,8.07
10588,e,y,f,8.78
10589,p,y,f,6.09
10590,p,e,f,4.87
10591,p,n,f,6.51
10592,e,n,f,5.91
10593,p,e,f,5.05
10594,e,p,t,6.49
10595,e,n,f,4.99
10596,e,n,f,7.31
10597,p,y,f,1.12
10598,e,w,f,6.38
10599,e,n,f,6.14
10600,p,n,f,10.5
10601,p,r,t,4.5
10602,p,n,f,6.16
10603,p,n,f,5.64
10604,p,o,f,4.71
10605,e,n,f,4.63
10606,e,u,f,4.98
10607,e,n,f,6.05
10608,e,w,f,5.24
10609,e,y,t,6.75
10610,e,y,t,8.33
10611,p,w,f,2.83
10612,e,n,f,7.16
10613,e,n,f,6.41
10614,p,n,f,3.68
10615,p,y,f,2.11
10616,p,n,f,6.0
10617,p,n,f,5.65
10618,e,b,f,5.96
10619,e,n,f,6.96
10620,e,n,f,9.84
10621,p,n,f,10.48
10622,p,n,f,7.92
10623,e,l,f,6.21
10624,e,n,f,4.96
10625,p,n,f,4.92
10626,p,w,f,7.65
10627,e,g,f,4.76
10628,p,y,f,7.23
10629,p,p,t,8.03
10630,p,n,f,8.13
10631,e,w,f,3.13
10632,p,y,f,3.7
10633,e,n,f,5.89
10634,e,n,f,5.82
10635,p,y,f,3.46
10636,e,b,f,5.07
10637,e,n,f,6.21
10638,p,y,f,3.01
10639,e,n,t,5.71
10640,p,g,f,3.16
10641,p,n,f,4.81
10642,p,n,f,7.58
10643,p,n,f,4.93
10644,e,n,f,8.21
10645,e,e,f,4.78
10646,p,n,f,4.32
10647,e,w,f,19.64
10648,e,u,f,8.02
10649,e,n,f,5.11
10650,p,g,f,2.95
10651,p,e,f,8.05
10652,e,n,f,5.77
10653,p,y,f,6.36
10654,e,g,f,5.14
10655,p,l,f,4.41
10656,e,o,f,5.29
10657,p,y,f,3.4
10658,p,n,f,5.35
10659,p,n,f,3.12
10660,e,n,f,5.52
10661,e,n,f,5.4
10662,e,y,f,3.74
10663,p,y,f,1.91
10664,p,n,f,4.17
10665,p,y,f,3.25
10666,e,w,t,8.73
10667,e,n,t,6.36
10668,p,w,f,2.57
10669,p,w,f,4.57
10670,e,n,f,5.62
10671,e,n,f,6.47
10672,e,n,f,4.54
10673,p,n,f,8.5
10674,e,n,f,4.67
10675,p,n,f,8.13
10676,p,w,t,7.43
10677,p,n,f,4.78
10678,p,n,f,9.99
10679,p,e,f,4.06
10680,p,n,f,5.54
10681,p,y,f,5.75
10682,p,w,t,7.22
10683,p,l,f,5.92
10684,e,n,f,6.01
10685,p,p,t,8.36
10686,p,n,f,14.65
10687,e,n,f,8.29
10688,p,y,f,7.78
10689,p,w,f,3.44
10690,p,y,f,6.02
10691,e,w,f,6.13
10692,p,e,f,4.27
10693,p,l,f,3.55
10694,e,w,f,5.36
10695,e,e,f,8.92
10696,e,n,f,5.84
10697,p,n,f,9.02
10698,e,p,f,5.14
10699,e,n,f,7.28
10700,p,y,f,2.87
10701,e,g,t,11.09
10702,p,n,f,11.25
10703,e,n,t,10.43
10704,e,n,t,9.16
10705,p,g,f,10.62
10706,p,n,f,5.07
10707,e,n,t,13.06
10708,p,u,f,4.12
10709,p,o,f,5.39
10710,p,n,f,9.02
10711,e,w,t,6.04
10712,e,y,f,7.26
10713,p,o,f,3.99
10714,p,n,f,12.65
10715,e,n,t,9.44
10716,p,y,f,6.8
10717,e,n,f,4.98
10718,p,r,f,5.51
10719,p,e,f,7.25
10720,p,n,f,4.18
10721,e,l,f,7.83
10722,e,n,f,5.84
10723,p,l,f,6.0
10724,p,g,t,4.52
10725,p,o,f,2.89
10726,e,e,t,5.38
10727,e,b,f,6.31
10728,e,g,f,4.41
10729,e,w,f,8.23
10730,p,e,f,5.95
10731,p,n,f,4.9
10732,p,w,f,3.23
10733,p,n,f,4.53
10734,e,y,t,7.11
10735,p,n,f,5.08
10736,p,w,f,7.51
10737,p,n,t,4.63
10738,e,n,f,7.32
10739,p,o,f,2.66
10740,p,e,t,8.43
10741,e,n,f,8.19
10742,e,n,f,5.32
10743,e,y,t,6.64
10744,p,n,t,6.37
10745,e,n,t,8.55
10746,p,n,f,3.98
10747,e,w,f,3.91
10748,p,k,f,4.13
10749,p,n,f,5.38
10750,p,y,f,6.0
10751,p,n,f,5.47
10752,e,w,f,3.19
10753,e,g,t,11.36
10754,e,y,f,4.97
10755,p,u,f,3.24
10756,e,n,f,5.7
10757,p,y,f,8.68
10758,e,n,t,11.8
10759,e,w,f,3.83
10760,e,n,f,13.74
10761,e,n,f,6.25
10762,p,n,t,4.73
10763,p,y,f,10.61
10764,p,w,f,11.47
10765,e,n,f,8.59
10766,e,o,f,4.08
10767,p,n,f,5.41
10768,p,n,f,10.34
10769,p,o,t,3.28
10770,e,n,f,12.75
10771,p,r,t,4.58
10772,e,n,f,4.89
10773,p,p,f,4.15
10774,p,y,f,6.51
10775,e,n,f,7.09
10776,p,n,f,9.55
10777,e,g,f,4.92
10778,p,n,f,7.45
10779,p,n,t,8.95
10780,p,w,f,5.44
10781,p,y,f,5.85
10782,e,y,f,5.61
10783,p,n,f,4.48
10784,p,k,f,7.51
10785,p,n,f,12.14
10786,e,n,f,5.18
10787,e,n,f,5.5
10788,p,n,f,9.88
10789,p,n,f,4.93
10790,p,n,t,2.9
10791,p,k,t,4.94
10792,p,n,f,10.77
10793,e,y,f,6.07
10794,p,y,f,4.78
10795,p,n,t,3.88
10796,e,w,f,2.21
10797,p,w,f,3.2
10798,e,w,f,3.61
10799,p,y,f,5.5
10800,p,n,f,4.43
10801,p,n,f,10.98
10802,p,w,f,5.71
10803,p,e,t,7.08
10804,e,n,f,7.17
10805,e,k,f,4.45
10806,p,n,f,4.99
10807,e,y,f,6.58
10808,e,o,f,6.1
10809,p,g,f,10.72
10810,e,n,f,5.31
10811,p,w,f,6.02
10812,p,y,f,7.28
10813,p,n,f,14.71
10814,p,r,f,5.39
10815,p,w,f,3.38
10816,e,n,f,10.17
10817,e,p,t,6.03
10818,e,n,f,6.44
10819,p,n,f,13.53
10820,e,e,t,4.94
10821,e,l,f,5.67
10822,p,n,f,5.77
10823,e,n,f,6.21
10824,p,r,f,6.77
10825,e,n,f,4.96
10826,p,l,f,3.76
10827,e,n,f,5.35
10828,p,n,t,5.92
10829,p,u,f,5.24
10830,e,l,f,2.38
10831,e,n,f,5.43
10832,p,n,f,3.92
10833,p,w,t,4.66
10834,p,n,f,16.77
10835,p,y,f,1.45
10836,p,o,f,4.49
10837,e,u,f,4.53
10838,p,n,f,6.43
10839,e,n,f,7.1
10840,p,y,f,5.67
10841,e,n,t,9.05
10842,e,n,t,9.68
10843,e,n,f,5.49
10844,e,n,f,7.81
10845,p,n,f,5.76
10846,e,n,f,8.04
10847,p,w,f,5.43
10848,p,y,f,3.47
10849,p,w,t,5.43
10850,p,w,f,3.48
10851,e,w,f,5.83
10852,p,r,t,5.94
10853,p,n,f,5.4
10854,e,n,f,7.51
10855,e,y,f,6.04
10856,p,n,f,4.61
10857,e,o,t,6.62
10858,e,n,f,6.73
10859,e,b,f,5.08
10860,e,y,f,5.02
10861,p,u,f,7.31
10862,e,n,t,8.34
10863,e,n,f,6.4
10864,e,w,f,4.71
10865,p,w,f,3.53
10866,p,l,f,3.42
10867,e,y,f,3.06
10868,p,n,f,5.56
10869,e,y,f,5.1
10870,e,n,f,5.8
10871,p,w,f,4.07
10872,e,y,f,5.59
10873,e,r,f,7.65
10874,e,n,f,7.64
10875,p,n,t,8.66
10876,e,n,f,6.93
10877,p,e,f,6.72
10878,e,n,f,2.26
10879,p,w,f,3.61
10880,p,e,f,6.57
10881,p,n,f,12.82
10882,e,n,f,5.98
10883,e,e,f,6.65
10884,p,g,f,8.84
10885,p,n,f,4.57
10886,e,n,t,6.49
10887,e,o,f,5.71
10888,p,y,f,6.14
10889,p,y,f,3.95
10890,p,n,f,10.51
10891,p,w,t,8.36
10892,p,n,f,3.93
10893,e,n,t,5.47
10894,e,w,f,3.48
10895,p,e,t,6.08
10896,e,n,f,6.19
10897,p,n,f,6.0
10898,p,n,f,5.81
10899,p,n,f,13.62
10900,p,k,f,8.24
10901,p,y,f,8.85
10902,p,n,t,5.54
10903,p,e,f,3.83
10904,e,n,t,9.09
10905,p,e,f,5.98
10906,e,n,f,8.35
10907,p,r,f,5.33
10908,p,n,f,5.03
10909,p,r,f,5.02
10910,e,n,f,5.43
10911,e,w,f,5.68
10912,e,y,f,5.54
10913,e,o,f,5.49
10914,p,n,f,9.78
10915,p,n,f,4.6
10916,p,y,f,6.72
10917,e,n,f,5.5
10918,e,n,f,9.59
10919,e,u,t,4.08
10920,p,u,f,3.92
10921,p,o,f,5.73
10922,p,w,f,3.58
10923,p,n,f,5.65
10924,e,g,f,7.94
10925,p,y,f,4.53
10926,p,n,f,4.97
10927,e,n,f,3.99
10928,e,n,f,5.81
10929,p,y,f,3.56
10930,p,n,t,7.48
10931,p,w,t,7.23
10932,e,e,f,7.15
10933,e,b,f,5.33
10934,e,g,t,9.12
10935,p,n,f,10.71
10936,p,n,f,4.48
10937,p,y,t,5.35
10938,p,o,f,3.94
10939,p,o,t,3.02
10940,p,r,f,10.91
10941,e,e,t,4.2
10942,p,e,f,3.86
10943,e,n,f,8.57
10944,p,y,f,4.59
10945,e,g,t,11.06
10946,e,n,f,4.34
10947,e,k,f,6.3
10948,p,e,f,3.62
10949,e,g,f,3.72
10950,e,g,f,3.04
10951,p,o,t,3.53
10952,p,n,t,3.31
10953,e,k,f,4.83
10954,p,n,t,9.54
10955,p,n,f,8.5
10956,p,l,f,6.42
10957,p,y,t,6.81
10958,e,n,f,6.7
10959,e,l,f,7.64
10960,e,k,f,5.39
10961,p,n,f,7.71
10962,p,o,f,5.9
10963,p,y,f,12.16
10964,e,w,f,3.33
10965,e,n,f,5.22
10966,p,e,t,6.0
10967,p,g,f,3.09
10968,p,r,t,7.21
10969,e,n,t,10.21
10970,e,w,f,7.92
10971,e,w,f,4.25
10972,e,g,t,10.37
10973,e,o,f,6.07
10974,e,n,f,6.58
10975,e,n,f,5.56
10976,p,n,t,6.77
10977,e,n,f,5.23
10978,e,p,f,7.33
10979,p,o,t,2.91
10980,e,n,f,4.84
10981,p,n,f,10.76
10982,p,y,f,6.8
10983,p,y,f,6.06
10984,p,n,t,9.44
10985,e,u,f,6.03
10986,e,r,t,4.83
10987,p,o,f,4.73
10988,p,n,f,5.78
10989,e,n,f,9.98
10990,e,y,f,6.48
10991,p,n,f,5.0
10992,p,w,f,3.9
10993,p,y,f,3.62
10994,e,y,f,7.72
10995,e,w,f,13.68
10996,p,p,f,4.79
10997,p,k,f,8.4
10998,p,n,f,5.28
10999,e,n,t,9.38
11000,e,y,t,7.49
11001,e,n,t,9.03
11002,p,k,f,4.47
11003,p,k,f,3.47
11004,p,n,f,2.92
11005,e,n,f,6.15
11006,p,w,t,5.0
11007,p,n,f,5.06
11008,p,w,t,7.05
11009,p,n,f,2.93
11010,e,w,f,4.88
11011,p,w,f,6.76
11012,e,g,f,6.32
11013,p,w,f,3.47
11014,p,w,f,5.0
11015,e,n,f,4.61
11016,p,y,t,7.98
11017,e,g,f,5.1
11018,e,n,t,10.04
11019,p,n,f,1.29
11020,e,w,f,4.05
11021,e,n,f,8.14
11022,e,l,f,7.59
11023,e,g,t,12.18
11024,p,w,f,2.16
11025,p,n,f,4.29
11026,p,n,f,10.26
11027,p,p,f,4.91
11028,p,e,f,6.88
11029,p,g,t,4.89
11030,e,n,f,7.23
11031,e,w,f,3.47
11032,e,n,t,4.97
11033,p,y,f,9.68
11034,e,n,t,11.0
11035,p,n,f,4.89
11036,e,w,f,6.31
11037,e,n,t,9.63
11038,p,r,t,6.23
11039,p,e,f,5.87
11040,p,n,f,4.43
11041,e,o,f,8.24
11042,e,n,f,4.46
11043,e,e,t,5.31
11044,p,n,f,4.27
11045,p,e,f,4.78
11046,e,n,f,4.96
11047,p,e,f,6.4
11048,e,n,t,11.82
11049,p,w,f,8.14
11050,p,w,t,7.11
11051,p,u,f,5.58
11052,e,g,f,6.66
11053,p,w,f,3.66
11054,p,g,t,4.98
11055,e,y,t,8.96
11056,p,n,f,6.05
11057,e,y,f,7.78
11058,e,n,t,8.94
11059,p,n,f,4.99
11060,e,n,f,7.56
11061,p,n,f,14.81
11062,e,e,f,4.37
11063,p,w,f,3.91
11064,p,n,f,9.34
11065,e,n,f,5.41
11066,e,n,f,7.63
11067,e,n,f,7.11
11068,p,p,t,7.38
11069,p,n,f,4.28
11070,e,o,f,7.21
11071,p,n,t,8.43
11072,e,n,f,9.12
11073,e,w,f,6.47
11074,p,n,f,7.31
11075,e,n,f,5.56
11076,e,n,f,3.43
11077,p,y,f,6.37
11078,p,o,f,1.75
11079,e,y,f,6.45
11080,e,n,t,9.06
11081,p,e,f,5.65
11082,p,p,f,4.04
11083,p,e,f,4.67
11084,p,w,t,8.37
11085,p,y,t,5.83
11086,e,o,f,8.74
11087,p,b,f,5.55
11088,e,n,f,4.91
11089,e,u,t,4.94
11090,e,y,t,7.74
11091,p,p,t,7.43
11092,p,n,f,3.85
11093,p,o,t,5.19
11094,e,n,f,7.32
11095,e,w,t,9.16
11096,e,w,f,5.1
11097,e,n,f,5.26
11098,e,n,f,4.94
11099,p,e,f,3.62
11100,e,o,f,5.32
11101,p,u,t,9.0
11102,p,l,f,6.31
11103,p,w,f,3.61
11104,p,n,f,4.56
11105,p,n,f,5.15
11106,e,n,f,6.74
11107,e,g,f,4.68
11108,e,w,f,6.28
11109,e,y,f,7.93
11110,e,e,f,4.41
11111,p,g,f,2.36
11112,p,y,f,5.87
11113,p,n,t,5.64
11114,e,o,f,5.83
11115,p,y,f,9.27
11116,e,o,f,6.42
11117,e,y,f,4.12
11118,p,o,f,5.4
11119,p,g,f,3.86
11120,p,g,f,10.72
11121,p,r,f,6.95
11122,p,n,f,5.6
11123,e,o,f,6.31
11124,p,r,f,11.02
11125,e,w,t,5.32
11126,p,n,f,5.93
11127,e,g,f,4.39
11128,e,n,f,6.13
11129,p,y,f,6.4
11130,e,p,f,4.42
11131,e,o,f,6.62
11132,p,y,f,4.76
11133,p,r,t,4.83
11134,p,r,f,11.35
11135,p,n,f,6.58
11136,p,o,f,2.88
11137,p,y,f,3.45
11138,p,r,t,4.43
11139,p,o,f,7.95
11140,p,w,f,3.45
11141,p,n,f,5.4
11142,e,n,f,5.66
11143,p,k,f,2.99
11144,p,n,f,5.82
11145,p,n,f,6.37
11146,p,r,f,10.79
11147,p,n,f,4.99
11148,p,y,f,4.19
11149,e,n,f,5.72
11150,e,w,f,3.45
11151,e,w,f,3.56
11152,p,e,f,17.87
11153,p,o,f,3.93
11154,e,p,t,6.0
11155,p,e,f,4.63
11156,e,n,f,7.16
11157,p,r,f,10.48
11158,p,n,t,10.22
11159,p,o,f,17.1
11160,p,p,f,4.45
11161,e,y,f,7.72
11162,e,e,f,7.95
11163,p,n,f,5.76
11164,p,o,f,4.79
11165,e,n,f,5.62
11166,p,y,f,8.09
11167,p,w,f,12.83
11168,e,n,t,11.14
11169,e,n,f,5.32
11170,p,n,f,9.37
11171,e,n,f,4.96
11172,p,w,t,8.42
11173,e,k,f,4.05
11174,e,n,f,5.98
11175,e,w,f,3.59
11176,e,y,f,5.14
11177,p,k,f,6.22
11178,p,n,f,10.52
11179,e,y,f,5.95
11180,p,n,f,5.87
11181,e,n,f,5.64
11182,p,k,f,8.49
11183,e,n,f,3.87
11184,p,n,f,5.64
11185,e,u,t,4.84
11186,e,k,f,3.59
11187,e,g,t,12.02
11188,e,n,f,4.96
11189,p,n,f,5.28
11190,p,b,f,4.43
11191,e,o,f,9.77
11192,p,e,f,7.89
11193,p,p,f,5.21
11194,e,n,t,7.83
11195,e,n,f,6.55
11196,p,n,t,4.93
11197,p,n,f,8.28
11198,e,n,t,11.37
11199,p,y,f,5.42
11200,p,n,f,5.1
11201,p,n,f,10.71
11202,p,w,f,3.94
11203,e,n,f,4.76
11204,e,b,f,4.95
11205,e,e,f,8.23
11206,p,o,f,4.7
11207,p,r,t,6.61
11208,p,n,f,7.26
11209,p,w,f,3.98
11210,p,n,f,4.29
11211,p,n,f,8.17
11212,p,e,f,6.36
11213,e,n,t,11.88
11214,p,p,f,4.94
11215,e,n,f,6.7
11216,p,n,t,5.93
11217,p,n,f,16.25
11218,e,g,f,6.61
11219,p,g,t,12.22
11220,e,n,f,6.84
11221,e,n,t,7.0
11222,p,g,t,4.55
11223,e,n,f,5.53
11224,p,l,f,4.96
11225,p,o,f,4.11
11226,p,y,f,5.51
11227,e,e,t,4.55
11228,p,n,t,5.92
11229,p,r,t,5.7
11230,e,g,t,4.92
11231,p,p,f,5.24
11232,p,w,t,7.95
11233,p,r,t,4.28
11234,e,n,f,6.05
11235,e,g,t,4.12
11236,e,g,f,2.43
11237,e,u,f,4.97
11238,p,e,t,6.25
11239,e,n,f,6.97
11240,p,n,f,9.62
11241,p,y,f,5.82
11242,e,w,f,3.23
11243,p,y,f,9.81
11244,e,w,t,5.92
11245,p,y,f,7.13
11246,p,n,f,3.32
11247,e,n,f,6.47
11248,p,n,f,12.22
11249,e,w,f,13.59
11250,e,w,f,3.73
11251,p,n,f,3.19
11252,e,w,t,5.78
11253,e,n,t,5.81
11254,p,n,f,4.84
11255,p,n,f,6.25
11256,e,g,f,5.52
11257,p,n,f,5.65
11258,e,g,f,7.14
11259,p,p,t,8.13
11260,p,n,f,6.22
11261,p,n,f,6.33
11262,p,n,f,4.54
11263,p,n,f,5.75
11264,e,n,f,7.65
11265,e,n,t,8.74
11266,e,n,f,6.03
11267,e,g,f,2.59
11268,p,o,f,6.15
11269,p,g,t,9.62
11270,e,y,f,8.74
11271,p,g,f,5.25
11272,e,n,f,12.32
11273,p,g,f,12.84
11274,e,n,t,10.24
11275,p,n,f,5.36
11276,e,w,f,3.1
11277,e,n,f,6.92
11278,e,n,t,10.91
11279,e,u,f,4.32
11280,e,n,f,6.24
11281,e,n,f,6.84
11282,e,n,f,6.0
11283,e,n,f,7.88
11284,e,n,f,5.67
11285,e,g,f,4.59
11286,e,y,f,7.61
11287,p,n,f,6.07
11288,e,n,f,7.93
11289,e,n,f,5.68
11290,p,n,f,9.98
11291,p,u,f,4.04
11292,e,n,f,6.4
11293,e,w,f,3.04
11294,e,b,f,4.73
11295,p,n,f,4.34
11296,p,w,f,16.71
11297,p,o,t,4.49
11298,p,n,f,4.13
11299,e,n,t,10.43
11300,e,n,t,7.12
11301,p,o,f,4.92
11302,e,n,t,6.28
11303,p,y,f,2.99
11304,e,o,f,3.81
11305,p,e,f,8.22
11306,e,n,f,4.75
11307,e,w,f,7.91
11308,p,o,f,3.81
11309,p,n,f,6.26
11310,e,w,f,9.4
11311,e,n,f,7.27
11312,p,w,f,2.82
11313,e,n,t,6.16
11314,e,g,f,2.88
11315,e,n,f,5.92
11316,p,e,f,3.75
11317,e,y,f,7.16
11318,p,w,f,4.76
11319,p,y,f,7.05
11320,p,e,f,6.99
11321,p,p,f,4.39
11322,p,r,t,4.6
11323,p,y,f,2.19
11324,p,n,f,5.1
11325,p,n,f,10.28
11326,e,g,t,11.58
11327,e,n,f,4.86
11328,p,n,f,7.22
11329,e,g,f,3.19
11330,e,n,t,6.83
11331,e,n,f,4.56
11332,p,y,f,6.66
11333,p,w,f,3.05
11334,e,y,f,6.68
11335,e,g,f,4.43
11336,e,w,f,2.8
11337,e,g,f,6.54
11338,e,n,f,6.24
11339,p,y,f,8.21
11340,e,n,f,4.37
11341,e,g,f,4.67
11342,e,w,f,6.8
11343,p,g,f,5.43
11344,p,u,f,4.07
11345,p,n,t,8.51
11346,p,n,f,10.34
11347,p,n,f,6.23
11348,e,y,f,4.19
11349,p,n,f,5.87
11350,e,n,f,7.72
11351,p,p,f,3.93
11352,e,y,f,4.62
11353,e,e,f,7.07
11354,p,k,f,3.16
11355,p,r,f,1.51
11356,p,u,f,6.1
11357,p,y,f,3.62
11358,e,w,t,6.33
11359,p,e,f,6.23
11360,p,g,f,7.26
11361,p,r,t,4.82
11362,e,n,f,4.65
11363,p,g,f,2.56
11364,e,n,f,8.55
11365,e,y,f,3.4
11366,p,k,f,3.49
11367,p,y,f,13.53
11368,p,w,f,2.92
11369,e,n,f,4.21
11370,p,n,f,6.37
11371,e,y,f,5.82
11372,e,o,f,6.52
11373,e,g,f,7.13
11374,p,n,f,8.35
11375,e,n,f,6.2
11376,e,n,t,5.36
11377,p,u,f,4.85
11378,e,n,f,6.64
11379,e,n,f,4.18
11380,e,w,f,5.82
11381,p,e,f,3.23
11382,e,o,f,6.57
11383,e,k,f,4.62
11384,p,n,f,5.19
11385,e,o,f,7.59
11386,e,g,f,8.29
11387,e,n,t,5.35
11388,e,n,f,5.93
11389,p,p,f,5.13
11390,p,w,f,5.15
11391,e,y,t,7.44
11392,e,n,f,5.62
11393,e,y,f,6.39
11394,p,w,f,14.41
11395,e,n,f,5.44
11396,p,n,f,9.85
11397,p,n,f,8.1
11398,e,w,t,5.75
11399,e,n,f,5.23
11400,e,n,f,7.6
11401,p,n,f,3.97
11402,p,o,f,3.55
11403,p,n,f,8.74
11404,e,w,f,2.86
11405,e,w,f,3.58
11406,e,y,f,6.75
11407,p,w,f,3.92
11408,e,w,t,6.24
11409,p,l,f,4.12
11410,p,n,f,4.59
11411,p,r,t,5.81
11412,p,n,f,8.07
11413,e,n,f,8.52
11414,e,n,f,7.72
11415,p,n,f,4.18
11416,p,o,f,3.32
11417,p,y,f,8.47
11418,p,o,f,6.19
11419,e,n,f,6.27
11420,e,n,f,6.04
11421,p,o,f,5.85
11422,p,n,f,4.0
11423,p,n,f,4.79
11424,p,o,f,2.75
11425,p,y,f,10.06
11426,e,n,f,4.01
11427,e,u,f,5.31
11428,e,y,f,7.04
11429,e,w,f,2.25
11430,e,n,f,6.98
11431,p,o,f,3.23
11432,e,n,f,6.86
11433,p,n,f,3.14
11434,p,n,f,5.57
11435,p,o,t,3.42
11436,e,g,f,4.63
11437,p,n,f,5.87
11438,e,g,f,5.94
11439,e,l,f,8.08
11440,p,n,f,5.56
11441,p,e,f,4.53
11442,p,n,f,5.77
11443,p,y,f,5.73
11444,e,w,f,6.65
11445,e,w,t,5.0
11446,e,n,t,10.42
11447,e,u,f,4.08
11448,p,g,t,4.39
11449,p,w,f,5.71
11450,e,b,f,5.22
11451,e,w,f,11.05
11452,p,e,f,4.26
11453,p,y,f,1.43
11454,e,w,f,5.09
11455,p,o,f,4.1
11456,e,n,f,7.0
11457,p,n,f,9.17
11458,e,k,f,4.52
11459,p,o,f,3.22
11460,e,w,f,3.04
11461,e,n,f,5.11
11462,p,y,f,4.96
11463,e,n,t,7.65
11464,p,y,f,6.08
11465,e,g,f,8.18
11466,p,y,t,7.21
11467,e,n,f,8.93
11468,e,w,f,5.68
11469,p,o,f,6.15
11470,e,n,f,4.65
11471,e,n,f,4.18
11472,e,o,t,6.37
11473,p,o,t,3.39
11474,e,b,f,2.6
11475,e,w,f,19.61
11476,p,n,f,4.95
11477,p,y,f,6.4
11478,p,o,f,5.07
11479,e,w,f,7.76
11480,p,n,f,5.16
11481,e,l,f,7.1
11482,p,p,f,3.89
11483,p,u,f,4.0
11484,e,y,f,6.18
11485,e,n,f,6.75
11486,p,g,f,3.31
11487,p,r,f,11.07
11488,p,n,f,5.27
11489,e,w,f,3.66
11490,p,w,f,15.27
11491,e,n,f,5.58
11492,p,n,f,3.59
11493,e,l,f,7.32
11494,e,n,f,8.33
11495,e,n,f,5.17
11496,p,w,f,3.53
11497,p,e,f,5.39
11498,e,n,f,7.47
11499,p,n,f,4.69
11500,e,y,t,6.76
11501,p,p,f,4.68
11502,p,o,f,5.08
11503,e,n,f,6.65
11504,e,n,t,9.03
11505,p,r,f,1.52
11506,e,n,f,6.16
11507,e,n,f,4.74
11508,p,w,f,3.05
11509,p,w,f,5.63
11510,e,n,f,4.68
11511,e,n,f,5.14
11512,e,n,f,6.51
11513,e,y,t,8.11
11514,p,w,t,6.2
11515,e,n,f,4.04
11516,e,p,t,5.58
11517,p,p,f,4.52
11518,e,g,f,4.34
11519,e,n,t,5.96
11520,p,n,f,6.23
11521,e,n,f,5.18
11522,p,n,f,4.47
11523,p,n,f,6.74
11524,e,n,f,4.92
11525,p,k,f,3.64
11526,p,y,f,7.02
11527,p,k,f,3.6
11528,e,n,f,5.18
11529,p,y,f,5.78
11530,e,n,f,8.14
11531,e,n,t,5.83
11532,p,w,f,6.9
11533,p,y,f,5.96
11534,p,n,f,5.44
11535,e,o,f,5.26
11536,p,e,f,4.55
11537,p,y,f,3.93
11538,e,n,t,8.6
11539,e,g,f,5.43
11540,p,w,f,3.59
11541,e,n,f,3.79
11542,e,n,f,6.43
11543,e,w,f,3.5
11544,p,u,f,4.74
11545,p,p,f,4.84
11546,p,n,f,3.81
11547,p,r,f,11.07
11548,p,w,f,3.11
11549,p,w,f,3.49
11550,e,y,t,7.33
11551,e,n,f,5.35
11552,p,e,f,7.79
11553,p,n,f,7.52
11554,p,w,f,3.28
11555,p,p,f,4.99
11556,e,g,f,7.47
11557,p,n,f,10.61
11558,p,n,f,9.92
11559,e,o,f,6.42
11560,e,k,f,4.42
11561,p,g,f,5.37
11562,p,w,f,8.99
11563,p,n,t,4.55
11564,e,u,f,5.22
11565,e,n,f,6.56
11566,e,o,f,5.62
11567,e,n,f,4.71
11568,e,n,t,9.35
11569,e,n,f,6.18
11570,p,y,f,4.84
11571,p,e,f,6.23
11572,p,r,t,5.08
11573,e,g,f,7.71
11574,p,y,f,2.94
11575,e,y,t,8.46
11576,e,n,f,5.87
11577,e,w,f,3.49
11578,p,y,f,8.48
11579,p,n,t,5.34
11580,e,n,f,4.66
11581,p,e,f,3.42
11582,p,y,t,5.4
11583,p,n,t,4.38
11584,e,n,f,6.0
11585,e,n,f,7.51
11586,e,w,f,2.75
11587,p,n,f,4.33
11588,e,n,f,6.87
11589,e,b,f,5.26
11590,e,w,f,3.44
11591,e,w,f,8.36
11592,p,y,f,4.21
11593,e,p,t,4.8
11594,e,n,f,5.19
11595,p,y,f,1.54
11596,p,l,f,4.62
11597,e,n,f,6.69
11598,p,n,f,5.54
11599,p,n,t,8.7
11600,p,u,f,3.68
11601,p,y,f,7.47
11602,e,w,f,7.85
11603,p,e,f,2.87
11604,p,w,f,12.63
11605,p,n,f,10.2
11606,p,n,f,4.67
11607,e,n,f,6.37
11608,p,n,f,4.46
11609,p,n,f,8.84
11610,p,n,f,6.02
11611,e,n,f,8.06
11612,e,n,t,10.18
11613,e,w,f,6.23
11614,p,n,f,6.36
11615,e,g,f,3.27
11616,e,n,f,5.72
11617,p,y,f,6.9
11618,e,n,f,5.55
11619,e,n,f,5.7
11620,e,g,f,4.55
11621,p,w,t,5.76
11622,p,n,f,9.4
11623,p,y,f,6.04
11624,p,e,f,8.54
11625,e,u,f,8.0
11626,e,u,f,3.67
11627,p,r,f,9.01
11628,p,w,f,16.32
11629,p,l,f,5.89
11630,e,w,f,7.79
11631,e,y,f,5.51
11632,p,n,f,10.7
11633,e,p,f,6.03
11634,e,n,t,12.24
11635,p,y,f,4.09
11636,e,y,t,7.0
11637,e,y,f,5.99
11638,p,n,f,5.17
11639,p,n,f,8.87
11640,p,n,f,2.99
11641,e,n,f,4.58
11642,p,y,f,10.85
11643,p,y,f,3.45
11644,e,n,f,5.77
11645,p,p,f,4.24
11646,p,g,f,5.84
11647,e,n,f,8.35
11648,e,n,f,4.72
11649,e,b,f,7.1
11650,e,n,t,5.53
11651,e,n,t,10.85
11652,p,e,f,7.02
11653,e,y,f,5.88
11654,p,n,f,5.55
11655,p,n,t,5.65
11656,p,y,f,6.26
11657,p,k,f,5.62
11658,p,y,t,5.51
11659,p,y,f,1.68
11660,p,n,f,10.07
11661,e,n,f,5.62
11662,e,o,f,8.39
11663,p,e,f,5.19
11664,p,n,f,10.51
11665,p,n,f,10.52
11666,e,w,f,26.63
11667,e,u,f,7.58
11668,e,n,t,7.1
11669,p,g,f,11.16
11670,p,y,f,6.01
11671,e,n,f,4.76
11672,e,w,t,5.88
11673,e,g,f,5.01
11674,e,y,t,7.33
11675,e,n,t,9.45
11676,e,n,t,8.1
11677,p,y,f,9.93
11678,p,n,f,8.76
11679,e,e,f,8.42
11680,p,y,f,10.93
11681,p,k,f,5.98
11682,p,o,t,5.15
11683,p,y,f,5.59
11684,e,n,f,7.93
11685,p,y,f,12.19
11686,e,w,t,6.02
11687,e,y,t,7.19
11688,e,b,f,2.56
11689,p,w,f,2.83
11690,p,y,f,4.98
11691,p,e,f,5.85
11692,e,y,f,11.14
11693,p,g,f,9.45
11694,e,n,f,4.01
11695,p,w,t,7.74
11696,p,n,t,7.99
11697,p,n,f,6.89
11698,e,n,f,7.01
11699,e,n,f,4.66
11700,e,y,f,6.34
11701,e,w,f,3.52
11702,p,n,f,7.24
11703,e,u,f,4.4
11704,e,w,f,6.72
11705,e,n,f,7.19
11706,e,n,f,6.64
11707,e,o,f,6.52
11708,e,w,f,7.15
11709,p,n,f,4.07
11710,e,n,f,5.22
11711,e,w,f,6.14
11712,e,n,t,5.33
11713,e,n,f,5.92
11714,p,n,f,3.17
11715,p,n,f,1.98
11716,e,n,f,5.24
11717,p,n,f,5.29
11718,p,y,f,3.05
11719,p,g,f,3.63
11720,e,w,f,4.95
11721,p,n,f,7.86
11722,p,n,f,6.09
11723,e,e,t,5.56
11724,e,w,f,6.03
11725,p,n,f,5.6
11726,e,n,f,5.5
11727,p,y,f,5.81
11728,p,o,f,1.52
11729,p,n,f,10.67
11730,p,n,f,5.97
11731,e,g,f,4.62
11732,e,n,t,12.33
11733,p,y,f,3.54
11734,p,n,t,2.82
11735,e,n,f,5.77
11736,p,o,f,5.62
11737,e,n,t,6.01
11738,e,n,f,6.0
11739,e,w,f,4.72
11740,p,u,f,4.79
11741,e,n,f,5.57
11742,e,n,f,6.37
11743,p,r,t,4.58
11744,p,n,f,4.55
11745,e,n,t,9.16
11746,e,w,f,6.54
11747,e,n,f,6.58
11748,p,n,f,5.01
11749,p,w,f,15.91
11750,p,u,f,5.68
11751,e,n,f,4.35
11752,p,n,f,3.94
11753,p,y,t,5.08
11754,p,r,f,6.1
11755,e,g,f,8.25
11756,p,y,f,6.58
11757,e,n,f,6.27
11758,p,r,f,10.97
11759,e,b,f,6.03
11760,p,n,f,12.12
11761,e,n,f,4.67
11762,e,u,f,4.18
11763,p,n,f,3.99
11764,p,n,t,8.81
11765,p,n,f,9.25
11766,p,n,f,5.81
11767,e,n,f,6.04
11768,p,w,f,3.43
11769,p,n,t,5.85
11770,e,n,f,5.38
11771,p,w,f,3.57
11772,p,e,f,4.05
11773,e,n,f,5.15
11774,p,w,f,3.77
11775,p,g,t,4.42
11776,p,g,f,4.38
11777,e,u,f,4.41
11778,p,n,f,5.67
11779,p,y,f,3.71
11780,p,e,f,5.66
11781,p,n,f,11.17
11782,p,n,f,7.56
11783,e,n,t,7.6
11784,e,g,f,6.02
11785,p,n,f,4.46
11786,e,k,f,4.55
11787,p,n,f,5.85
11788,e,l,f,5.91
11789,e,w,f,3.67
11790,p,e,f,6.66
11791,p,g,f,2.75
11792,p,y,f,7.35
11793,e,n,f,6.4
11794,p,o,t,4.25
11795,p,l,f,6.16
11796,e,n,t,9.69
11797,p,n,f,1.94
11798,e,n,f,5.32
11799,p,e,t,5.83
11800,p,n,t,8.14
11801,p,n,f,5.13
11802,p,u,f,6.04
11803,e,n,f,4.27
11804,p,n,f,11.15
11805,p,e,f,5.52
11806,p,o,f,4.63
11807,e,n,f,5.06
11808,e,k,f,4.08
11809,e,e,t,5.98
11810,p,n,f,5.57
11811,p,n,f,4.63
11812,p,e,f,8.4
11813,p,n,t,4.69
11814,e,n,f,10.31
11815,p,y,f,6.59
11816,p,n,f,5.84
11817,p,n,f,9.44
11818,e,n,f,4.17
11819,p,y,f,2.96
11820,p,n,t,9.12
11821,e,n,t,9.05
11822,p,n,f,11.75
11823,p,n,f,6.25
11824,p,o,f,6.12
11825,p,n,t,10.4
11826,p,p,t,7.98
11827,p,y,f,3.81
11828,e,n,t,9.34
11829,e,n,f,5.58
11830,e,n,f,7.82
11831,p,n,f,1.84
11832,p,r,t,5.12
11833,p,n,f,5.35
11834,p,w,f,12.53
11835,p,w,f,5.3
11836,p,y,f,7.51
11837,p,y,f,6.04
11838,e,w,f,19.07
11839,p,n,f,3.49
11840,p,n,f,3.48
11841,e,b,f,5.03
11842,e,n,t,6.76
11843,p,y,t,6.25
11844,p,w,f,3.21
11845,p,n,f,6.21
11846,e,n,f,6.71
11847,p,w,f,7.58
11848,p,l,f,6.08
11849,p,n,f,3.83
11850,p,o,f,4.67
11851,p,w,f,3.43
11852,p,o,f,5.26
11853,p,u,f,3.54
11854,p,o,f,3.23
11855,e,u,t,4.97
11856,p,n,f,5.93
11857,p,n,f,4.09
11858,p,n,f,7.55
11859,p,y,f,7.28
11860,e,u,t,4.54
11861,p,g,f,2.95
11862,p,o,t,5.14
11863,p,o,f,4.65
11864,p,n,f,7.31
11865,p,n,f,5.69
11866,e,n,f,5.18
11867,p,y,t,5.22
11868,e,n,t,4.66
11869,p,k,f,5.19
11870,p,g,f,3.42
11871,p,n,f,5.95
11872,p,w,f,2.78
11873,p,g,f,3.29
11874,p,n,f,4.63
11875,p,e,f,6.85
11876,e,n,f,13.9
11877,p,y,f,3.76
11878,e,g,f,3.98
11879,e,g,f,6.43
11880,p,e,f,4.27
11881,p,n,f,10.86
11882,p,n,f,4.25
11883,e,n,f,5.68
11884,p,n,f,10.41
11885,p,n,f,7.5
11886,p,o,f,17.14
11887,p,y,f,5.32
11888,p,n,f,5.59
11889,e,n,f,6.18
11890,e,o,t,5.89
11891,e,n,f,6.56
11892,e,n,f,5.69
11893,e,e,f,4.64
11894,e,w,f,3.46
11895,p,n,f,4.72
11896,e,y,f,9.62
11897,p,w,t,8.22
11898,e,b,f,6.85
11899,e,g,f,4.27
11900,e,w,t,8.44
11901,p,e,t,6.5
11902,e,n,f,6.05
11903,e,n,t,10.79
11904,p,n,f,5.36
11905,e,y,f,6.09
11906,e,y,f,5.46
11907,e,n,f,8.05
11908,e,w,t,12.43
11909,e,n,f,6.6
11910,e,u,f,7.52
11911,e,n,f,7.63
11912,e,n,f,6.96
11913,e,n,f,6.32
11914,e,w,t,9.53
11915,e,n,f,5.55
11916,p,g,f,2.75
11917,p,n,f,18.06
11918,p,n,f,5.22
11919,p,w,f,12.22
11920,p,n,t,5.6
11921,e,o,f,6.38
11922,p,r,t,5.4
11923,p,r,t,4.62
11924,e,n,f,6.15
11925,p,w,t,7.13
11926,p,w,f,10.34
11927,p,n,f,7.12
11928,p,n,f,13.03
11929,e,g,f,4.73
11930,e,n,f,5.71
11931,p,n,t,4.72
11932,p,y,f,5.98
11933,p,u,f,6.26
11934,e,n,f,5.35
11935,e,w,t,6.05
11936,e,b,f,6.14
11937,e,e,t,5.68
11938,p,w,f,11.26
11939,p,y,f,1.96
11940,p,r,f,10.17
11941,e,w,f,3.72
11942,e,y,f,8.58
11943,p,n,f,4.93
11944,e,w,t,5.14
11945,p,p,t,9.51
11946,p,w,f,12.62
11947,p,n,t,3.31
11948,p,y,f,4.09
11949,p,n,f,5.81
11950,e,y,f,4.84
11951,p,w,f,8.55
11952,e,o,f,5.76
11953,e,u,f,7.5
11954,p,y,f,5.37
11955,p,y,f,2.07
11956,p,y,f,7.14
11957,p,n,f,4.03
11958,e,n,t,5.94
11959,e,n,f,8.66
11960,p,o,f,4.76
11961,p,k,f,3.44
11962,p,y,f,6.06
11963,p,e,f,6.7
11964,e,k,f,5.35
11965,e,n,f,6.8
11966,p,y,f,4.02
11967,e,g,f,5.37
11968,p,n,f,4.62
11969,p,r,t,4.62
11970,e,b,f,5.37
11971,e,n,f,4.8
11972,p,n,f,6.01
11973,p,r,f,7.21
11974,e,n,f,6.18
11975,p,n,f,3.53
11976,e,n,f,6.65
11977,e,y,f,5.76
11978,p,y,f,4.91
11979,e,u,f,4.27
11980,e,o,f,6.22
11981,e,n,f,7.13
11982,e,p,t,6.02
11983,e,n,f,4.78
11984,p,n,f,4.94
11985,p,l,f,6.43
11986,e,n,f,6.42
11987,p,n,f,5.32
11988,e,n,f,7.38
11989,p,n,f,4.8
11990,p,w,f,3.89
11991,e,n,t,9.22
11992,p,g,f,3.68
11993,e,n,t,11.49
11994,p,p,f,4.54
11995,p,o,f,4.56
11996,p,e,f,8.19
11997,e,y,f,7.23
11998,p,o,f,16.98
11999,e,e,f,4.24
12000,p,n,f,3.31
12001,p,n,f,6.75
12002,e,l,f,7.42
12003,e,n,f,6.1
12004,p,r,f,11.06
12005,e,y,f,5.56
12006,e,y,f,6.38
12007,p,u,f,6.34
12008,p,g,f,11.18
12009,e,n,t,10.27
12010,e,k,f,4.85
12011,p,e,f,8.02
12012,p,y,f,5.5
12013,p,o,t,2.77
12014,p,y,f,3.4
12015,e,e,t,5.51
12016,p,n,t,5.96
12017,e,n,f,4.33
12018,e,n,f,13.9
12019,e,n,t,7.41
12020,p,e,f,5.78
12021,p,k,f,7.09
12022,p,g,f,5.28
12023,p,g,f,11.4
12024,p,n,f,5.52
12025,e,u,f,6.92
12026,e,r,f,8.33
12027,p,n,f,4.94
12028,p,e,f,4.38
12029,p,p,t,7.98
12030,e,y,f,5.62
12031,p,y,t,6.8
12032,p,e,f,7.31
12033,p,y,t,4.63
12034,e,n,t,8.39
12035,e,p,t,4.56
12036,e,n,f,5.21
12037,p,w,f,2.94
12038,p,w,f,2.38
12039,e,n,t,13.74
12040,p,e,f,6.31
12041,e,w,f,7.17
12042,e,p,t,4.63
12043,e,n,f,6.03
12044,e,n,t,5.94
12045,p,o,f,2.76
12046,p,n,f,7.78
12047,e,n,f,7.59
12048,p,n,f,9.36
12049,p,e,f,11.07
12050,e,y,f,3.56
12051,p,r,f,7.54
12052,p,n,f,6.2
12053,p,y,f,6.39
12054,p,n,f,8.11
12055,p,e,f,8.08
12056,p,u,f,2.64
12057,e,n,t,8.9
12058,e,y,f,5.9
12059,e,n,t,7.31
12060,p,u,f,4.82
12061,e,y,f,7.37
12062,p,n,f,5.84
12063,e,g,f,4.56
12064,e,w,f,7.65
12065,e,n,f,4.7
12066,p,e,f,3.28
12067,e,o,f,4.32
12068,p,o,f,4.43
12069,e,y,t,7.74
12070,p,o,f,3.68
12071,p,n,f,3.85
12072,p,u,f,6.2
12073,e,n,f,8.22
12074,p,o,f,2.9
12075,p,e,f,6.84
12076,p,r,f,8.1
12077,p,n,f,6.15
12078,p,y,f,3.41
12079,e,n,f,5.37
12080,p,g,f,5.23
12081,e,n,f,5.19
12082,p,o,f,5.05
12083,p,r,f,11.07
12084,p,n,f,0.0
12085,p,y,f,3.8
12086,p,r,t,4.43
12087,p,u,f,3.76
12088,e,n,f,4.8
12089,e,w,t,6.22
12090,p,w,f,2.82
12091,e,u,f,7.28
12092,e,g,f,7.18
12093,p,g,f,14.16
12094,e,o,f,6.57
12095,p,w,f,12.03
12096,e,b,f,7.79
12097,e,l,f,7.21
12098,p,o,f,11.09
12099,p,g,f,4.17
12100,e,n,t,8.72
12101,p,n,f,9.78
12102,e,n,f,4.24
12103,p,n,f,5.06
12104,e,n,f,6.38
12105,p,n,f,5.79
12106,p,n,f,3.49
12107,p,y,f,8.69
12108,e,n,f,7.52
12109,p,y,f,6.38
12110,e,n,t,10.17
12111,p,p,f,4.64
12112,p,g,f,11.22
12113,p,y,f,4.59
12114,p,n,f,5.04
12115,p,n,f,5.65
12116,e,o,f,9.04
12117,p,g,f,3.04
12118,e,w,f,2.56
12119,p,r,f,1.5
12120,p,w,f,2.77
12121,e,n,t,10.11
12122,p,n,f,11.22
12123,e,n,t,11.26
12124,e,e,f,10.12
12125,e,n,f,8.36
12126,e,n,f,6.3
12127,e,n,f,4.48
12128,p,y,f,3.13
12129,e,w,f,5.78
12130,p,w,f,5.45
12131,p,n,f,9.06
12132,p,e,f,6.35
12133,e,w,f,3.88
12134,p,n,f,11.13
12135,e,n,t,7.17
12136,e,g,f,6.23
12137,p,n,f,4.4
12138,p,n,t,8.21
12139,e,w,t,5.38
12140,e,w,f,6.67
12141,p,n,f,5.48
12142,e,y,f,7.06
12143,p,u,f,3.14
12144,p,n,t,9.09
12145,p,e,t,6.2
12146,p,r,f,10.85
12147,p,y,f,7.71
12148,p,n,f,2.74
12149,p,e,t,6.16
12150,p,w,f,12.56
12151,p,e,f,3.9
12152,e,n,f,5.23
12153,p,n,f,4.23
12154,e,n,f,5.71
12155,e,n,f,4.06
12156,p,w,f,3.35
12157,p,n,f,9.81
12158,e,n,f,6.43
12159,p,p,f,3.46
12160,p,k,t,5.3
12161,e,n,t,8.68
12162,p,l,f,5.62
12163,e,n,f,4.29
12164,p,n,f,7.97
12165,p,w,f,3.73
12166,e,y,f,5.52
12167,e,k,f,4.41
12168,p,y,f,1.54
12169,p,l,f,4.83
12170,e,n,f,7.47
12171,p,w,f,8.61
12172,p,n,f,4.79
12173,e,e,f,5.4
12174,p,y,f,6.43
12175,e,w,t,5.95
12176,e,y,f,4.85
12177,p,o,f,5.54
12178,e,n,f,6.01
12179,e,n,t,10.39
12180,e,n,t,8.34
12181,e,n,f,5.59
12182,p,e,f,6.82
12183,p,n,f,4.58
12184,e,w,f,4.88
12185,p,p,t,7.38
12186,e,e,t,5.46
12187,p,n,f,5.68
12188,p,e,t,8.47
12189,e,b,f,5.95
12190,e,n,f,6.47
12191,e,y,t,7.72
12192,p,n,f,6.23
12193,p,y,f,6.14
12194,p,n,f,9.51
12195,e,n,t,5.91
12196,p,n,f,5.16
12197,e,w,f,21.58
12198,e,g,f,3.08
12199,p,y,f,7.62
12200,p,g,f,3.13
12201,e,n,t,9.25
12202,p,n,f,12.41
12203,p,n,f,6.65
12204,e,n,f,5.35
12205,p,r,t,4.48
12206,e,n,f,6.16
12207,p,n,f,7.46
12208,p,y,f,4.9
12209,p,n,f,9.79
12210,e,n,f,6.28
12211,e,w,t,10.93
12212,e,n,f,4.68
12213,e,w,t,4.86
12214,p,p,f,3.67
12215,p,n,f,8.22
12216,e,n,f,6.0
12217,e,k,f,4.08
12218,p,n,f,5.19
12219,p,n,t,3.74
12220,p,n,f,5.28
12221,p,e,f,5.87
12222,p,e,t,5.98
12223,p,g,t,5.27
12224,p,n,f,4.61
12225,p,n,f,8.0
12226,p,w,f,3.13
12227,e,u,f,4.71
12228,p,n,f,5.34
12229,p,y,f,7.89
12230,e,n,t,6.03
12231,p,n,t,9.69
12232,e,n,f,9.43
12233,e,n,t,9.2
12234,p,n,f,5.3
12235,p,o,f,5.8
12236,e,n,f,8.07
12237,p,n,t,6.36
12238,e,n,f,5.66
12239,e,n,t,9.05
12240,e,n,f,5.85
12241,e,u,f,4.99
12242,e,y,f,3.7
12243,p,p,f,3.41
12244,p,e,f,18.76
12245,p,u,f,5.89
12246,p,e,f,6.23
12247,p,n,f,7.12
12248,e,n,f,13.26
12249,p,n,t,8.42
12250,p,n,f,4.79
12251,e,o,f,6.03
12252,e,w,t,6.21
12253,p,y,t,6.21
12254,e,k,f,6.91
12255,p,n,f,6.32
12256,e,n,f,5.43
12257,e,n,f,5.55
12258,e,n,f,5.4
12259,e,w,t,12.35
12260,p,n,f,5.85
12261,p,r,t,5.4
12262,e,n,t,9.08
12263,e,n,f,6.09
12264,e,b,f,5.5
12265,e,g,f,5.54
12266,e,g,f,2.81
12267,e,e,f,4.58
12268,p,n,f,9.32
12269,p,n,f,5.16
12270,p,o,t,3.04
12271,e,n,f,7.12
12272,e,n,t,4.61
12273,e,n,f,6.12
12274,e,n,t,7.88
12275,p,o,f,3.66
12276,e,k,f,4.41
12277,e,n,t,5.22
12278,p,y,f,8.03
12279,p,n,f,11.73
12280,e,y,t,7.52
12281,p,n,t,7.56
12282,e,n,t,8.57
12283,e,b,f,6.28
12284,p,p,f,5.93
12285,p,y,f,7.62
12286,e,n,f,8.57
12287,e,g,f,7.24
12288,p,o,f,18.06
12289,p,o,t,6.26
12290,p,y,f,5.86
12291,p,e,f,4.83
12292,e,n,f,5.25
12293,p,l,f,3.89
12294,e,w,f,5.3
12295,e,n,f,5.35
12296,e,n,f,5.62
12297,p,w,f,3.67
12298,e,n,t,11.47
12299,e,n,f,4.65
12300,p,n,f,3.65
12301,e,n,t,11.09
12302,p,n,f,1.79
12303,e,g,f,4.7
12304,p,o,f,6.38
12305,e,n,f,6.28
12306,p,p,f,4.19
12307,p,w,f,3.75
12308,p,n,f,4.77
12309,e,n,t,7.04
12310,p,n,f,10.32
12311,e,o,f,6.71
12312,e,n,f,4.39
12313,e,r,f,7.07
12314,p,g,f,3.86
12315,e,y,f,3.86
12316,e,n,f,6.82
12317,p,y,f,5.61
12318,e,n,f,8.04
12319,e,w,f,8.0
12320,e,g,f,6.04
12321,e,b,f,6.86
12322,p,o,f,4.38
12323,e,n,f,7.0
12324,p,g,f,8.66
12325,p,e,f,5.7
12326,p,w,f,15.87
12327,p,y,f,5.47
12328,p,n,f,6.35
12329,p,y,f,5.37
12330,p,n,f,4.81
12331,p,g,t,8.79
12332,e,n,f,12.35
12333,p,u,f,3.48
12334,e,g,f,4.89
12335,p,n,f,10.11
12336,p,y,f,5.78
12337,e,w,f,4.55
12338,e,u,t,4.27
12339,p,e,f,8.05
12340,p,n,f,11.78
12341,p,r,t,4.78
12342,e,n,t,7.33
12343,e,n,f,7.33
12344,p,n,f,5.89
12345,p,y,f,7.26
12346,e,n,f,6.17
12347,p,o,t,4.04
12348,p,w,f,4.56
12349,p,r,f,10.79
12350,p,n,t,6.06
12351,p,o,t,5.39
12352,p,n,f,5.68
12353,e,b,f,6.31
12354,p,n,f,4.24
12355,e,p,t,4.24
12356,e,n,t,10.79
12357,e,y,t,7.39
12358,p,n,f,4.87
12359,e,w,f,7.46
12360,p,o,t,3.14
12361,e,n,f,6.86
12362,e,y,t,7.01
12363,p,n,f,6.83
12364,e,w,f,3.06
12365,p,n,f,3.84
12366,e,y,t,7.1
12367,p,p,t,7.52
12368,p,g,f,8.14
12369,p,e,f,4.99
12370,p,n,f,10.72
12371,e,n,f,4.9
12372,p,g,f,3.22
12373,p,y,f,3.75
12374,p,w,f,3.77
12375,e,o,f,5.38
12376,e,n,f,6.67
12377,e,n,f,5.5
12378,p,w,t,6.84
12379,e,n,f,4.52
12380,p,y,t,8.5
12381,e,n,f,6.07
12382,p,o,f,18.22
12383,e,g,f,4.9
12384,e,w,f,6.44
12385,p,n,f,8.33
12386,e,n,f,5.84
12387,p,n,f,5.56
12388,e,y,f,4.22
12389,e,n,f,4.17
12390,p,k,f,6.03
12391,e,g,f,5.26
12392,p,e,t,7.02
12393,p,n,f,4.34
12394,p,y,f,5.7
12395,e,n,f,4.46
12396,e,l,f,2.16
12397,e,e,t,5.88
12398,p,e,t,7.8
12399,p,w,f,2.67
12400,p,e,f,3.66
12401,e,w,f,4.94
12402,e,e,f,5.91
12403,p,u,f,3.57
12404,e,n,f,6.18
12405,e,n,f,10.34
12406,p,e,f,15.25
12407,e,n,f,5.18
12408,p,y,f,6.29
12409,e,n,t,14.8
12410,p,w,f,3.44
12411,p,n,f,6.65
12412,p,y,f,6.31
12413,p,n,f,6.37
12414,p,o,f,6.08
12415,p,y,f,2.94
12416,p,e,f,5.57
12417,e,n,f,5.86
12418,p,n,f,3.67
12419,p,w,f,4.56
12420,e,k,f,4.21
12421,p,y,f,3.64
12422,p,n,f,5.24
12423,e,n,f,5.05
12424,p,n,f,11.21
12425,e,n,f,5.53
12426,p,y,f,3.64
12427,e,y,f,6.21
12428,p,g,f,9.76
12429,e,n,f,5.66
12430,p,n,f,5.79
12431,p,n,f,3.77
12432,e,n,f,6.14
12433,p,n,f,5.68
12434,p,o,f,6.04
12435,p,w,f,2.94
12436,e,n,f,5.27
12437,p,n,f,11.22
12438,e,w,t,5.98
12439,e,n,f,6.17
12440,p,y,f,5.6
12441,p,o,f,2.92
12442,e,w,f,20.7
12443,e,n,f,7.44
12444,e,n,f,6.38
12445,p,n,t,5.23
12446,e,o,f,8.59
12447,e,n,t,5.57
12448,e,w,f,7.04
12449,p,w,f,16.61
12450,e,o,f,3.24
12451,e,o,f,4.64
12452,e,w,f,2.59
12453,p,w,f,15.68
12454,e,n,t,8.14
12455,p,g,f,10.28
12456,p,n,f,7.89
12457,p,n,f,5.1
12458,p,w,f,7.85
12459,p,o,f,18.42
12460,e,n,f,4.37
12461,p,y,f,6.36
12462,p,n,f,3.91
12463,p,w,f,5.71
12464,e,w,f,4.48
12465,e,n,f,6.11
12466,p,y,t,4.64
12467,p,r,f,7.06
12468,p,w,f,10.75
12469,e,n,f,6.46
12470,e,y,f,8.47
12471,p,n,f,5.35
12472,e,n,f,6.74
12473,e,n,f,5.33
12474,e,w,t,10.46
12475,e,u,f,6.84
12476,p,n,f,8.71
12477,p,n,f,4.87
12478,p,n,f,7.42
12479,e,n,f,5.2
12480,p,n,f,5.67
12481,e,g,f,8.58
12482,p,n,f,7.21
12483,p,y,f,3.57
12484,e,n,f,4.81
12485,p,w,f,3.6
12486,e,n,f,7.09
12487,p,p,t,8.29
12488,p,e,f,5.53
12489,e,n,f,4.53
12490,e,g,f,2.49
12491,e,n,f,5.55
12492,e,p,f,6.92
12493,p,p,f,3.8
12494,e,o,f,5.74
12495,p,e,f,15.35
12496,e,w,t,10.49
12497,p,y,f,9.01
12498,p,r,t,5.06
12499,p,o,f,3.15
12500,e,b,f,4.92
12501,e,b,f,7.03
12502,p,o,f,1.3
12503,p,n,f,5.37
12504,p,r,t,4.77
12505,e,n,f,5.91
12506,e,u,f,7.44
12507,e,n,t,11.43
12508,p,n,t,4.12
12509,p,n,f,2.97
12510,e,n,f,4.32
12511,e,n,f,4.94
12512,e,n,f,5.87
12513,p,e,f,7.08
12514,p,g,f,6.06
12515,e,n,t,7.66
12516,p,w,f,3.18
12517,e,y,f,6.39
12518,p,o,f,5.86
12519,p,g,t,4.79
12520,e,w,t,6.2
12521,p,p,f,3.28
12522,e,n,f,4.91
12523,e,n,f,4.7
12524,e,n,f,5.44
12525,p,r,f,5.32
12526,e,n,f,7.04
12527,e,e,t,5.09
12528,p,n,f,7.82
12529,e,n,t,9.96
12530,p,n,f,10.9
12531,e,n,t,7.56
12532,p,n,f,4.92
12533,p,w,f,4.59
12534,p,n,t,5.38
12535,e,e,f,7.06
12536,e,w,t,5.41
12537,p,y,f,6.73
12538,p,w,f,3.67
12539,e,n,f,11.78
12540,e,n,f,8.31
12541,p,u,f,8.35
12542,p,p,f,3.53
12543,p,n,t,4.87
12544,p,o,f,4.15
12545,e,n,f,6.23
12546,p,e,f,6.7
12547,p,y,t,5.16
12548,p,n,f,5.87
12549,p,n,f,5.54
12550,p,n,f,5.67
12551,e,n,f,8.54
12552,p,e,t,7.34
12553,p,w,f,2.69
12554,p,n,t,6.8
12555,e,n,t,7.03
12556,e,w,f,3.26
12557,p,n,f,11.16
12558,p,n,t,7.62
12559,e,n,f,12.22
12560,p,e,f,12.43
12561,p,n,t,5.24
12562,e,n,f,5.72
12563,e,w,f,4.74
12564,p,n,f,7.96
12565,e,n,f,7.23
12566,p,n,f,2.01
12567,p,n,f,4.72
12568,e,w,f,21.27
12569,p,y,f,5.35
12570,e,y,f,6.09
12571,e,n,f,6.88
12572,e,y,f,5.89
12573,e,y,f,6.54
12574,e,n,t,9.96
12575,p,n,t,8.6
12576,e,g,f,4.5
12577,p,n,f,5.64
12578,p,n,f,8.87
12579,p,w,f,3.8
12580,p,r,t,4.47
12581,e,n,t,8.49
12582,e,b,f,5.05
12583,e,n,f,4.93
12584,p,y,f,3.1
12585,e,w,t,8.92
12586,e,e,f,7.09
12587,e,n,f,5.89
12588,p,n,f,3.15
12589,e,w,f,7.16
12590,p,y,f,5.28
12591,p,n,f,6.5
12592,p,n,f,5.43
12593,e,n,f,5.68
12594,p,o,f,18.84
12595,e,n,f,8.27
12596,e,y,f,6.43
12597,p,w,f,5.4
12598,p,k,f,4.93
12599,e,n,t,11.08
12600,p,e,f,6.37
12601,p,y,f,6.65
12602,p,o,f,3.64
12603,e,w,f,4.54
12604,e,n,f,10.33
12605,p,e,f,4.42
12606,e,n,f,4.05
12607,p,n,f,5.38
12608,p,u,f,4.41
12609,p,w,f,14.71
12610,e,g,f,4.96
12611,p,n,f,8.65
12612,p,n,f,9.21
12613,e,p,f,6.18
12614,e,e,f,7.14
12615,p,y,f,3.31
12616,p,o,f,2.57
12617,e,n,f,4.76
12618,p,n,f,6.24
12619,e,n,f,5.88
12620,e,n,f,3.99
12621,p,w,f,2.77
12622,e,n,t,9.03
12623,e,n,f,11.0
12624,p,w,f,2.95
12625,e,w,t,11.68
12626,e,n,f,4.58
12627,p,w,f,3.79
12628,e,l,f,8.06
12629,p,n,f,3.89
12630,p,g,f,10.61
12631,e,g,f,8.11
12632,e,n,f,7.82
12633,p,n,f,4.24
12634,p,y,f,3.03
12635,p,p,t,7.39
12636,p,e,f,3.19
12637,e,y,t,6.26
12638,p,n,f,4.99
12639,p,e,f,4.27
12640,p,y,t,7.08
12641,p,w,t,6.01
12642,e,e,f,6.51
12643,e,n,f,8.01
12644,e,u,f,7.04
12645,e,n,f,6.11
12646,p,o,f,5.05
12647,p,w,f,2.98
12648,e,w,f,4.79
12649,e,n,t,7.29
12650,e,y,f,4.41
12651,e,n,f,4.15
12652,p,e,f,5.63
12653,e,n,t,10.41
12654,p,y,f,5.49
12655,p,n,f,3.18
12656,e,n,f,6.08
12657,e,o,f,7.21
12658,p,n,t,6.02
12659,e,y,f,10.36
12660,p,y,f,5.6
12661,p,n,f,11.09
12662,e,n,f,14.0
12663,p,n,f,7.1
12664,p,g,f,9.1
12665,p,n,f,5.07
12666,e,y,f,5.63
12667,p,n,f,5.2
12668,e,n,t,8.13
12669,p,e,f,7.06
12670,e,w,f,3.36
12671,p,w,f,3.82
12672,p,n,t,5.94
12673,p,y,t,4.42
12674,e,n,t,8.87
12675,p,l,f,4.71
12676,p,n,f,4.9
12677,e,k,f,3.98
12678,e,w,f,7.92
12679,p,p,f,5.21
12680,e,n,f,4.78
12681,e,w,f,7.98
12682,e,w,f,3.33
12683,e,y,t,7.07
12684,p,n,f,7.39
12685,p,n,f,6.28
12686,p,g,f,3.49
12687,e,n,f,7.89
12688,e,n,f,6.13
12689,e,y,f,6.55
12690,p,k,f,7.06
12691,p,n,f,11.85
12692,p,p,f,4.64
12693,p,o,f,2.07
12694,e,n,f,5.99
12695,e,y,t,8.39
12696,p,p,t,7.48
12697,p,n,f,8.92
12698,p,o,f,3.55
12699,p,n,f,4.83
12700,e,n,f,5.48
12701,p,y,f,9.36
12702,p,n,f,4.88
12703,e,n,f,3.72
12704,e,n,f,5.87
12705,p,g,f,2.99
12706,p,o,t,3.48
12707,e,n,f,5.92
12708,p,r,f,6.9
12709,p,n,f,11.17
12710,p,r,t,6.21
12711,p,l,f,5.69
12712,p,n,t,10.43
12713,e,k,f,4.27
12714,p,n,t,9.34
12715,e,n,f,5.75
12716,e,n,t,12.17
12717,p,p,f,4.8
12718,p,o,t,2.99
12719,p,g,f,3.12
12720,e,e,f,5.81
12721,e,y,f,7.21
12722,e,g,f,2.62
12723,e,n,f,5.22
12724,p,y,f,8.36
12725,e,n,f,4.23
12726,e,g,f,4.43
12727,p,w,f,5.35
12728,e,o,f,7.94
12729,p,n,f,4.46
12730,p,w,t,9.24
12731,e,g,f,7.47
12732,e,n,t,8.86
12733,p,o,t,4.51
12734,e,p,t,3.97
12735,e,o,f,5.46
12736,p,w,f,7.11
12737,e,p,f,6.46
12738,e,n,f,13.12
12739,e,n,f,6.13
12740,e,n,t,9.6
12741,e,y,f,3.3
12742,p,n,t,5.85
12743,e,e,f,7.32
12744,p,w,f,11.35
12745,e,n,f,7.09
12746,e,g,f,7.37
12747,p,n,f,10.31
12748,p,n,f,1.94
12749,p,n,f,9.29
12750,e,n,f,6.64
12751,p,k,f,9.54
12752,e,p,f,4.45
12753,e,n,f,4.94
12754,p,y,f,4.79
12755,e,p,f,7.38
12756,e,n,f,10.76
12757,e,n,f,8.47
12758,p,r,f,4.93
12759,e,g,f,7.73
12760,e,n,f,8.78
12761,p,y,f,9.08
12762,p,w,f,6.36
12763,e,y,f,3.26
12764,e,w,f,3.9
12765,p,o,f,6.26
12766,p,w,f,8.32
12767,p,n,f,6.28
12768,e,n,f,6.25
12769,e,y,f,6.26
12770,e,g,t,4.25
12771,e,w,f,5.22
12772,p,n,f,5.28
12773,e,n,f,8.34
12774,p,y,t,7.15
12775,e,e,f,5.83
12776,e,n,f,7.28
12777,p,n,f,6.35
12778,e,b,f,2.59
12779,p,o,f,3.46
12780,e,w,f,3.7
12781,e,g,f,3.23
12782,e,n,f,4.6
12783,p,y,f,5.68
12784,e,n,f,6.09
12785,e,n,f,6.85
12786,p,n,f,4.77
12787,p,n,f,11.0
12788,p,o,f,4.52
12789,e,n,f,6.63
12790,p,r,f,4.98
12791,e,n,f,6.71
12792,e,n,f,4.67
12793,e,n,t,9.25
12794,p,o,f,3.52
12795,e,n,t,7.99
12796,e,n,f,5.71
12797,p,w,f,3.81
12798,e,y,f,7.62
12799,p,y,f,3.32
12800,e,n,f,4.88
12801,p,n,f,3.6
12802,p,y,f,8.56
12803,p,n,f,6.55
12804,p,n,f,5.84
12805,e,n,f,5.65
12806,p,w,t,6.29
12807,p,r,f,6.27
12808,e,n,f,6.37
12809,p,o,f,6.55
12810,p,n,f,3.86
12811,p,p,f,4.56
12812,p,n,t,9.24
12813,p,y,t,7.21
12814,e,n,t,9.2
12815,p,e,f,7.42
12816,p,y,f,7.0
12817,p,e,f,4.54
12818,p,n,f,10.85
12819,e,g,f,3.16
12820,p,n,f,3.92
12821,e,y,f,3.98
12822,e,g,f,5.04
12823,p,u,f,7.03
12824,p,b,f,4.54
12825,p,n,f,4.99
12826,e,u,t,5.89
12827,p,p,f,5.75
12828,e,n,t,11.05
12829,p,e,f,5.93
12830,p,n,f,9.92
12831,e,b,f,5.92
12832,p,o,f,4.27
12833,p,n,f,5.65
12834,p,n,t,7.27
12835,p,n,f,6.11
12836,e,w,f,3.26
12837,e,w,f,3.75
12838,e,n,f,4.68
12839,e,b,f,6.19
12840,p,g,f,3.48
12841,p,w,f,9.06
12842,p,w,f,12.01
12843,e,n,t,9.32
12844,p,o,f,5.82
12845,p,o,f,4.31
12846,e,n,f,4.75
12847,p,r,t,6.67
12848,e,n,t,10.85
12849,p,n,f,4.84
12850,e,b,f,6.61
12851,p,n,f,6.58
12852,p,o,f,1.5
12853,p,n,f,6.66
12854,p,p,t,7.39
12855,e,e,f,9.07
12856,e,n,f,6.47
12857,p,e,f,4.19
12858,e,n,f,7.19
12859,p,u,f,6.41
12860,p,r,f,7.71
12861,e,n,f,6.77
12862,e,n,f,5.75
12863,p,n,t,8.87
12864,p,o,f,5.57
12865,e,n,t,7.54
12866,e,e,t,5.89
12867,p,w,f,3.99
12868,p,o,f,4.27
12869,p,r,t,4.3
12870,e,n,f,5.32
12871,p,e,t,6.27
12872,p,y,f,5.84
12873,e,p,f,4.46
12874,p,o,f,5.53
12875,e,l,f,5.94
12876,p,y,f,7.42
12877,e,y,f,4.25
12878,e,n,f,6.54
12879,p,r,t,5.53
12880,e,n,t,8.06
12881,e,y,f,3.27
12882,p,w,f,7.81
12883,p,e,f,8.19
12884,p,y,f,4.75
12885,p,p,f,4.82
12886,p,n,f,4.94
12887,p,n,f,13.79
12888,p,y,f,2.04
12889,p,n,f,5.32
12890,e,b,f,4.93
12891,e,p,f,6.94
12892,e,w,f,5.99
12893,p,p,t,7.46
12894,e,n,f,6.97
12895,e,n,f,4.71
12896,e,n,f,4.99
12897,e,n,f,4.72
12898,p,n,t,4.0
12899,e,g,f,3.01
12900,p,e,f,6.07
12901,p,p,f,4.15
12902,p,y,f,3.67
12903,e,w,f,5.25
12904,e,n,f,11.79
12905,e,n,f,3.97
12906,e,n,f,5.74
12907,e,n,f,4.48
12908,e,p,f,5.87
12909,p,g,f,3.16
12910,p,n,t,3.58
12911,p,p,t,5.99
12912,p,n,f,10.54
12913,e,w,f,6.15
12914,e,g,f,5.1
12915,p,p,t,8.76
12916,e,g,f,4.91
12917,p,p,t,7.99
12918,p,n,f,6.14
12919,p,y,f,6.4
12920,e,n,f,6.28
12921,e,n,f,6.36
12922,e,n,f,6.4
12923,e,w,f,3.96
12924,p,p,f,4.86
12925,e,p,t,5.59
12926,e,g,t,4.2
12927,e,w,t,6.12
12928,p,n,f,14.44
12929,e,y,f,6.18
12930,p,o,f,18.02
12931,e,n,f,8.5
12932,p,n,f,6.4
12933,p,y,f,6.18
12934,e,e,t,5.81
12935,e,n,f,12.62
12936,p,k,t,4.78
12937,p,w,t,7.58
12938,e,n,f,8.33
12939,p,n,f,4.64
12940,p,e,f,15.0
12941,p,e,f,19.18
12942,p,n,f,2.15
12943,e,w,f,5.59
12944,p,n,f,4.95
12945,p,n,f,4.6
12946,p,n,f,15.89
12947,e,y,f,7.87
12948,p,n,f,8.89
12949,p,y,f,6.05
12950,e,l,f,6.47
12951,e,g,f,4.28
12952,e,n,t,10.84
12953,e,w,t,5.09
12954,e,g,f,3.41
12955,e,y,t,6.93
12956,e,y,f,7.8
12957,p,n,f,6.41
12958,e,u,t,3.9
12959,e,w,f,3.26
12960,e,n,f,5.54
12961,p,n,f,5.82
12962,p,r,f,11.29
12963,p,e,f,4.63
12964,e,u,f,5.99
12965,p,n,f,11.91
12966,p,o,f,2.79
12967,p,y,f,3.84
12968,p,e,f,4.93
12969,p,y,f,3.47
12970,p,n,f,9.65
12971,e,n,f,5.16
12972,e,n,t,10.25
12973,e,g,f,4.75
12974,p,o,f,4.34
12975,e,p,t,4.81
12976,e,w,f,6.55
12977,p,n,f,5.29
12978,e,n,f,5.93
12979,p,y,t,7.97
12980,e,n,f,3.76
12981,p,n,f,9.34
12982,e,n,t,11.64
12983,p,n,f,6.07
12984,e,n,f,7.77
12985,p,p,f,3.91
12986,p,y,f,7.32
12987,p,n,f,10.24
12988,p,n,f,11.47
12989,e,n,t,8.49
12990,p,u,f,7.77
12991,p,n,f,1.98
12992,p,o,f,4.43
12993,e,g,f,7.72
12994,e,g,f,5.1
12995,p,o,f,11.68
12996,e,n,f,8.65
12997,e,g,f,4.95
12998,e,n,f,5.71
12999,e,n,f,5.2
13000,p,n,f,8.36
13001,p,n,f,5.77
13002,e,l,f,7.11
13003,p,y,f,6.01
13004,p,n,f,4.88
13005,p,n,f,4.86
13006,p,k,f,4.32
13007,p,e,f,6.33
13008,p,y,t,8.25
13009,p,n,t,3.75
13010,e,n,t,8.85
13011,e,w,f,2.31
13012,p,o,f,6.22
13013,e,o,f,5.92
13014,p,n,f,5.98
13015,p,g,t,4.74
13016,p,n,f,5.39
13017,p,l,f,3.7
13018,p,y,f,5.82
13019,e,n,f,5.95
13020,e,n,f,4.47
13021,e,n,f,3.85
13022,p,o,t,3.46
13023,p,o,f,3.61
13024,p,n,f,4.89
13025,p,p,f,4.99
13026,e,y,f,2.6
13027,p,y,f,7.22
13028,e,l,f,7.91
13029,e,n,f,5.91
13030,p,n,f,7.08
13031,p,e,f,7.85
13032,p,r,t,5.21
13033,p,y,f,9.0
13034,e,n,f,5.73
13035,p,n,f,5.71
13036,p,y,f,3.59
13037,p,u,f,4.42
13038,p,o,t,4.66
13039,p,w,f,2.37
13040,e,n,f,5.43
13041,p,y,f,8.96
13042,p,e,f,3.91
13043,p,n,f,5.76
13044,e,y,t,7.06
13045,p,n,f,4.67
13046,e,n,f,6.11
13047,p,n,f,4.61
13048,p,w,f,3.28
13049,p,n,f,4.39
13050,e,w,f,3.65
13051,e,u,f,6.44
13052,p,w,f,13.17
13053,p,o,f,4.6
13054,p,w,f,4.15
13055,p,r,t,4.52
13056,p,y,t,7.59
13057,e,n,t,6.94
13058,e,w,t,6.55
13059,e,e,f,7.16
13060,p,n,f,5.16
13061,p,g,f,2.74
13062,p,u,f,3.36
13063,p,n,f,5.63
13064,p,n,t,6.5
13065,e,o,f,5.0
13066,e,n,f,7.81
13067,p,n,f,10.62
13068,p,n,f,3.73
13069,p,e,f,7.07
13070,p,w,f,2.99
13071,p,e,f,3.75
13072,e,y,f,7.3
13073,e,n,f,5.35
13074,e,b,f,5.07
13075,e,n,f,7.18
13076,e,o,f,6.12
13077,p,n,f,3.42
13078,p,o,f,11.11
13079,e,w,f,3.45
13080,p,o,f,5.62
13081,e,w,f,8.24
13082,p,y,f,6.12
13083,e,n,f,6.31
13084,e,o,f,5.14
13085,p,n,f,7.58
13086,p,w,f,2.68
13087,p,y,f,6.9
13088,e,n,f,3.66
13089,p,n,f,5.23
13090,e,n,f,5.41
13091,e,n,f,7.12
13092,e,n,f,6.15
13093,p,n,f,7.31
13094,e,y,f,3.41
13095,p,w,t,3.95
13096,e,n,f,4.6
13097,p,y,f,3.68
13098,p,u,f,5.17
13099,p,o,f,4.98
13100,p,o,f,1.53
13101,e,n,f,6.61
13102,e,n,f,5.24
13103,p,o,f,2.98
13104,p,p,f,4.47
13105,e,y,f,7.27
13106,p,o,f,3.19
13107,p,n,t,5.96
13108,e,n,f,5.44
13109,e,g,f,4.7
13110,e,p,t,6.62
13111,e,k,f,4.77
13112,p,n,f,7.75
13113,p,p,f,4.29
13114,e,n,f,7.07
13115,e,n,f,5.43
13116,p,w,f,14.08
13117,e,y,f,5.48
13118,e,y,f,6.72
13119,p,n,f,3.68
13120,e,n,f,6.97
13121,p,e,t,5.94
13122,p,n,f,6.41
13123,e,b,f,2.61
13124,e,n,f,5.55
13125,p,w,f,11.66
13126,e,n,f,4.27
13127,p,o,f,4.53
13128,e,w,f,3.1
13129,p,k,f,3.73
13130,p,o,f,3.46
13131,p,e,f,5.29
13132,e,n,f,5.3
13133,p,r,f,1.29
13134,p,p,f,3.8
13135,e,w,t,5.12
13136,e,n,f,4.37
13137,e,n,f,5.8
13138,e,n,f,5.36
13139,p,e,f,4.27
13140,e,o,f,7.13
13141,p,e,f,6.67
13142,p,r,f,5.36
13143,p,e,f,5.49
13144,p,o,f,4.63
13145,e,n,f,11.81
13146,e,y,f,8.54
13147,e,e,f,4.43
13148,p,p,f,4.3
13149,p,y,f,5.26
13150,e,n,f,11.86
13151,p,o,f,2.89
13152,e,w,t,6.46
13153,p,e,f,17.39
13154,e,w,f,18.48
13155,e,n,t,7.52
13156,e,y,f,6.2
13157,e,w,f,2.85
13158,e,e,t,7.08
13159,e,w,f,7.93
13160,p,n,t,6.01
13161,p,o,f,2.88
13162,e,o,f,5.35
13163,p,o,f,2.89
13164,p,o,t,5.13
13165,e,y,f,7.28
13166,p,e,f,2.99
13167,e,y,t,8.07
13168,e,n,f,8.22
13169,p,r,t,4.41
13170,p,p,t,7.48
13171,p,n,f,13.52
13172,p,n,f,6.26
13173,p,n,f,10.32
13174,p,w,f,3.76
13175,p,o,f,5.71
13176,e,n,f,5.31
13177,p,e,f,8.02
13178,e,n,f,11.24
13179,e,n,f,6.05
13180,p,w,f,3.13
13181,e,n,f,5.92
13182,p,e,f,16.27
13183,p,u,t,8.18
13184,p,e,f,6.58
13185,e,w,f,6.74
13186,e,y,f,6.08
13187,e,n,f,4.84
13188,p,o,f,4.39
13189,e,e,t,5.39
13190,e,n,f,6.98
13191,p,n,f,6.67
13192,p,w,f,3.73
13193,p,y,f,7.23
13194,p,e,f,5.85
13195,e,y,f,5.97
13196,e,y,f,6.67
13197,p,w,f,3.02
13198,e,n,t,5.84
13199,e,g,t,12.28
13200,e,w,f,25.79
13201,p,n,f,1.84
13202,e,y,f,3.69
13203,e,n,f,5.61
13204,p,y,f,5.68
13205,e,n,f,4.92
13206,p,k,f,3.14
13207,e,n,f,5.85
13208,e,n,f,4.96
13209,e,b,f,5.55
13210,e,y,f,6.95
13211,p,n,f,10.2
13212,e,e,t,5.87
13213,e,n,f,5.32
13214,e,b,f,2.6
13215,p,n,f,5.93
13216,e,b,f,2.7
13217,e,g,f,7.2
13218,e,n,f,7.09
13219,p,w,f,9.04
13220,e,n,f,6.96
13221,p,o,f,2.95
13222,p,y,f,4.07
13223,e,n,f,6.19
13224,p,y,t,7.96
13225,e,y,f,7.48
13226,e,y,f,5.56
13227,e,n,f,8.39
13228,p,n,f,3.52
13229,p,e,f,6.47
13230,e,p,t,5.68
13231,e,n,t,8.82
13232,e,n,t,7.29
13233,e,p,f,6.55
13234,p,n,f,10.43
13235,p,n,f,3.9
13236,e,w,f,4.3
13237,e,g,f,7.83
13238,e,w,f,3.54
13239,p,n,t,5.99
13240,e,n,f,5.74
13241,p,y,f,4.08
13242,p,n,f,4.52
13243,e,n,f,5.68
13244,p,n,f,6.24
13245,e,n,f,5.92
13246,p,n,f,11.48
13247,p,e,f,7.08
13248,e,w,f,8.08
13249,e,n,f,6.54
13250,p,e,f,6.44
13251,p,e,f,8.3
13252,p,n,f,7.16
13253,e,n,f,8.46
13254,p,u,f,4.99
13255,e,g,f,5.69
13256,e,n,f,6.36
13257,p,e,f,3.42
13258,p,w,t,8.66
13259,p,o,f,3.24
13260,p,p,t,7.97
13261,e,n,f,8.44
13262,e,w,f,3.38
13263,p,n,f,5.82
13264,p,y,f,3.95
13265,e,n,f,4.42
13266,e,y,t,7.77
13267,e,w,f,19.41
13268,p,n,f,3.54
13269,p,e,f,5.56
13270,e,u,f,4.5
13271,e,g,f,4.3
13272,e,n,f,6.82
13273,e,n,t,9.1
13274,p,n,f,17.87
13275,p,e,f,6.9
13276,e,y,t,6.69
13277,p,o,f,6.03
13278,e,u,f,4.59
13279,p,w,f,5.68
13280,p,g,f,11.31
13281,e,w,t,4.8
13282,p,g,f,5.8
13283,p,y,f,5.18
13284,e,y,f,6.5
13285,p,g,f,8.27
13286,e,l,f,6.18
13287,p,n,f,7.37
13288,e,l,f,8.01
13289,p,y,f,7.45
13290,e,w,f,3.59
13291,e,g,f,6.92
13292,e,w,f,4.24
13293,p,p,f,3.64
13294,p,y,f,7.56
13295,e,w,t,9.5
13296,p,n,f,5.31
13297,e,g,f,3.47
13298,e,y,f,8.12
13299,e,w,f,3.4
13300,e,e,t,7.29
13301,p,n,f,10.8
13302,e,y,f,6.49
13303,p,k,f,9.27
13304,p,g,f,10.62
13305,p,n,f,3.95
13306,p,n,f,3.29
13307,e,n,f,5.23
13308,p,w,f,9.52
13309,e,g,t,11.5
13310,e,n,f,8.14
13311,e,n,f,6.05
13312,p,n,t,3.25
13313,p,y,f,7.25
13314,e,n,t,8.98
13315,e,n,f,5.24
13316,e,w,f,3.4
13317,e,n,f,6.49
13318,e,n,t,9.51
13319,p,o,f,7.47
13320,p,o,f,3.22
13321,p,e,f,2.88
13322,e,g,f,5.59
13323,p,o,t,5.98
13324,p,n,f,4.99
13325,e,n,t,6.27
13326,p,w,t,6.48
13327,p,p,t,7.91
13328,p,n,f,8.88
13329,p,n,f,2.31
13330,e,n,f,6.4
13331,p,w,f,8.09
13332,e,n,f,7.77
13333,p,w,f,3.1
13334,e,n,f,6.55
13335,p,k,f,3.63
13336,e,w,f,7.03
13337,e,n,f,6.07
13338,p,k,f,5.63
13339,p,n,t,9.35
13340,p,g,f,2.54
13341,e,k,f,4.35
13342,e,g,f,8.36
13343,e,g,f,4.37
13344,e,o,f,4.62
13345,e,u,f,3.53
13346,e,w,f,7.57
13347,p,n,f,1.71
13348,p,n,f,6.47
13349,e,g,f,4.77
13350,e,n,f,6.09
13351,e,w,f,6.8
13352,e,n,f,6.16
13353,e,y,f,4.77
13354,e,n,f,4.06
13355,p,n,f,12.55
13356,p,n,t,5.77
13357,e,n,f,12.86
13358,e,n,f,6.34
13359,e,n,t,10.49
13360,p,n,f,7.64
13361,e,b,f,2.58
13362,e,g,f,4.35
13363,p,o,t,3.9
13364,p,n,f,5.72
13365,p,n,f,5.43
13366,p,n,f,8.33
13367,p,w,f,3.6
13368,p,n,f,2.08
13369,p,n,f,11.43
13370,e,n,f,6.07
13371,p,g,f,11.27
13372,p,w,f,3.61
13373,p,o,f,4.89
13374,p,o,f,3.53
13375,e,n,f,5.71
13376,e,n,f,8.37
13377,e,p,f,4.64
13378,p,y,f,3.46
13379,e,n,t,9.75
13380,e,n,f,5.65
13381,e,g,f,2.29
13382,p,n,f,4.96
13383,p,n,f,3.69
13384,e,w,f,4.55
13385,e,e,f,5.85
13386,p,w,f,3.87
13387,e,w,f,2.38
13388,e,n,f,7.04
13389,e,n,f,5.38
13390,p,r,f,10.74
13391,p,n,t,3.17
13392,p,n,f,4.78
13393,p,n,f,6.0
13394,e,g,f,5.03
13395,p,n,f,8.41
13396,e,k,f,4.49
13397,e,n,f,4.95
13398,e,n,f,7.17
13399,p,y,f,2.14
13400,e,n,f,5.51
13401,e,g,f,4.61
13402,e,e,f,7.11
13403,p,n,f,4.34
13404,p,n,f,8.22
13405,e,w,f,4.27
13406,e,o,t,5.77
13407,p,y,f,8.47
13408,p,w,f,5.89
13409,p,y,f,5.81
13410,e,w,f,3.96
13411,e,w,f,6.13
13412,p,o,f,3.63
13413,e,n,f,5.71
13414,e,n,f,6.23
13415,p,n,f,2.3
13416,e,n,f,5.09
13417,p,y,f,6.27
13418,p,o,f,3.4
13419,p,r,t,5.94
13420,p,k,t,4.87
13421,p,e,f,5.13
13422,p,n,f,7.33
13423,p,n,f,8.36
13424,e,k,f,5.85
13425,e,e,f,9.55
13426,e,g,f,5.19
13427,p,o,f,5.79
13428,p,n,f,5.67
13429,p,y,f,5.62
13430,e,n,t,7.31
13431,p,n,f,14.87
13432,p,p,f,4.47
13433,p,y,f,5.68
13434,e,o,f,5.75
13435,e,n,f,4.85
13436,e,n,f,6.09
13437,e,u,t,4.8
13438,p,n,f,8.02
13439,p,l,f,4.38
13440,e,n,f,6.29
13441,e,g,f,2.54
13442,p,n,f,6.91
13443,p,w,f,7.61
13444,e,n,f,4.68
13445,e,w,f,2.73
13446,p,l,f,4.83
13447,e,w,f,4.51
13448,p,y,t,4.45
13449,p,n,f,5.15
13450,e,k,f,4.45
13451,e,y,f,6.93
13452,e,w,f,7.16
13453,e,b,f,4.95
13454,p,k,f,3.9
13455,p,n,f,10.0
13456,p,e,t,5.63
13457,e,w,f,5.37
13458,e,n,f,6.7
13459,e,n,t,7.06
13460,e,y,f,8.1
13461,p,n,f,5.58
13462,e,w,t,5.54
13463,p,w,t,8.31
13464,p,n,f,7.8
13465,p,e,t,5.7
13466,p,n,f,12.4
13467,p,n,f,5.54
13468,p,k,f,3.36
13469,p,g,f,9.2
13470,p,w,f,5.83
13471,p,w,f,4.11
13472,p,u,f,3.43
13473,e,e,f,6.79
13474,p,n,f,13.13
13475,p,l,f,5.52
13476,e,n,f,6.8
13477,p,y,f,9.15
13478,p,w,f,3.28
13479,e,e,f,6.71
13480,e,u,f,4.57
13481,p,n,f,6.12
13482,e,n,f,7.31
13483,e,n,f,4.27
13484,p,w,f,3.75
13485,e,n,t,8.12
13486,p,g,f,9.82
13487,p,n,f,5.09
13488,p,n,f,7.74
13489,p,u,f,4.94
13490,p,o,f,5.89
13491,p,w,f,4.95
13492,e,n,t,7.89
13493,p,n,f,15.92
13494,p,g,f,9.4
13495,p,y,f,5.89
13496,p,n,f,4.94
13497,p,n,t,7.06
13498,p,n,t,6.0
13499,p,p,f,4.96
13500,e,n,f,5.93
13501,p,y,f,6.35
13502,e,w,f,5.28
13503,p,n,f,3.35
13504,e,e,f,3.55
13505,p,y,f,4.21
13506,p,w,f,13.4
13507,p,n,f,4.98
13508,e,b,f,6.56
13509,p,n,f,11.08
13510,e,u,t,4.43
13511,e,n,t,8.7
13512,p,g,f,7.35
13513,p,l,f,5.79
13514,p,n,f,5.75
13515,p,r,f,5.05
13516,p,g,f,2.74
13517,p,n,f,7.56
13518,p,w,f,6.08
13519,p,n,f,4.93
13520,e,k,f,4.54
13521,e,o,f,6.71
13522,p,n,f,5.11
13523,p,e,f,5.89
13524,p,n,f,5.4
13525,p,r,f,6.1
13526,e,y,f,7.59
13527,p,y,f,8.11
13528,e,n,f,6.89
13529,e,n,f,5.26
13530,e,o,f,5.65
13531,e,n,t,4.6
13532,p,n,f,12.34
13533,p,w,t,6.52
13534,e,n,f,4.6
13535,p,g,t,7.75
13536,p,n,f,7.29
13537,p,y,f,3.84
13538,e,n,f,4.56
13539,e,n,f,4.68
13540,p,w,f,3.62
13541,e,w,f,6.29
13542,e,r,f,5.42
13543,e,n,f,4.91
13544,p,w,t,6.75
13545,p,n,f,5.53
13546,e,u,f,5.39
13547,p,e,f,5.98
13548,p,n,t,9.01
13549,e,w,f,5.34
13550,p,w,t,7.47
13551,p,y,f,13.39
13552,p,e,f,8.29
13553,p,g,t,9.12
13554,p,e,f,4.99
13555,p,n,f,7.19
13556,e,n,f,5.54
13557,e,n,f,3.84
13558,e,n,f,4.88
13559,p,n,f,5.35
13560,p,y,f,6.74
13561,e,g,f,3.91
13562,p,y,f,7.27
13563,e,w,f,3.28
13564,e,w,f,5.68
13565,p,o,f,3.75
13566,e,p,t,6.54
13567,p,n,f,5.21
13568,p,n,f,4.53
13569,p,y,f,3.74
13570,p,n,f,8.33
13571,e,n,f,13.05
13572,p,u,f,4.41
13573,e,n,f,7.08
13574,e,o,f,6.43
13575,p,n,t,7.09
13576,e,n,f,5.72
13577,e,e,f,4.41
13578,p,n,f,3.62
13579,p,n,f,4.62
13580,e,n,f,6.54
13581,e,w,f,20.16
13582,p,o,f,3.33
13583,p,e,f,6.71
13584,e,n,f,6.08
13585,p,p,t,8.45
13586,e,y,f,4.77
13587,p,o,f,3.94
13588,e,w,f,6.28
13589,e,n,t,10.58
13590,e,n,f,4.16
13591,p,e,t,6.26
13592,p,p,f,5.8
13593,e,u,f,5.98
13594,p,y,f,5.76
13595,e,g,f,8.67
13596,p,p,t,8.56
13597,p,n,f,10.78
13598,p,y,f,2.72
13599,p,n,f,9.62
13600,e,g,f,7.5
13601,e,y,f,6.05
13602,e,y,f,5.82
13603,p,g,f,10.02
13604,e,n,t,9.66
13605,e,y,f,5.66
13606,p,y,f,6.46
13607,e,w,f,4.06
13608,e,n,f,4.99
13609,p,n,f,8.42
13610,p,n,f,6.29
13611,e,n,f,4.0
13612,p,g,t,10.28
13613,p,n,f,5.16
13614,e,g,f,4.39
13615,e,y,f,6.65
13616,p,e,f,5.89
13617,e,g,f,7.09
13618,p,y,f,3.35
13619,e,n,t,7.04
13620,e,n,f,5.32
13621,e,n,f,6.27
13622,e,n,f,5.97
13623,p,o,t,4.79
13624,e,n,f,8.76
13625,p,w,f,7.34
13626,e,n,f,5.02
13627,e,n,f,6.31
13628,e,n,f,4.95
13629,e,n,f,6.05
13630,e,o,f,8.98
13631,e,n,f,5.51
13632,e,w,f,3.39
13633,e,g,f,8.29
13634,p,w,f,13.14
13635,e,n,f,2.62
13636,e,g,f,8.94
13637,e,w,f,3.44
13638,e,n,f,5.18
13639,p,y,f,6.67
13640,e,k,f,9.46
13641,p,o,t,5.81
13642,p,n,f,8.72
13643,e,n,f,5.41
13644,e,g,f,6.09
13645,e,n,t,4.43
13646,p,e,f,16.87
13647,e,w,t,6.7
13648,e,n,t,12.86
13649,p,n,f,8.67
13650,p,g,f,11.11
13651,p,n,f,2.16
13652,p,n,f,4.46
13653,p,e,f,6.31
13654,e,n,f,4.88
13655,e,y,f,9.15
13656,e,w,f,6.74
13657,p,g,f,8.96
13658,e,n,f,6.41
13659,p,n,f,5.25
13660,e,n,f,5.22
13661,p,y,f,5.57
13662,p,u,f,6.29
13663,p,r,f,10.48
13664,p,w,t,6.89
13665,e,w,f,2.6
13666,p,n,f,12.73
13667,p,e,f,8.87
13668,e,n,f,5.14
13669,e,y,t,7.15
13670,e,r,f,5.88
13671,p,n,f,5.22
13672,p,y,f,6.45
13673,e,b,f,6.62
13674,p,n,f,5.1
13675,p,n,f,7.98
13676,e,y,f,7.48
13677,p,n,f,5.42
13678,e,n,t,8.29
13679,e,n,f,8.34
13680,e,w,f,3.28
13681,e,y,t,7.6
13682,e,w,f,13.26
13683,p,o,f,3.94
13684,p,w,t,8.31
13685,p,r,t,6.65
13686,p,g,f,11.17
13687,e,k,f,3.61
13688,e,w,f,3.92
13689,e,n,f,5.53
13690,p,y,f,3.74
13691,p,l,f,5.99
13692,p,e,f,3.67
13693,e,w,f,3.16
13694,e,n,f,6.03
13695,p,y,f,5.52
13696,p,n,f,3.87
13697,e,y,f,6.46
13698,e,g,f,7.06
13699,p,e,f,17.6
13700,p,o,f,6.16
13701,p,n,f,1.4
13702,e,g,f,5.81
13703,e,n,f,6.32
13704,p,r,f,10.55
13705,p,n,f,3.8
13706,e,y,f,6.4
13707,e,n,f,12.61
13708,e,n,t,7.03
13709,p,g,f,8.07
13710,p,n,t,6.55
13711,p,n,f,6.31
13712,e,n,f,4.54
13713,e,n,f,6.46
13714,p,n,f,9.52
13715,p,g,f,7.42
13716,e,b,f,5.22
13717,e,n,t,13.88
13718,p,n,f,5.03
13719,e,n,t,8.81
13720,e,n,f,5.36
13721,e,n,f,5.88
13722,p,n,f,3.55
13723,e,o,f,5.25
13724,e,n,t,9.09
13725,e,n,f,5.71
13726,p,w,f,3.59
13727,e,b,f,6.53
13728,p,n,f,5.73
13729,e,b,f,2.66
13730,e,o,f,7.01
13731,p,n,f,3.73
13732,p,n,f,7.47
13733,p,n,t,10.49
13734,e,g,f,4.98
13735,p,n,f,5.66
13736,e,n,f,12.27
13737,e,w,f,2.75
13738,e,n,f,5.43
13739,p,p,f,3.65
13740,p,e,f,13.14
13741,e,e,f,8.16
13742,p,n,t,5.95
13743,e,b,f,4.86
13744,e,n,f,4.81
13745,e,n,t,8.47
13746,e,n,t,7.25
13747,e,n,t,9.96
13748,p,n,f,5.33
13749,e,n,f,6.16
13750,p,n,f,7.28
13751,p,g,f,10.22
13752,p,k,f,5.14
13753,p,l,f,4.73
13754,e,n,t,11.63
13755,e,n,f,12.97
13756,e,n,f,6.59
13757,e,e,f,6.93
13758,e,y,f,5.18
13759,e,y,f,6.94
13760,e,n,f,11.51
13761,e,n,f,3.86
13762,p,n,f,6.11
13763,e,y,f,7.5
13764,p,e,f,13.65
13765,p,w,f,3.62
13766,p,n,f,5.28
13767,p,y,f,7.3
13768,p,o,f,5.43
13769,e,n,f,6.47
13770,p,n,f,8.25
13771,p,n,f,1.58
13772,e,n,f,12.29
13773,e,y,f,5.08
13774,e,g,f,4.93
13775,p,y,f,6.11
13776,e,y,t,7.1
13777,e,n,f,7.15
13778,p,n,f,11.35
13779,p,y,f,4.66
13780,p,y,f,5.19
13781,e,k,f,5.41
13782,p,k,t,4.97
13783,p,n,f,3.95
13784,e,n,t,4.54
13785,p,e,f,6.9
13786,p,y,t,5.56
13787,e,n,f,4.5
13788,e,n,f,7.66
13789,p,n,f,2.29
13790,e,g,t,12.23
13791,p,n,f,6.03
13792,p,n,f,14.12
13793,p,w,f,10.91
13794,e,g,f,5.28
13795,e,w,f,3.7
13796,p,y,f,6.72
13797,p,w,t,6.03
13798,p,n,f,3.74
13799,e,y,f,6.45
13800,e,n,f,4.1
13801,e,g,f,6.67
13802,p,y,f,6.86
13803,e,w,f,4.92
13804,e,w,f,7.86
13805,p,o,f,1.33
13806,p,r,f,4.63
13807,e,n,f,5.11
13808,e,n,t,7.16
13809,e,y,f,5.81
13810,e,o,f,5.36
13811,p,y,f,3.76
13812,p,r,t,6.65
13813,e,n,f,6.35
13814,p,e,f,5.63
13815,p,n,f,6.9
13816,p,k,f,6.2
13817,e,n,f,7.61
13818,p,n,f,5.86
13819,p,n,f,3.22
13820,p,o,f,4.48
13821,p,w,f,7.15
13822,p,o,f,3.31
13823,p,n,f,6.11
13824,e,n,f,6.71
13825,e,n,f,6.7
13826,p,u,f,4.79
13827,p,n,f,5.64
13828,e,u,f,4.13
13829,e,g,f,4.72
13830,e,y,f,6.24
13831,p,g,f,9.23
13832,p,r,f,5.59
13833,e,n,f,6.44
13834,p,p,f,4.57
13835,p,w,f,13.04
13836,p,y,t,7.37
13837,e,n,f,22.38
13838,p,e,f,9.12
13839,p,w,f,7.89
13840,e,g,f,7.44
13841,e,w,f,3.73
13842,p,g,t,4.83
13843,p,e,t,6.79
13844,e,n,f,6.12
13845,e,g,t,5.05
13846,p,y,f,5.89
13847,e,l,f,7.42
13848,p,u,f,6.5
13849,e,n,f,5.64
13850,p,n,t,3.83
13851,p,w,f,2.95
13852,p,w,f,3.91
13853,e,g,f,4.76
13854,p,y,f,7.63
13855,p,n,t,3.33
13856,e,w,f,4.42
13857,p,n,f,3.34
13858,e,n,f,7.47
13859,p,n,t,7.04
13860,p,n,t,6.58
13861,p,g,t,4.52
13862,p,e,f,7.27
13863,e,n,f,6.13
13864,p,w,f,10.58
13865,p,o,f,3.11
13866,p,y,t,9.42
13867,e,g,f,6.12
13868,e,n,f,9.63
13869,e,n,f,7.18
13870,p,y,f,2.0
13871,p,y,f,3.35
13872,p,w,f,3.37
13873,p,o,f,4.72
13874,p,b,f,4.27
13875,p,n,f,6.1
13876,e,y,t,6.83
13877,p,n,f,15.46
13878,p,n,f,5.58
13879,e,p,f,4.4
13880,e,n,t,10.34
13881,p,n,f,3.48
13882,e,o,f,5.07
13883,p,y,f,3.04
13884,p,p,f,5.05
13885,p,y,f,6.08
13886,e,n,f,5.79
13887,e,n,f,5.35
13888,e,n,f,7.89
13889,p,n,f,4.12
13890,p,w,t,8.36
13891,e,y,f,6.08
13892,e,g,f,3.3
13893,p,e,f,8.3
13894,p,y,t,8.22
13895,e,g,f,4.78
13896,p,o,f,5.06
13897,e,y,t,7.24
13898,p,n,f,4.37
13899,e,n,f,5.72
13900,p,o,f,7.62
13901,p,r,f,11.14
13902,e,n,f,6.49
13903,p,l,f,3.16
13904,e,n,f,5.67
13905,e,n,f,5.88
13906,e,n,f,17.16
13907,e,n,f,6.31
13908,e,w,f,6.44
13909,e,w,f,5.92
13910,e,n,f,4.27
13911,e,n,t,9.28
13912,p,e,t,4.68
13913,e,g,f,7.88
13914,e,n,f,5.6
13915,p,n,f,5.98
13916,e,n,f,12.04
13917,e,e,f,9.04
13918,e,n,t,7.48
13919,p,g,f,9.34
13920,e,n,f,5.72
13921,e,b,f,5.92
13922,p,n,f,5.89
13923,p,w,f,3.64
13924,p,y,f,9.55
13925,e,n,f,5.88
13926,e,n,t,9.79
13927,p,u,t,9.83
13928,p,n,f,6.31
13929,p,n,f,5.58
13930,e,y,f,6.23
13931,p,o,t,4.34
13932,p,y,f,8.23
13933,e,b,f,7.34
13934,p,y,f,5.65
13935,p,w,t,8.05
13936,e,n,f,4.47
13937,p,n,f,8.9
13938,e,w,t,8.9
13939,e,g,f,4.03
13940,p,n,f,10.18
13941,p,y,f,3.74
13942,e,o,f,5.78
13943,e,u,t,4.77
13944,p,n,f,7.68
13945,p,n,t,8.51
13946,p,g,f,2.82
13947,e,y,f,7.52
13948,p,n,f,6.27
13949,p,o,f,3.78
13950,p,p,f,4.24
13951,e,n,f,5.12
13952,p,e,f,5.75
13953,p,w,f,9.94
13954,p,n,f,5.43
13955,e,g,t,10.8
13956,e,o,f,4.77
13957,e,u,f,3.77
13958,e,l,f,7.12
13959,e,e,t,5.61
13960,p,o,f,4.15
13961,e,w,f,6.59
13962,p,n,f,10.1
13963,p,g,f,3.37
13964,e,g,f,4.99
13965,p,o,f,3.32
13966,p,o,f,3.61
13967,p,e,f,5.87
13968,e,k,f,5.3
13969,e,n,f,4.78
13970,e,n,f,4.99
13971,e,g,f,6.0
13972,p,y,f,4.41
13973,p,r,f,7.02
13974,e,y,f,6.96
13975,p,w,f,13.36
13976,e,n,f,5.44
13977,e,e,f,7.21
13978,e,n,f,7.96
13979,p,g,f,8.49
13980,e,n,f,7.38
13981,p,n,f,6.36
13982,p,e,f,4.56
13983,p,n,f,2.13
13984,p,r,f,1.59
13985,p,g,f,0.0
13986,e,n,t,6.93
13987,e,n,f,7.6
13988,e,w,t,8.47
13989,e,n,t,8.29
13990,p,n,f,4.68
13991,p,g,f,3.08
13992,p,r,f,6.3
13993,e,n,f,7.23
13994,e,n,f,7.18
13995,e,g,f,6.23
13996,p,o,f,1.43
13997,p,y,f,2.22
13998,p,g,f,9.44
13999,e,w,f,3.62
14000,e,b,f,6.36
14001,p,y,f,6.37
14002,p,n,f,6.0
14003,e,n,f,5.73
14004,p,y,t,6.52
14005,p,n,t,5.63
14006,e,w,f,3.73
14007,p,n,f,7.78
14008,p,y,f,5.73
14009,e,w,t,5.17
14010,e,n,f,6.09
14011,e,e,t,7.34
14012,e,n,t,7.64
14013,p,e,f,13.11
14014,e,n,f,7.1
14015,e,n,f,5.01
14016,e,n,t,9.15
14017,e,g,f,2.88
14018,p,n,f,5.08
14019,e,l,f,2.6
14020,p,n,f,3.61
14021,p,n,f,6.4
14022,e,y,f,4.54
14023,p,n,f,12.32
14024,p,n,f,5.64
14025,e,w,f,5.91
14026,p,n,f,5.57
14027,p,g,f,11.46
14028,e,n,f,4.77
14029,p,o,f,16.65
14030,e,n,f,6.35
14031,p,r,f,7.57
14032,p,e,f,6.1
14033,p,n,t,8.79
14034,e,e,f,4.73
14035,p,g,f,5.76
14036,e,y,f,7.78
14037,p,n,f,10.92
14038,e,u,f,4.79
14039,e,n,f,6.01
14040,e,n,f,6.94
14041,e,n,f,4.46
14042,e,n,t,12.2
14043,e,w,f,8.72
14044,p,n,f,4.26
14045,p,e,f,6.58
14046,p,w,f,5.99
14047,p,n,t,3.41
14048,e,y,f,6.65
14049,e,n,f,6.21
14050,p,n,f,7.94
14051,e,n,f,4.56
14052,p,n,f,4.37
14053,e,b,f,7.06
14054,p,e,f,6.15
14055,e,l,f,6.95
14056,p,r,f,1.69
14057,p,r,f,6.37
14058,p,g,t,8.76
14059,p,e,f,6.07
14060,e,n,f,4.59
14061,p,w,t,5.94
14062,p,w,f,3.31
14063,e,w,f,14.12
14064,p,n,f,6.3
14065,p,w,f,8.34
14066,p,o,t,3.28
14067,e,y,f,7.1
14068,p,n,f,4.17
14069,e,n,f,5.23
14070,e,o,f,15.2
14071,p,p,f,3.56
14072,p,w,f,3.52
14073,e,n,f,6.42
14074,p,n,f,3.09
14075,p,k,f,4.28
14076,p,y,f,10.76
14077,p,n,f,4.83
14078,p,g,f,2.68
14079,p,r,t,2.79
14080,e,n,f,5.32
14081,p,y,f,3.55
14082,p,y,t,4.42
14083,p,p,f,4.11
14084,p,n,t,3.28
14085,p,n,t,9.83
14086,p,o,f,4.6
14087,p,w,f,8.08
14088,p,e,f,3.65
14089,e,n,f,8.1
14090,p,r,f,11.26
14091,p,n,f,6.32
14092,e,n,f,7.09
14093,e,b,f,4.34
14094,p,n,f,4.43
14095,p,w,f,7.21
14096,e,n,f,7.23
14097,p,n,f,0.0
14098,p,n,f,4.48
14099,p,p,f,3.7
14100,p,n,f,5.78
14101,e,l,f,5.62
14102,p,r,t,4.45
14103,p,y,f,6.68
14104,e,w,f,8.24
14105,p,n,f,7.8
14106,p,y,f,6.54
14107,p,n,t,7.74
14108,e,n,f,7.97
14109,e,w,f,3.95
14110,p,u,f,7.99
14111,e,n,t,8.46
14112,p,y,t,5.51
14113,p,n,t,6.42
14114,p,n,f,3.61
14115,e,n,f,6.3
14116,e,w,f,7.18
14117,p,p,f,4.56
14118,p,n,f,7.22
14119,p,e,f,5.91
14120,p,n,f,3.79
14121,p,u,f,4.18
14122,p,w,f,10.05
14123,p,n,f,6.85
14124,e,w,f,3.44
14125,e,n,f,3.44
14126,e,w,f,3.54
14127,p,p,f,5.25
14128,p,n,f,5.12
14129,p,p,f,4.47
14130,e,n,t,7.51
14131,p,w,f,16.46
14132,e,b,f,5.68
14133,e,e,f,9.38
14134,p,n,t,8.9
14135,e,n,f,6.16
14136,e,n,f,5.16
14137,e,w,f,3.54
14138,e,b,f,4.94
14139,p,g,f,8.07
14140,p,p,t,7.72
14141,p,w,f,3.34
14142,e,n,t,12.61
14143,e,y,f,7.83
14144,e,n,f,4.96
14145,p,e,f,3.48
14146,e,n,f,5.21
14147,e,n,f,6.04
14148,e,y,f,7.41
14149,p,n,f,6.08
14150,p,n,t,8.97
14151,p,p,f,4.41
14152,p,w,f,3.9
14153,p,e,f,5.55
14154,p,e,f,3.28
14155,e,n,t,10.22
14156,e,w,f,4.27
14157,e,n,t,9.5
14158,e,n,f,5.11
14159,e,w,f,3.21
14160,p,y,f,5.89
14161,e,u,f,6.75
14162,e,n,f,5.32
14163,p,y,f,6.44
14164,p,w,f,5.76
14165,p,n,t,7.26
14166,e,n,f,4.9
14167,p,n,f,12.26
14168,p,e,f,5.43
14169,e,w,t,4.72
14170,p,n,f,5.82
14171,p,w,f,12.65
14172,e,n,f,5.45
14173,p,n,f,1.61
14174,p,e,f,5.77
14175,p,n,f,5.37
14176,e,k,f,6.07
14177,p,e,f,8.07
14178,p,u,f,3.65
14179,p,n,f,5.9
14180,e,n,f,5.88
14181,p,n,t,6.57
14182,p,n,f,5.68
14183,e,n,f,6.67
14184,p,n,f,10.89
14185,p,w,f,7.72
14186,e,n,f,5.86
14187,p,e,t,7.27
14188,p,p,f,4.79
14189,p,y,f,5.58
14190,p,n,f,4.8
14191,p,n,f,5.47
14192,e,w,t,5.3
14193,p,y,f,5.92
14194,e,e,f,6.43
14195,p,n,t,9.66
14196,e,n,f,7.19
14197,p,n,f,6.34
14198,e,n,t,9.12
14199,e,n,f,4.92
14200,e,g,f,7.38
14201,p,g,f,7.81
14202,p,n,f,3.85
14203,e,n,t,7.74
14204,e,n,f,6.91
14205,p,n,f,4.18
14206,e,n,f,4.75
14207,e,b,f,6.28
14208,p,r,f,10.59
14209,p,k,f,3.62
14210,e,n,f,6.06
14211,p,n,f,3.24
14212,p,n,f,6.47
14213,p,n,f,5.47
14214,p,n,f,9.84
14215,e,n,f,5.41
14216,p,o,f,4.47
14217,p,w,f,3.76
14218,e,n,f,6.49
14219,p,w,f,6.21
14220,p,n,f,5.57
14221,p,e,f,8.77
14222,p,w,f,2.85
14223,e,n,f,4.7
14224,e,n,f,7.39
14225,e,y,f,6.19
14226,p,w,f,4.09
14227,e,n,f,5.19
14228,p,g,f,2.88
14229,e,n,t,7.38
14230,e,b,f,6.65
14231,e,u,f,4.54
14232,e,n,t,9.09
14233,p,y,f,3.43
14234,e,w,f,4.43
14235,e,n,f,7.41
14236,e,n,t,7.11
14237,e,b,f,5.08
14238,p,w,f,5.49
14239,p,e,f,5.09
14240,p,n,t,5.47
14241,p,n,f,8.51
14242,e,n,f,5.26
14243,p,w,f,4.32
14244,e,n,f,6.2
14245,p,n,f,5.59
14246,p,g,f,8.4
14247,p,n,f,5.65
14248,e,o,f,5.44
14249,p,w,t,7.13
14250,e,w,t,6.82
14251,e,n,f,4.56
14252,p,k,f,3.92
14253,e,w,f,7.6
14254,p,g,f,8.08
14255,p,y,f,4.61
14256,p,g,f,11.77
14257,p,n,f,6.61
14258,p,y,f,3.15
14259,p,w,t,5.58
14260,e,n,f,5.43
14261,e,n,f,7.59
14262,p,b,f,4.24
14263,e,y,f,4.99
14264,e,o,f,5.32
14265,p,o,f,6.66
14266,e,g,f,4.97
14267,e,n,f,6.85
14268,p,e,f,8.23
14269,e,g,f,7.42
14270,p,n,f,4.94
14271,e,w,f,3.12
14272,e,o,f,8.07
14273,e,n,f,6.13
14274,p,b,f,5.82
14275,p,n,f,5.62
14276,p,g,t,4.86
14277,p,o,t,3.23
14278,e,n,f,6.54
14279,p,o,t,4.67
14280,p,g,f,5.07
14281,p,n,f,9.08
14282,p,n,f,5.49
14283,p,e,t,7.31
14284,e,n,f,4.59
14285,e,y,f,4.99
14286,e,n,t,12.28
14287,e,y,t,7.58
14288,p,o,f,5.24
14289,e,o,f,3.46
14290,e,o,f,3.66
14291,p,w,f,3.73
14292,p,y,f,3.64
14293,p,n,f,5.91
14294,p,g,f,4.27
14295,p,g,f,5.1
14296,e,w,f,5.19
14297,p,e,f,6.18
14298,e,e,f,7.2
14299,p,n,f,7.41
14300,p,w,t,8.02
14301,p,n,f,5.39
14302,p,n,t,6.07
14303,p,o,f,3.07
14304,e,g,f,2.62
14305,p,y,f,5.11
14306,p,w,f,2.66
14307,p,n,f,5.69
14308,e,o,f,3.58
14309,p,y,f,3.32
14310,e,g,f,3.79
14311,p,e,f,7.93
14312,p,n,f,11.43
14313,e,o,f,5.83
14314,p,y,f,3.28
14315,p,y,f,3.58
14316,e,g,f,9.34
14317,e,n,f,4.84
14318,p,r,t,5.34
14319,p,e,f,4.28
14320,p,r,f,1.47
14321,e,n,f,5.51
14322,p,e,t,4.71
14323,p,n,f,7.47
14324,e,w,f,5.35
14325,e,n,t,9.35
14326,p,e,t,5.77
14327,e,n,f,6.18
14328,e,w,f,3.45
14329,p,r,t,5.03
14330,p,o,f,6.67
14331,e,n,f,8.93
14332,p,n,f,5.99
14333,e,p,t,5.39
14334,p,w,f,5.68
14335,e,e,f,4.23
14336,p,g,f,7.33
14337,p,n,f,1.29
14338,p,y,f,5.85
14339,p,n,f,4.87
14340,e,n,f,14.49
14341,p,n,t,7.34
14342,p,e,f,5.45
14343,p,n,t,6.81
14344,e,n,f,7.24
14345,p,w,f,3.42
14346,p,w,f,5.13
14347,p,n,f,7.17
14348,e,w,f,3.91
14349,p,n,f,3.95
14350,p,w,f,7.99
14351,p,n,f,5.19
14352,p,n,f,9.37
14353,p,e,f,6.32
14354,e,n,f,5.73
14355,e,n,f,7.11
14356,p,w,f,12.46
14357,p,n,t,3.05
14358,e,n,t,10.47
14359,e,y,f,6.54
14360,e,g,f,5.09
14361,e,n,f,6.65
14362,p,u,f,4.71
14363,p,w,f,13.38
14364,p,n,f,11.82
14365,p,o,f,3.63
14366,p,e,f,5.76
14367,e,n,f,5.37
14368,e,g,f,5.07
14369,p,g,f,2.74
14370,p,g,f,8.85
14371,p,r,t,4.31
14372,e,w,f,4.44
14373,p,y,f,5.79
14374,e,n,f,4.41
14375,e,n,f,6.05
14376,p,w,t,6.4
14377,e,g,f,7.35
14378,e,n,f,5.72
14379,e,n,f,6.02
14380,e,n,t,9.04
14381,p,y,f,9.02
14382,p,e,f,7.82
14383,p,n,f,4.7
14384,e,n,f,5.69
14385,e,n,t,10.1
14386,e,w,f,7.14
14387,p,w,f,10.03
14388,e,n,f,4.48
14389,e,u,f,4.07
14390,p,y,f,6.15
14391,e,n,f,4.58
14392,p,e,f,4.53
14393,p,y,f,5.67
14394,e,y,f,8.32
14395,p,n,f,5.55
14396,p,n,f,5.72
14397,p,n,f,5.48
14398,p,y,f,10.44
14399,p,g,f,11.14
14400,p,e,f,3.58
14401,p,n,t,5.43
14402,e,k,f,4.78
14403,e,n,f,5.45
14404,e,u,f,7.62
14405,e,y,f,6.09
14406,p,w,f,17.64
14407,p,w,f,6.73
14408,e,n,t,10.0
14409,p,e,t,5.35
14410,e,n,f,7.23
14411,p,w,t,6.32
14412,p,n,f,9.95
14413,e,n,f,4.81
14414,p,o,f,3.62
14415,p,n,f,6.4
14416,e,n,f,5.17
14417,p,w,t,7.01
14418,p,n,f,5.99
14419,p,n,f,5.12
14420,e,w,f,3.45
14421,p,n,f,5.73
14422,p,g,f,4.8
14423,e,l,f,6.24
14424,e,w,f,4.17
14425,p,w,f,3.48
14426,e,w,f,6.91
14427,e,n,f,5.27
14428,p,r,f,5.22
14429,p,e,t,5.8
14430,e,n,f,4.7
14431,p,n,f,8.8
14432,e,n,f,4.37
14433,e,g,f,2.95
14434,p,y,f,4.82
14435,p,y,f,3.25
14436,e,n,f,5.64
14437,e,n,f,5.06
14438,p,y,f,8.67
14439,p,p,t,7.07
14440,e,n,f,6.14
14441,p,l,f,4.62
14442,p,w,f,3.1
14443,p,r,f,10.64
14444,p,b,f,4.77
14445,p,n,f,5.75
14446,e,n,f,9.14
14447,e,n,f,4.94
14448,e,n,f,12.8
14449,e,w,f,5.28
14450,p,u,f,4.41
14451,p,n,t,7.31
14452,p,g,f,2.96
14453,e,l,f,6.74
14454,p,p,t,8.43
14455,e,n,f,6.42
14456,e,n,f,5.98
14457,e,n,f,6.32
14458,e,n,f,5.88
14459,e,y,t,7.55
14460,e,n,f,4.17
14461,p,o,t,4.7
14462,e,e,f,5.35
14463,e,g,f,5.05
14464,p,y,f,2.61
14465,e,g,f,6.42
14466,e,w,f,19.8
14467,p,n,f,5.9
14468,p,g,f,11.1
14469,p,n,f,3.31
14470,e,y,f,7.61
14471,p,n,f,7.16
14472,e,n,f,5.61
14473,p,n,f,4.42
14474,p,e,f,13.97
14475,p,n,t,4.23
14476,e,y,f,3.51
14477,p,n,f,6.77
14478,p,r,t,4.81
14479,p,n,f,6.67
14480,p,k,f,10.1
14481,e,n,t,7.29
14482,p,e,f,3.71
14483,p,n,f,5.27
14484,e,w,f,5.55
14485,p,n,f,8.17
14486,p,n,f,8.78
14487,p,n,f,6.01
14488,p,w,f,9.81
14489,e,n,t,11.87
14490,e,o,f,8.7
14491,p,n,t,5.05
14492,p,n,f,7.06
14493,p,n,f,10.4
14494,e,p,t,5.51
14495,p,n,f,12.04
14496,e,w,t,6.0
14497,e,n,f,5.24
14498,p,n,f,3.52
14499,p,n,f,5.32
14500,p,o,f,5.92
14501,e,n,f,4.09
14502,e,n,f,8.06
14503,e,n,f,3.33
14504,e,g,f,4.78
14505,e,w,f,5.24
14506,e,g,f,2.52
14507,p,y,f,3.55
14508,p,r,f,6.69
14509,p,g,f,4.87
14510,p,n,f,7.78
14511,e,n,f,7.05
14512,p,g,f,3.41
14513,e,n,t,11.06
14514,e,g,t,12.32
14515,p,n,t,4.78
14516,e,y,f,5.88
14517,p,n,f,12.04
14518,p,n,f,5.46
14519,e,n,f,4.83
14520,e,w,f,18.56
14521,p,n,f,14.76
14522,p,n,f,5.73
14523,p,g,f,10.48
14524,p,y,f,4.88
14525,e,n,f,8.06
14526,p,g,f,5.98
14527,p,w,f,4.56
14528,e,n,f,5.84
14529,p,u,f,6.04
14530,e,b,f,4.97
14531,e,w,f,7.86
14532,e,n,t,6.89
14533,p,n,f,4.93
14534,e,n,t,6.8
14535,e,g,f,4.63
14536,p,n,t,6.54
14537,e,g,f,4.65
14538,p,n,f,9.74
14539,e,n,f,6.5
14540,p,n,f,5.28
14541,e,n,f,5.94
14542,p,y,t,10.65
14543,e,n,f,6.26
14544,e,e,f,6.79
14545,e,o,f,4.53
14546,e,w,f,3.37
14547,e,n,f,5.37
14548,e,n,f,7.01
14549,p,y,f,3.25
14550,p,n,t,9.1
14551,e,n,f,6.24
14552,p,n,f,6.64
14553,p,n,f,6.63
14554,p,u,f,2.72
14555,e,n,f,7.31
14556,e,n,f,6.03
14557,p,o,f,4.25
14558,p,n,f,6.77
14559,p,g,f,3.05
14560,e,n,f,7.47
14561,p,n,t,4.41
14562,e,n,f,6.74
14563,p,n,t,6.02
14564,p,e,f,4.39
14565,p,y,f,3.13
14566,e,n,f,6.59
14567,p,e,f,17.32
14568,e,n,f,7.33
14569,p,n,f,8.11
14570,e,y,t,8.27
14571,p,n,f,4.52
14572,p,y,f,3.73
14573,e,y,f,5.56
14574,e,n,f,8.14
14575,e,n,f,7.33
14576,p,w,t,6.23
14577,p,y,f,3.45
14578,p,o,f,3.6
14579,p,p,f,4.49
14580,p,w,f,2.74
14581,e,o,f,6.74
14582,p,n,f,5.74
14583,p,o,f,18.25
14584,e,y,f,7.39
14585,p,g,f,5.75
14586,p,e,t,6.44
14587,p,y,f,7.22
14588,e,n,t,7.16
14589,p,w,f,2.59
14590,e,y,f,6.1
14591,p,w,f,11.64
14592,p,e,f,14.94
14593,p,n,f,2.19
14594,e,b,f,5.71
14595,p,y,t,6.2
14596,p,w,f,3.7
14597,e,n,t,9.96
14598,e,w,f,3.52
14599,p,p,f,3.12
14600,e,b,f,4.68
14601,e,n,f,5.92
14602,p,n,f,9.48
14603,p,n,f,9.73
14604,p,r,f,11.24
14605,e,y,f,3.66
14606,p,o,f,3.11
14607,p,l,f,3.85
14608,p,w,f,5.87
14609,p,n,f,8.37
14610,p,n,t,5.44
14611,p,w,f,3.14
14612,e,n,f,9.41
14613,e,n,f,6.16
14614,p,w,f,3.46
14615,e,l,f,8.6
14616,p,o,f,6.07
14617,p,n,f,3.59
14618,p,n,f,5.22
14619,e,n,f,4.55
14620,p,u,f,8.46
14621,p,n,f,9.99
14622,e,o,f,5.09
14623,e,n,f,4.09
14624,e,n,t,8.5
14625,e,k,f,5.63
14626,e,n,t,9.67
14627,e,n,f,6.27
14628,e,u,f,7.04
14629,e,n,t,9.96
14630,p,n,f,4.61
14631,p,n,f,5.93
14632,e,n,t,3.9
14633,p,g,f,4.3
14634,e,w,f,3.74
14635,p,w,t,8.04
14636,e,n,f,4.56
14637,p,p,f,4.6
14638,e,g,f,2.98
14639,p,o,t,3.54
14640,p,n,f,5.42
14641,e,w,f,22.67
14642,e,n,f,6.62
14643,e,n,f,6.52
14644,e,n,f,4.86
14645,p,r,t,4.92
14646,p,n,f,5.82
14647,p,o,t,4.59
14648,p,n,f,4.8
14649,p,e,t,6.49
14650,p,w,t,8.24
14651,p,w,f,3.68
14652,p,n,f,5.59
14653,e,k,f,5.31
14654,p,n,f,4.33
14655,e,g,f,4.92
14656,p,r,f,7.13
14657,e,n,t,8.06
14658,e,n,t,7.78
14659,p,e,f,3.92
14660,e,y,f,5.99
14661,p,n,f,7.71
14662,p,e,f,4.71
14663,p,n,f,5.01
14664,p,o,f,5.1
14665,p,n,f,4.76
14666,e,n,f,4.64
14667,p,e,f,3.79
14668,p,y,t,5.95
14669,e,p,f,7.47
14670,e,n,t,9.12
14671,e,n,f,4.59
14672,e,n,f,10.36
14673,p,g,f,4.92
14674,e,y,f,6.54
14675,p,e,f,5.52
14676,p,n,f,5.09
14677,p,w,f,15.92
14678,e,n,f,4.27
14679,e,n,f,5.83
14680,p,y,f,6.27
14681,e,w,f,3.51
14682,e,n,f,5.62
14683,e,n,t,7.04
14684,p,o,f,4.6
14685,p,n,f,12.4
14686,e,b,f,7.06
14687,e,n,f,5.43
14688,p,p,f,4.06
14689,e,n,t,8.49
14690,p,e,f,9.99
14691,p,y,f,4.74
14692,p,n,f,9.8
14693,p,y,f,5.1
14694,e,n,t,8.94
14695,e,n,f,5.12
14696,e,n,f,4.85
14697,p,o,t,3.5
14698,p,w,f,3.36
14699,e,g,f,6.59
14700,p,n,f,9.32
14701,e,n,f,6.46
14702,e,g,t,11.96
14703,p,g,f,11.25
14704,p,g,f,10.95
14705,e,w,f,3.62
14706,p,o,f,3.8
14707,e,n,f,3.98
14708,e,n,f,8.09
14709,e,p,t,4.73
14710,p,n,f,9.37
14711,e,n,f,4.31
14712,e,g,f,8.42
14713,p,g,f,3.23
14714,p,n,f,6.04
14715,p,n,f,5.3
14716,p,n,f,7.57
14717,e,w,t,6.03
14718,e,n,f,4.84
14719,p,y,f,3.85
14720,p,l,f,5.61
14721,e,y,f,6.06
14722,p,l,f,5.25
14723,p,n,f,10.35
14724,p,g,t,4.62
14725,p,p,f,4.63
14726,e,p,t,6.76
14727,p,n,f,7.39
14728,p,w,f,3.13
14729,p,r,f,10.83
14730,p,y,f,5.43
14731,p,p,f,3.88
14732,e,l,f,2.33
14733,p,w,t,6.02
14734,e,l,f,5.75
14735,p,y,f,5.7
14736,p,e,f,3.49
14737,p,n,f,4.98
14738,p,e,f,2.6
14739,p,y,f,4.44
14740,p,o,f,5.21
14741,p,n,f,11.24
14742,p,n,f,4.65
14743,e,n,f,8.45
14744,p,w,f,6.33
14745,e,o,f,9.77
14746,e,w,f,3.24
14747,p,r,f,10.88
14748,p,o,f,6.09
14749,p,y,f,5.47
14750,p,n,f,4.73
14751,p,n,f,11.29
14752,e,n,f,5.99
14753,p,w,f,2.85
14754,p,n,t,8.22
14755,p,y,f,3.83
14756,p,o,f,3.56
14757,e,r,f,7.97
14758,e,b,f,5.67
14759,e,w,f,3.74
14760,p,e,f,3.27
14761,e,g,f,3.65
14762,e,n,t,8.21
14763,e,g,f,7.09
14764,p,y,f,7.47
14765,p,y,f,7.26
14766,e,n,t,8.98
14767,p,o,f,4.43
14768,p,n,f,8.37
14769,p,r,f,10.89
14770,e,n,t,4.1
14771,e,n,f,4.79
14772,e,y,f,8.2
14773,p,n,f,6.44
14774,p,r,f,10.98
14775,p,n,t,4.54
14776,e,w,f,2.78
14777,e,n,f,5.58
14778,p,w,f,2.99
14779,p,y,f,6.57
14780,e,n,f,24.34
14781,e,n,f,7.36
14782,p,w,f,2.98
14783,p,n,f,5.21
14784,p,p,f,4.39
14785,e,n,f,6.49
14786,e,n,f,6.08
14787,p,y,f,8.67
14788,e,n,f,4.85
14789,p,y,t,6.69
14790,e,w,f,7.72
14791,p,n,t,7.21
14792,p,y,f,5.28
14793,p,y,f,6.14
14794,p,n,f,9.57
14795,e,y,f,3.42
14796,p,p,t,7.82
14797,e,o,f,5.88
14798,p,n,f,3.32
14799,p,p,f,5.35
14800,p,p,f,4.25
14801,p,w,f,8.23
14802,p,n,f,1.57
14803,p,e,f,3.65
14804,p,n,f,5.53
14805,e,n,t,10.33
14806,p,n,f,6.23
14807,p,g,f,10.02
14808,e,n,f,5.28
14809,p,y,f,6.51
14810,p,o,t,3.46
14811,e,n,f,5.88
14812,p,n,t,9.51
14813,p,g,f,2.61
14814,p,n,f,4.83
14815,e,n,f,6.84
14816,e,n,f,4.83
14817,p,g,f,8.83
14818,p,w,t,5.7
14819,p,y,f,6.23
14820,p,n,t,8.12
14821,p,u,f,8.32
14822,p,g,f,10.8
14823,e,n,f,4.87
14824,e,g,f,5.38
14825,e,n,f,4.68
14826,e,n,f,7.11
14827,p,y,f,2.72
14828,p,n,t,7.86
14829,p,r,t,5.58
14830,e,n,f,4.6
14831,e,w,f,4.37
14832,p,y,t,9.48
14833,p,n,f,11.21
14834,e,n,f,4.98
14835,e,g,f,6.31
14836,p,o,f,4.33
14837,p,e,f,4.55
14838,e,e,f,3.9
14839,p,u,f,3.23
14840,p,n,f,9.4
14841,p,w,f,5.84
14842,p,o,f,7.19
14843,e,g,f,8.81
14844,p,e,f,3.86
14845,p,p,f,3.86
14846,p,p,f,4.93
14847,p,n,f,10.36
14848,e,n,f,4.7
14849,e,n,t,9.51
14850,p,n,f,10.45
14851,p,n,f,5.91
14852,p,w,f,7.16
14853,e,n,f,6.32
14854,e,n,t,9.08
14855,e,w,t,5.92
14856,e,o,f,6.07
14857,p,n,f,6.46
14858,p,y,f,8.34
14859,e,w,f,7.59
14860,p,e,f,6.77
14861,p,y,t,4.6
14862,p,e,f,3.73
14863,p,o,f,3.12
14864,p,n,f,3.73
14865,e,w,f,3.28
14866,p,n,f,5.94
14867,e,w,f,17.32
14868,p,g,t,6.11
14869,p,r,f,1.4
14870,e,n,f,7.25
14871,p,w,f,2.78
14872,e,n,f,4.95
14873,p,o,f,3.62
14874,e,n,f,4.6
14875,e,p,f,6.08
14876,e,n,f,7.63
14877,p,n,f,11.03
14878,e,w,t,5.37
14879,p,n,f,10.17
14880,e,n,f,6.61
14881,p,e,f,17.87
14882,p,k,f,8.45
14883,e,y,f,5.03
14884,p,g,f,9.72
14885,e,n,t,10.39
14886,p,k,t,4.93
14887,p,n,f,10.47
14888,e,o,f,4.68
14889,e,n,f,7.26
14890,p,r,f,1.35
14891,e,n,f,5.58
14892,p,n,f,4.77
14893,e,n,f,7.41
14894,p,n,f,5.01
14895,p,n,f,5.89
14896,p,e,f,17.85
14897,p,g,f,3.11
14898,p,e,f,3.61
14899,e,n,t,5.43
14900,e,y,t,7.01
14901,p,n,f,4.03
14902,e,n,t,7.41
14903,e,p,t,4.4
14904,p,o,f,3.42
14905,e,g,f,2.93
14906,p,r,t,5.67
14907,p,n,f,5.87
14908,p,n,t,13.3
14909,p,y,f,5.24
14910,e,n,t,8.88
14911,p,l,f,5.68
14912,e,y,f,6.56
14913,p,n,f,7.74
14914,p,w,t,5.99
14915,p,n,f,8.49
14916,p,n,f,4.94
14917,e,l,f,8.28
14918,p,n,f,9.42
14919,e,w,f,3.53
14920,p,o,f,1.66
14921,e,n,t,5.24
14922,p,n,t,5.71
14923,e,n,f,6.78
14924,p,n,f,5.29
14925,e,n,f,4.07
14926,p,n,f,7.84
14927,e,n,f,7.03
14928,p,e,f,16.96
14929,p,p,f,4.39
14930,e,n,t,8.12
14931,p,y,f,8.08
14932,e,o,f,8.34
14933,p,e,f,4.19
14934,e,n,f,5.8
14935,p,n,f,12.06
14936,e,n,f,4.62
14937,p,p,f,3.68
14938,p,y,f,4.91
14939,e,n,f,7.23
14940,e,g,f,4.99
14941,e,n,f,5.65
14942,p,n,f,6.61
14943,e,n,f,4.97
14944,e,n,t,7.62
14945,p,w,t,8.26
14946,p,e,f,2.93
14947,p,e,t,5.58
14948,p,e,f,5.96
14949,e,o,f,5.12
14950,p,n,f,3.01
14951,e,n,f,5.45
14952,p,e,f,4.26
14953,p,n,f,7.95
14954,e,y,f,4.55
14955,p,n,f,3.26
14956,e,n,f,3.7
14957,e,y,f,6.0
14958,e,y,f,7.28
14959,p,n,f,4.27
14960,p,r,t,4.7
14961,e,y,f,5.66
14962,p,g,f,2.98
14963,p,w,f,14.45
14964,p,o,t,4.75
14965,e,w,f,16.61
14966,e,n,f,5.5
14967,p,o,f,7.03
14968,p,n,f,5.61
14969,p,p,f,4.84
14970,e,g,f,4.84
14971,p,y,t,5.04
14972,p,w,f,2.77
14973,e,y,f,6.33
14974,p,n,f,6.6
14975,p,n,t,6.09
14976,p,n,t,6.01
14977,p,o,f,2.92
14978,e,u,f,7.65
14979,p,n,f,5.04
14980,p,n,f,8.9
14981,e,n,f,7.06
14982,p,p,f,3.75
14983,e,n,f,5.32
14984,p,l,f,6.37
14985,p,l,f,6.47
14986,e,y,f,7.63
14987,p,r,t,4.34
14988,p,n,f,3.35
14989,p,o,f,3.54
14990,p,o,f,3.27
14991,p,n,f,12.12
14992,p,l,f,5.68
14993,p,y,f,4.24
14994,e,n,f,7.04
14995,e,b,f,6.09
14996,p,n,f,3.9
14997,e,n,f,4.52
14998,p,n,f,4.38
14999,p,n,f,9.82
15000,e,n,f,4.44
15001,p,n,f,7.72
15002,e,n,f,6.31
15003,p,w,t,7.94
15004,p,o,f,3.63
15005,e,n,f,12.28
15006,e,w,f,4.63
15007,p,n,f,5.33
15008,e,o,f,4.1
15009,p,g,f,7.8
15010,p,n,f,5.63
15011,e,n,f,6.33
15012,e,n,f,7.17
15013,e,g,f,8.04
15014,e,b,f,4.86
15015,e,k,f,7.9
15016,e,w,t,6.19
15017,e,o,f,5.95
15018,e,k,f,4.63
15019,p,p,f,3.36
15020,e,u,f,7.26
15021,p,w,f,2.59
15022,p,n,t,6.05
15023,p,y,f,2.49
15024,p,g,t,4.43
15025,e,n,f,4.71
15026,p,e,f,3.45
15027,p,e,f,15.14
15028,e,g,f,2.81
15029,e,k,f,4.74
15030,p,y,f,11.63
15031,p,n,f,9.66
15032,e,w,f,6.59
15033,p,e,f,7.87
15034,p,n,f,6.05
15035,p,w,f,3.01
15036,p,w,t,6.99
15037,p,n,f,7.85
15038,p,w,f,3.04
15039,e,n,f,6.74
15040,p,w,t,7.2
15041,p,g,f,8.33
15042,e,u,f,4.16
15043,p,l,f,4.27
15044,e,w,f,3.1
15045,p,n,f,5.32
15046,p,n,t,8.16
15047,e,n,f,4.73
15048,p,n,t,3.99
15049,e,y,f,7.1
15050,p,n,f,5.03
15051,e,w,t,5.1
15052,e,n,f,6.33
15053,p,n,f,9.51
15054,p,w,f,13.69
15055,e,w,f,3.34
15056,p,n,f,12.66
15057,p,n,t,5.05
15058,p,y,f,6.75
15059,p,r,t,4.84
15060,e,n,f,6.0
15061,e,y,f,7.34
15062,p,n,f,7.53
15063,e,b,f,2.26
15064,p,g,f,3.2
15065,p,o,t,2.76
15066,e,g,f,4.99
15067,e,n,f,5.12
15068,e,u,f,5.71
15069,p,y,f,3.63
15070,e,l,f,6.72
15071,e,n,f,7.66
15072,p,w,f,5.64
15073,p,n,t,3.46
15074,e,n,f,4.76
15075,e,n,f,7.89
15076,p,n,f,3.49
15077,p,n,f,4.29
15078,p,o,f,6.21
15079,p,e,f,4.48
15080,e,w,t,6.28
15081,p,y,f,6.7
15082,e,w,f,4.64
15083,e,n,f,6.0
15084,p,y,f,6.23
15085,e,y,f,7.13
15086,e,p,t,5.79
15087,p,n,f,5.41
15088,p,n,f,5.74
15089,p,n,f,12.9
15090,e,n,t,9.08
15091,p,n,f,5.93
15092,e,g,f,6.24
15093,e,l,f,5.86
15094,p,n,f,4.03
15095,e,w,f,3.56
15096,e,g,f,5.09
15097,p,y,f,3.96
15098,p,n,f,5.13
15099,p,y,f,12.2
15100,p,n,f,3.76
15101,e,w,f,8.43
15102,e,w,f,7.95
15103,p,e,f,4.37
15104,e,n,t,5.78
15105,p,n,t,4.82
15106,e,n,f,5.89
15107,p,n,f,5.3
15108,p,y,f,3.18
15109,e,n,f,4.54
15110,p,n,f,6.49
15111,e,n,f,7.91
15112,p,y,f,9.49
15113,p,e,f,6.07
15114,p,o,f,2.97
15115,p,n,f,9.73
15116,p,p,t,7.85
15117,e,o,f,6.98
15118,p,w,t,5.12
15119,p,n,f,3.39
15120,e,g,f,8.25
15121,p,y,f,6.07
15122,e,n,t,10.6
15123,e,y,f,5.98
15124,e,y,f,6.11
15125,e,n,f,6.21
15126,p,y,f,5.39
15127,e,n,f,7.15
15128,p,n,f,5.98
15129,p,g,f,5.58
15130,e,n,f,6.54
15131,p,y,f,9.48
15132,e,o,f,6.92
15133,e,w,f,3.9
15134,p,w,f,5.01
15135,e,w,t,5.88
15136,p,y,f,3.22
15137,e,n,f,4.77
15138,p,n,f,6.15
15139,e,n,t,4.63
15140,e,n,f,4.41
15141,p,n,f,7.7
15142,p,n,f,4.56
15143,e,n,f,6.58
15144,e,p,t,6.21
15145,e,n,t,6.67
15146,p,y,f,7.08
15147,p,e,t,6.58
15148,e,y,f,5.12
15149,p,y,f,3.36
15150,p,n,f,5.64
15151,p,w,f,10.65
15152,p,n,f,10.66
15153,p,b,f,4.74
15154,p,n,t,2.98
15155,e,n,t,7.83
15156,p,n,f,12.1
15157,e,p,t,6.0
15158,e,n,f,4.34
15159,e,w,t,6.72
15160,e,b,f,6.1
15161,e,n,t,5.42
15162,e,n,f,4.87
15163,e,w,t,6.28
15164,p,k,f,8.85
15165,e,n,f,10.41
15166,p,g,f,7.19
15167,p,g,f,8.31
15168,p,n,f,6.67
15169,e,n,f,6.98
15170,e,g,f,2.47
15171,p,n,t,2.93
15172,e,p,f,4.43
15173,e,n,f,14.3
15174,p,g,f,9.15
15175,p,n,t,8.45
15176,e,n,f,6.55
15177,p,e,f,4.25
15178,p,n,f,3.55
15179,p,n,f,7.85
15180,e,n,f,7.36
15181,p,g,f,9.48
15182,p,n,f,6.01
15183,e,y,f,6.46
15184,p,w,f,11.91
15185,e,r,f,7.62
15186,p,l,f,6.38
15187,p,r,f,8.34
15188,e,y,f,8.41
15189,p,n,f,5.69
15190,e,n,t,9.83
15191,p,o,f,7.56
15192,e,w,f,6.89
15193,e,l,f,6.62
15194,p,e,f,4.24
15195,e,y,f,7.77
15196,p,w,f,11.19
15197,e,w,f,3.92
15198,p,p,f,4.02
15199,p,u,f,4.52
15200,p,g,t,4.59
15201,p,e,f,6.87
15202,p,y,f,1.7
15203,p,w,f,7.0
15204,e,u,f,6.02
15205,p,n,f,4.95
15206,e,n,f,6.26
15207,e,n,f,5.09
15208,p,n,f,5.57
15209,p,n,f,5.65
15210,p,y,f,5.55
15211,e,u,f,6.91
15212,e,n,f,5.03
15213,p,n,t,9.29
15214,e,y,f,5.97
15215,e,w,f,7.56
15216,p,n,f,3.7
15217,p,n,f,4.53
15218,p,o,f,4.27
15219,e,g,f,4.77
15220,p,p,t,7.72
15221,p,o,f,7.0
15222,p,n,f,4.52
15223,e,e,f,4.08
15224,p,y,f,5.73
15225,e,g,f,2.64
15226,e,w,f,3.49
15227,p,e,f,8.1
15228,p,n,f,10.11
15229,e,w,f,3.74
15230,p,n,f,4.37
15231,p,e,f,6.23
15232,p,n,f,6.93
15233,p,n,t,3.67
15234,p,o,f,2.99
15235,p,n,f,4.98
15236,e,n,f,6.46
15237,p,y,f,5.92
15238,p,n,f,5.69
15239,e,y,f,6.87
15240,p,y,f,3.68
15241,e,n,f,7.18
15242,p,n,f,5.37
15243,e,u,f,9.76
15244,e,g,t,4.96
15245,p,y,f,4.15
15246,p,n,f,9.02
15247,p,y,f,6.86
15248,e,p,f,8.66
15249,e,e,t,5.06
15250,p,n,f,6.31
15251,p,n,f,6.4
15252,p,n,f,4.91
15253,p,e,f,8.29
15254,p,n,f,10.41
15255,p,n,f,6.04
15256,p,n,f,6.05
15257,p,w,f,4.31
15258,e,n,t,4.86
15259,e,n,f,6.4
15260,p,l,f,3.38
15261,p,u,f,3.62
15262,e,g,f,5.33
15263,e,w,f,5.78
15264,p,n,t,8.48
15265,e,g,f,4.6
15266,p,n,f,6.04
15267,p,g,f,9.07
15268,p,n,f,6.5
15269,e,n,f,5.01
15270,e,u,f,4.88
15271,p,n,f,10.73
15272,p,n,f,7.16
15273,p,n,f,4.53
15274,e,y,f,8.05
15275,e,g,f,6.64
15276,p,w,f,3.15
15277,e,b,f,6.35
15278,e,p,f,4.47
15279,p,w,f,3.51
15280,e,b,f,5.95
15281,p,e,f,4.33
15282,p,n,f,5.58
15283,p,g,f,4.99
15284,p,n,t,4.44
15285,p,k,f,5.25
15286,e,w,f,7.16
15287,e,y,f,5.6
15288,p,n,f,5.28
15289,p,n,f,9.73
15290,p,n,f,4.95
15291,e,n,f,6.28
15292,e,n,f,5.93
15293,p,o,f,6.49
15294,e,n,f,6.53
15295,p,w,f,4.57
15296,p,n,f,9.67
15297,e,g,f,7.27
15298,p,e,f,16.74
15299,p,p,f,4.69
15300,e,n,f,9.0
15301,p,w,f,5.32
15302,e,n,f,4.71
15303,p,l,f,3.73
15304,e,y,f,5.28
15305,e,y,f,6.54
15306,e,b,f,5.58
15307,p,w,t,7.96
15308,p,u,f,7.23
15309,p,n,f,5.76
15310,p,n,f,3.85
15311,e,e,t,5.46
15312,p,n,f,5.22
15313,e,k,f,4.48
15314,p,n,t,5.72
15315,e,n,f,7.37
15316,p,w,f,4.6
15317,e,g,f,6.16
15318,p,r,f,10.89
15319,p,y,t,5.41
15320,p,b,f,4.91
15321,p,k,f,4.11
15322,p,n,f,10.92
15323,p,g,f,10.6
15324,p,n,f,9.93
15325,p,n,f,11.36
15326,e,n,t,5.49
15327,p,o,f,3.07
15328,p,n,t,2.98
15329,e,w,t,6.55
15330,p,y,f,6.48
15331,e,l,f,7.67
15332,e,w,t,5.94
15333,e,n,f,4.94
15334,p,r,f,4.78
15335,p,n,f,5.07
15336,p,w,f,12.98
15337,e,w,t,5.54
15338,e,n,f,3.9
15339,e,n,t,11.06
15340,p,y,f,6.88
15341,p,p,f,3.57
15342,p,n,f,5.39
15343,p,n,f,3.22
15344,e,p,t,5.17
15345,e,o,f,9.09
15346,p,y,f,4.93
15347,e,n,f,9.32
15348,e,g,t,11.02
15349,p,y,f,4.96
15350,p,w,f,3.59
15351,e,l,f,2.49
15352,p,n,f,5.31
15353,e,y,t,7.2
15354,e,n,t,7.61
15355,e,n,f,6.14
15356,p,w,t,8.1
15357,p,e,f,7.65
15358,p,o,f,4.73
15359,p,e,f,3.39
15360,e,y,f,5.54
15361,p,n,f,9.67
15362,e,l,f,7.17
15363,p,n,f,4.72
15364,e,n,f,4.98
15365,e,w,f,3.62
15366,p,n,f,2.74
15367,e,b,f,4.99
15368,p,w,f,3.53
15369,p,n,f,4.61
15370,p,w,f,3.32
15371,e,g,f,5.19
15372,p,p,f,5.23
15373,p,y,t,4.65
15374,e,y,f,5.49
15375,p,w,f,6.03
15376,p,g,f,4.59
15377,e,y,f,7.6
15378,p,n,f,6.0
15379,e,n,f,4.87
15380,p,e,f,5.38
15381,e,w,f,3.9
15382,e,n,f,6.66
15383,e,n,f,5.25
15384,e,n,t,5.93
15385,p,y,f,7.93
15386,p,w,f,3.85
15387,e,n,f,5.32
15388,e,n,t,7.07
15389,p,o,t,5.87
15390,p,y,f,5.77
15391,p,w,f,3.92
15392,p,n,f,3.05
15393,e,l,f,7.38
15394,e,y,f,7.08
15395,p,n,f,6.2
15396,e,u,f,6.48
15397,e,n,f,6.58
15398,p,n,f,8.79
15399,e,y,f,9.53
15400,p,p,t,7.28
15401,p,n,t,5.45
15402,p,n,f,6.23
15403,p,n,f,4.75
15404,p,o,f,3.88
15405,p,w,f,3.28
15406,e,y,t,5.91
15407,p,r,f,10.8
15408,p,n,f,7.62
15409,p,o,f,4.54
15410,p,w,f,3.65
15411,e,w,f,3.66
15412,p,w,f,6.6
15413,p,n,f,7.65
15414,e,n,f,5.17
15415,e,n,f,4.98
15416,p,n,f,2.57
15417,e,w,f,3.01
15418,p,y,f,8.0
15419,e,n,f,5.37
15420,p,n,f,10.79
15421,e,n,f,5.07
15422,e,n,f,4.9
15423,p,y,f,6.9
15424,e,w,f,2.23
15425,p,e,f,5.56
15426,e,w,f,3.45
15427,p,n,f,5.08
15428,p,n,t,6.29
15429,p,n,f,5.68
15430,e,o,f,4.58
15431,e,n,f,8.37
15432,p,w,f,5.95
15433,p,k,f,3.24
15434,e,u,f,4.67
15435,p,e,f,6.67
15436,e,n,t,10.33
15437,e,y,f,5.62
15438,e,n,f,7.48
15439,p,n,f,15.81
15440,p,n,f,5.83
15441,p,e,t,7.18
15442,p,y,f,5.21
15443,p,n,f,10.47
15444,e,n,f,8.21
15445,p,w,f,2.99
15446,e,n,f,6.43
15447,p,u,f,3.25
15448,p,n,f,5.63
15449,e,e,f,8.4
15450,e,n,t,10.59
15451,p,n,f,9.55
15452,p,w,f,8.05
15453,e,n,f,6.32
15454,e,g,f,5.46
15455,p,n,f,7.42
15456,p,e,f,18.02
15457,p,n,f,5.29
15458,p,n,f,5.62
15459,p,o,f,5.71
15460,p,n,f,6.12
15461,p,y,f,3.27
15462,e,n,f,5.18
15463,e,y,f,6.21
15464,e,w,f,6.39
15465,p,w,f,4.34
15466,p,n,t,5.89
15467,p,n,f,7.89
15468,p,n,f,10.63
15469,e,w,f,4.59
15470,e,n,f,5.58
15471,p,l,f,3.57
15472,p,n,f,6.23
15473,e,g,f,3.29
15474,e,n,f,4.68
15475,p,y,f,3.16
15476,e,w,f,5.66
15477,p,k,f,4.48
15478,p,n,f,5.98
15479,e,y,t,7.84
15480,p,w,f,2.97
15481,e,y,f,6.24
15482,e,n,f,6.09
15483,p,o,t,3.49
15484,e,n,t,9.16
15485,e,n,t,10.06
15486,p,n,f,10.04
15487,p,n,f,5.19
15488,p,w,f,3.77
15489,e,n,t,9.51
15490,e,y,f,5.99
15491,p,k,f,9.32
15492,e,n,f,3.77
15493,p,y,f,6.5
15494,p,e,f,17.74
15495,p,g,t,5.05
15496,p,n,f,4.99
15497,p,n,f,10.48
15498,p,n,f,8.04
15499,p,n,f,11.23
15500,p,y,f,6.41
15501,e,n,f,5.64
15502,e,w,f,7.51
15503,p,e,f,7.63
15504,p,n,f,5.87
15505,e,b,f,5.03
15506,e,n,f,3.79
15507,p,y,f,7.41
15508,p,o,f,3.86
15509,p,y,f,2.16
15510,e,y,f,6.04
15511,e,n,t,8.96
15512,p,y,f,10.27
15513,p,y,t,5.02
15514,p,l,f,3.86
15515,p,n,f,5.36
15516,p,e,f,4.08
15517,p,n,f,14.6
15518,e,n,t,9.01
15519,p,o,f,6.05
15520,e,n,f,7.52
15521,p,n,f,8.76
15522,e,n,f,6.09
15523,e,g,f,8.16
15524,e,n,f,6.7
15525,e,n,f,6.04
15526,p,n,f,4.43
15527,e,n,t,4.73
15528,e,n,f,5.93
15529,e,e,f,4.31
15530,p,e,f,4.33
15531,e,w,f,2.99
15532,e,n,f,6.21
15533,p,y,f,3.36
15534,p,y,f,7.51
15535,p,n,f,6.57
15536,e,n,f,4.84
15537,p,y,f,4.34
15538,p,n,f,5.92
15539,e,n,t,8.71
15540,p,n,f,6.43
15541,e,n,f,9.99
15542,e,n,t,8.51
15543,e,w,f,3.43
15544,p,w,t,6.7
15545,p,n,f,11.42
15546,p,g,f,2.73
15547,e,y,f,7.78
15548,e,n,f,5.22
15549,e,n,f,5.1
15550,e,w,f,18.41
15551,e,n,f,6.31
15552,p,o,f,5.25
15553,p,n,f,7.87
15554,e,w,f,3.34
15555,e,n,t,8.05
15556,p,y,f,5.66
15557,e,n,f,6.59
15558,e,n,f,6.55
15559,p,n,t,6.71
15560,e,n,t,9.22
15561,e,y,f,6.78
15562,p,y,f,6.07
15563,p,o,f,2.53
15564,p,n,f,11.16
15565,e,g,f,4.65
15566,p,w,t,6.92
15567,p,n,f,8.45
15568,e,g,f,5.72
15569,e,n,f,4.86
15570,e,n,f,6.47
15571,e,g,f,2.69
15572,p,n,f,4.43
15573,e,n,t,12.14
15574,p,n,f,7.95
15575,e,y,f,8.15
15576,e,y,f,7.23
15577,e,y,f,5.56
15578,e,g,f,5.21
15579,p,u,f,7.41
15580,p,n,f,4.03
15581,e,n,t,7.77
15582,p,p,f,4.19
15583,p,y,f,8.63
15584,e,n,f,5.3
15585,p,n,f,12.06
15586,p,y,t,8.59
15587,e,n,f,5.32
15588,p,e,f,3.75
15589,p,e,f,14.08
15590,p,e,t,6.46
15591,p,n,f,8.09
15592,e,n,f,4.67
15593,e,n,f,11.83
15594,p,w,f,12.9
15595,p,y,f,3.06
15596,p,y,f,6.15
15597,p,o,f,4.62
15598,e,n,f,6.77
15599,e,n,f,5.12
15600,e,n,f,5.88
15601,p,n,f,6.41
15602,e,n,f,8.23
15603,p,o,f,3.69
15604,p,o,f,5.8
15605,p,n,t,5.59
15606,p,n,f,4.41
15607,e,w,f,6.28
15608,e,y,f,5.53
15609,e,n,f,5.83
15610,p,w,t,8.37
15611,p,e,f,4.57
15612,e,w,f,4.27
15613,p,e,f,7.87
15614,p,n,f,4.09
15615,p,w,f,3.64
15616,e,n,t,7.63
15617,e,w,f,6.74
15618,e,y,f,7.38
15619,p,n,f,4.23
15620,e,n,f,4.89
15621,p,y,f,5.51
15622,e,k,f,8.46
15623,e,w,t,6.82
15624,e,n,f,7.39
15625,p,n,f,3.89
15626,e,w,f,6.93
15627,e,g,f,4.87
15628,p,o,f,5.22
15629,p,y,f,8.09
15630,p,b,f,4.28
15631,e,w,f,2.64
15632,e,y,t,7.52
15633,e,y,f,9.05
15634,p,o,t,2.85
15635,e,n,f,9.44
15636,p,n,f,3.55
15637,e,y,t,8.83
15638,p,n,f,3.98
15639,p,r,t,4.55
15640,e,y,t,7.89
15641,p,n,f,3.82
15642,e,g,f,4.91
15643,p,o,f,2.92
15644,p,y,f,5.38
15645,p,g,f,10.47
15646,e,o,f,6.2
15647,p,w,f,5.19
15648,p,y,f,4.68
15649,p,n,f,9.29
15650,p,e,f,6.5
15651,e,y,f,6.13
15652,p,g,f,11.18
15653,p,n,f,4.33
15654,p,n,t,3.27
15655,e,n,f,6.57
15656,p,w,f,2.97
15657,p,w,f,4.18
15658,e,n,f,4.76
15659,e,o,t,6.63
15660,e,n,f,4.86
15661,p,y,f,3.66
15662,e,n,f,4.98
15663,e,n,f,10.22
15664,p,e,f,7.48
15665,p,n,f,5.77
15666,e,g,f,4.36
15667,p,y,f,3.24
15668,e,n,f,7.2
15669,p,w,f,3.31
15670,p,y,f,12.59
15671,p,n,f,2.42
15672,e,n,f,4.2
15673,e,o,f,4.15
15674,e,n,f,6.59
15675,p,n,f,5.4
15676,p,p,f,5.72
15677,p,y,f,3.86
15678,p,w,f,12.92
15679,p,n,f,5.94
15680,p,n,f,3.76
15681,p,w,f,4.76
15682,p,l,f,4.7
15683,e,b,f,4.89
15684,e,k,f,5.11
15685,p,n,f,5.49
15686,e,n,f,6.11
15687,e,w,f,7.68
15688,p,n,f,6.69
15689,p,n,f,5.73
15690,p,w,f,11.53
15691,e,w,f,8.26
15692,p,n,t,5.84
15693,p,e,t,6.5
15694,p,y,f,4.6
15695,e,u,f,7.16
15696,e,y,f,3.58
15697,p,e,f,4.95
15698,p,n,f,5.77
15699,e,n,f,5.71
15700,p,n,f,4.84
15701,p,e,t,7.19
15702,e,g,f,7.61
15703,e,w,f,4.57
15704,p,y,f,6.39
15705,e,n,f,6.61
15706,e,y,t,8.45
15707,p,k,f,4.43
15708,e,g,f,6.16
15709,e,w,f,21.11
15710,e,u,t,4.85
15711,p,n,f,6.99
15712,p,n,f,4.91
15713,p,r,f,11.04
15714,e,w,f,4.87
15715,e,y,t,7.71
15716,e,n,t,7.59
15717,p,n,f,3.83
15718,e,u,t,4.43
15719,p,e,f,8.28
15720,e,n,f,7.64
15721,p,y,f,3.04
15722,p,n,f,8.5
15723,p,n,f,8.84
15724,p,r,f,10.41
15725,p,e,f,5.1
15726,e,n,f,13.64
15727,p,w,f,3.94
15728,p,n,t,2.92
15729,e,n,f,6.32
15730,p,o,f,3.64
15731,p,n,f,6.46
15732,p,o,t,3.0
15733,p,k,f,7.36
15734,p,e,f,4.32
15735,e,n,f,5.76
15736,e,n,t,9.81
15737,e,n,f,7.58
15738,e,w,t,5.88
15739,p,n,f,3.9
15740,e,n,f,12.4
15741,e,n,t,11.95
15742,p,y,f,3.45
15743,e,n,f,4.03
15744,e,e,f,6.21
15745,e,w,f,7.0
15746,p,w,f,4.0
15747,p,r,t,4.41
15748,e,n,f,6.25
15749,p,g,f,2.97
15750,p,g,f,5.37
15751,e,o,f,8.24
15752,e,n,f,4.43
15753,e,n,f,5.88
15754,e,n,t,10.93
15755,e,n,t,10.9
15756,p,n,f,7.15
15757,p,n,t,9.14
15758,e,w,f,7.63
15759,p,g,f,3.42
15760,e,n,f,6.73
15761,e,n,t,7.64
15762,e,n,f,6.56
15763,e,n,f,5.78
15764,e,n,f,6.6
15765,p,y,f,3.54
15766,e,n,f,6.33
15767,p,n,f,4.2
15768,e,y,f,6.12
15769,e,b,f,6.54
15770,e,n,t,10.49
15771,e,n,f,5.67
15772,p,n,f,5.91
15773,e,e,f,7.67
15774,e,g,f,5.15
15775,p,n,f,5.35
15776,p,w,f,12.51
15777,e,n,f,5.76
15778,e,b,f,2.19
15779,e,g,f,4.58
15780,e,w,f,3.77
15781,e,y,f,3.53
15782,p,y,f,4.78
15783,p,e,f,16.24
15784,p,y,f,1.53
15785,p,y,t,7.48
15786,e,n,t,8.96
15787,e,g,f,8.46
15788,p,e,f,3.8
15789,p,p,f,3.31
15790,e,w,f,16.15
15791,e,n,t,9.08
15792,p,n,f,7.94
15793,e,n,f,7.91
15794,e,w,f,3.55
15795,e,n,f,5.0
15796,p,n,f,5.64
15797,e,n,f,5.12
15798,p,o,f,3.6
15799,e,p,f,7.61
15800,p,n,f,8.47
15801,p,w,f,7.19
15802,p,n,t,6.21
15803,e,n,f,7.51
15804,p,p,f,4.99
15805,p,w,f,10.19
15806,p,e,f,3.8
15807,e,n,f,8.91
15808,e,y,f,8.21
15809,e,n,f,4.24
15810,p,b,f,4.93
15811,e,w,f,3.66
15812,e,n,t,10.19
15813,p,g,f,10.87
15814,p,o,f,3.73
15815,p,o,f,3.1
15816,p,n,f,3.97
15817,p,w,f,12.87
15818,e,n,f,6.03
15819,e,k,f,7.19
15820,e,o,f,8.63
15821,e,w,f,19.35
15822,p,p,t,8.34
15823,p,n,f,5.62
15824,p,o,f,17.44
15825,e,w,f,3.63
15826,e,o,f,6.26
15827,p,n,f,8.68
15828,e,g,f,6.47
15829,e,n,t,10.4
15830,e,g,f,6.71
15831,e,e,f,7.33
15832,e,b,f,6.46
15833,p,y,f,5.67
15834,p,n,f,9.49
15835,p,n,f,4.43
15836,p,r,t,4.94
15837,e,n,f,4.91
15838,p,n,f,5.57
15839,p,e,f,3.44
15840,p,w,t,7.58
15841,e,b,f,6.12
15842,p,n,f,6.25
15843,e,n,f,4.27
15844,e,g,t,10.64
15845,p,n,t,6.03
15846,p,w,f,3.83
15847,e,l,f,7.86
15848,e,n,f,5.49
15849,p,r,f,11.05
15850,e,e,f,4.03
15851,e,n,f,6.31
15852,e,p,t,4.03
15853,p,n,f,3.65
15854,p,n,f,16.6
15855,e,n,f,6.3
15856,p,n,f,5.4
15857,p,n,f,4.76
15858,p,n,f,5.62
15859,p,n,f,5.06
15860,p,y,f,3.97
15861,p,n,f,9.95
15862,p,y,f,5.17
15863,e,w,f,3.7
15864,p,y,f,5.61
15865,e,w,t,5.87
15866,p,g,f,3.83
15867,e,n,f,4.6
15868,e,n,f,3.55
15869,p,n,f,6.75
15870,e,n,f,5.88
15871,p,n,f,5.92
15872,e,y,f,6.57
15873,e,g,f,5.32
15874,p,o,f,3.31
15875,p,y,f,5.48
15876,p,y,f,9.13
15877,p,n,f,7.28
15878,p,g,f,12.24
15879,e,n,f,6.4
15880,e,n,t,3.61
15881,p,k,f,6.19
15882,e,n,f,11.69
15883,p,y,f,10.27
15884,e,y,f,7.46
15885,p,n,f,6.26
15886,e,y,f,3.56
15887,e,w,f,4.0
15888,p,o,f,3.39
15889,p,n,f,5.64
15890,p,e,f,7.29
15891,p,e,f,3.73
15892,e,n,t,10.3
15893,e,w,f,6.12
15894,p,n,f,4.66
15895,e,n,f,5.21
15896,p,n,f,2.02
15897,e,n,f,6.2
15898,p,n,f,10.07
15899,p,n,f,4.92
15900,p,o,f,3.46
15901,p,n,f,3.26
15902,e,n,f,5.78
15903,p,n,f,4.09
15904,e,n,f,7.63
15905,p,n,t,5.17
15906,p,y,f,4.75
15907,p,g,f,5.2
15908,p,p,f,3.89
15909,p,n,t,6.19
15910,e,l,f,8.25
15911,p,n,f,11.95
15912,e,n,f,6.33
15913,e,w,f,5.88
15914,e,u,f,8.74
15915,p,y,f,1.98
15916,p,n,f,3.58
15917,p,g,t,4.27
15918,p,e,f,7.59
15919,e,w,f,3.51
15920,e,o,f,6.59
15921,p,n,f,5.99
15922,p,n,f,2.52
15923,p,n,t,6.71
15924,e,n,t,12.65
15925,e,n,f,5.51
15926,p,n,t,8.33
15927,e,y,f,6.01
15928,e,n,t,8.13
15929,p,p,t,7.52
15930,p,r,f,5.4
15931,e,y,f,6.71
15932,p,n,f,5.25
15933,p,w,f,4.34
15934,p,b,f,3.5
15935,e,g,f,8.66
15936,p,y,f,7.84
15937,e,y,t,5.71
15938,e,n,f,6.19
15939,e,u,f,3.49
15940,e,n,t,11.72
15941,e,n,f,7.0
15942,p,y,f,4.72
15943,p,y,f,3.19
15944,e,n,t,7.77
15945,p,e,t,6.28
15946,p,n,f,5.75
15947,e,w,f,4.12
15948,p,n,f,5.79
15949,e,w,f,8.69
15950,p,y,f,9.24
15951,p,g,t,5.46
15952,p,y,f,3.67
15953,p,n,f,6.9
15954,e,e,t,4.73
15955,p,n,f,9.62
15956,p,w,f,3.54
15957,e,w,f,2.28
15958,e,n,f,5.37
15959,p,e,f,6.31
15960,p,n,f,7.41
15961,e,p,t,5.26
15962,p,g,f,3.01
15963,e,n,f,8.52
15964,e,n,t,7.23
15965,p,n,f,3.58
15966,p,y,f,8.07
15967,p,g,f,10.68
15968,p,u,f,4.54
15969,e,w,f,3.32
15970,e,g,f,5.68
15971,p,e,f,3.28
15972,e,n,f,4.83
15973,e,y,f,7.61
15974,p,n,t,9.96
15975,e,n,f,4.16
15976,e,n,f,6.24
15977,p,p,t,8.61
15978,p,y,t,4.15
15979,p,e,f,3.68
15980,e,n,f,4.76
15981,e,w,f,2.89
15982,e,y,f,4.41
15983,e,n,t,9.21
15984,e,y,f,5.61
15985,p,w,f,2.89
15986,e,w,f,4.83
15987,p,r,t,5.38
15988,p,y,f,6.46
15989,e,n,f,6.0
15990,p,g,f,6.18
15991,p,g,f,7.92
15992,p,w,t,8.27
15993,e,n,f,6.16
15994,e,p,f,4.4
15995,p,o,f,3.31
15996,e,e,f,7.29
15997,p,n,f,7.37
15998,p,n,f,5.4
15999,p,r,f,1.1
16000,p,o,f,2.65
16001,p,n,f,4.68
16002,p,n,f,4.71
16003,e,g,f,5.15
16004,e,n,f,3.72
16005,e,n,f,4.72
16006,e,n,f,6.36
16007,p,y,f,5.62
16008,e,g,f,9.51
16009,p,w,f,3.88
16010,p,n,f,7.4
16011,e,n,t,9.78
16012,e,n,f,4.92
16013,p,w,f,10.06
16014,p,e,f,2.86
16015,p,y,f,6.77
16016,e,n,t,12.07
16017,e,n,t,7.84
16018,p,n,f,8.08
16019,e,n,f,6.61
16020,p,n,f,6.62
16021,e,n,f,4.52
16022,e,n,f,7.08
16023,e,w,f,4.34
16024,p,y,f,6.62
16025,p,n,f,5.68
16026,p,n,t,3.63
16027,p,g,f,2.89
16028,p,n,f,8.08
16029,e,n,t,9.72
16030,p,e,f,4.95
16031,e,n,f,5.89
16032,p,y,t,5.49
16033,e,g,f,6.13
16034,e,u,f,7.61
16035,e,n,f,5.75
16036,p,n,f,3.53
16037,p,w,t,7.63
16038,e,o,f,5.94
16039,p,n,t,6.18
16040,p,l,f,4.87
16041,p,w,f,3.12
16042,p,n,f,6.59
16043,p,n,f,11.51
16044,p,n,f,5.3
16045,p,e,f,6.7
16046,e,n,f,5.61
16047,e,w,f,5.89
16048,e,b,f,4.68
16049,p,n,f,7.95
16050,p,n,t,5.02
16051,p,n,f,5.3
16052,e,u,f,5.78
16053,p,e,f,6.59
16054,e,w,f,4.92
16055,p,y,f,1.78
16056,p,n,f,10.88
16057,e,n,t,9.96
16058,p,y,f,3.24
16059,p,e,f,18.06
16060,e,n,f,4.84
16061,p,n,f,6.35
16062,e,w,f,7.6
16063,p,u,t,7.56
16064,e,w,f,17.16
16065,e,w,f,5.47
16066,e,e,t,6.13
16067,e,y,f,8.05
16068,e,n,f,7.5
16069,e,n,f,3.71
16070,p,e,f,7.37
16071,e,y,t,5.77
16072,p,n,f,4.68
16073,e,n,f,6.76
16074,e,n,t,9.36
16075,e,n,t,11.35
16076,p,w,f,4.32
16077,e,n,f,5.24
16078,e,n,f,5.43
16079,p,y,f,3.17
16080,p,y,f,6.33
16081,e,w,f,17.69
16082,e,n,f,5.87
16083,e,n,f,7.23
16084,p,n,f,10.8
16085,p,n,f,6.31
16086,e,y,t,7.28
16087,p,w,f,12.4
16088,p,y,f,5.65
16089,p,n,f,5.74
16090,p,p,f,4.72
16091,p,n,f,5.28
16092,p,y,f,6.01
16093,p,n,f,4.93
16094,p,n,f,6.2
16095,e,w,f,3.95
16096,e,n,f,4.69
16097,e,n,f,5.27
16098,p,n,f,1.41
16099,e,b,f,7.05
16100,p,n,f,13.78
16101,p,n,f,5.58
16102,e,n,f,5.91
16103,e,n,f,5.12
16104,p,y,f,4.99
16105,p,w,f,3.01
16106,p,o,f,4.86
16107,e,g,f,10.2
16108,p,e,f,17.24
16109,p,n,t,9.75
16110,p,n,f,11.44
16111,p,n,f,3.86
16112,e,w,f,8.61
16113,p,w,f,4.16
16114,e,g,f,8.87
16115,p,e,f,3.17
16116,e,n,t,11.14
16117,p,g,f,6.05
16118,e,n,t,8.8
16119,e,n,f,5.49
16120,e,n,f,11.01
16121,e,e,f,6.27
16122,p,n,f,6.02
16123,p,y,f,6.19
16124,e,n,t,8.23
16125,e,n,f,11.68
16126,p,r,t,6.34
16127,p,o,f,2.85
16128,e,n,f,6.06
16129,p,n,f,11.45
16130,e,w,f,3.23
16131,p,w,f,2.89
16132,e,w,f,5.73
16133,p,n,f,8.21
16134,p,k,t,4.62
16135,p,n,t,3.53
16136,e,n,t,8.9
16137,p,n,t,4.48
16138,e,g,f,4.76
16139,e,n,f,7.62
16140,e,g,f,3.1
16141,e,w,t,6.54
16142,p,o,f,3.09
16143,p,n,f,5.06
16144,e,y,f,7.04
16145,e,n,f,7.53
16146,e,n,f,5.37
16147,p,w,f,8.17
16148,e,g,t,11.02
16149,p,y,f,6.16
16150,p,n,f,10.5
16151,p,y,f,6.78
16152,e,n,f,12.21
16153,e,r,f,6.33
16154,e,n,f,5.09
16155,p,g,f,11.19
16156,e,g,f,4.76
16157,p,n,t,3.21
16158,e,n,f,5.42
16159,e,n,t,9.9
16160,p,n,f,4.68
16161,e,y,f,7.46
16162,p,n,f,5.13
16163,e,p,f,3.87
16164,e,y,f,15.02
16165,e,w,f,5.32
16166,e,n,t,8.11
16167,e,n,f,5.87
16168,p,g,f,8.44
16169,e,p,t,6.24
16170,p,n,f,12.14
16171,e,y,f,3.36
16172,e,b,f,5.93
16173,e,n,f,6.58
16174,p,n,t,5.49
16175,e,n,f,6.09
16176,e,n,f,5.21
16177,p,w,f,2.79
16178,e,b,f,4.93
16179,p,n,f,5.22
16180,e,y,f,7.01
16181,p,y,f,8.01
16182,p,o,f,3.04
16183,p,n,f,4.8
16184,p,o,f,16.28
16185,p,w,t,7.68
16186,p,g,f,6.11
16187,p,n,f,5.32
16188,p,n,f,3.65
16189,p,y,f,7.81
16190,p,y,t,5.71
16191,e,b,f,6.11
16192,e,n,f,5.19
16193,e,n,f,6.98
16194,p,n,f,6.28
16195,e,n,f,8.14
16196,p,g,t,5.58
16197,p,n,t,5.64
16198,p,r,f,10.8
16199,e,n,f,6.58
16200,p,o,f,5.4
16201,p,n,f,4.92
16202,e,u,f,6.23
16203,e,y,f,3.42
16204,p,n,f,3.8
16205,p,y,f,5.88
16206,p,n,f,4.39
16207,e,g,f,4.94
16208,p,n,f,6.51
16209,p,n,f,11.22
16210,p,y,f,4.94
16211,e,n,f,7.96
16212,e,w,t,5.83
16213,p,e,f,8.26
16214,p,r,f,11.3
16215,p,g,f,5.04
16216,p,b,f,4.82
16217,p,n,f,5.94
16218,e,w,f,6.47
16219,p,w,f,2.56
16220,p,n,f,5.88
16221,e,o,f,6.07
16222,e,n,f,7.89
16223,p,g,f,11.13
16224,e,w,f,3.52
16225,p,y,f,2.8
16226,p,y,f,3.28
16227,p,n,f,6.21
16228,e,n,f,6.58
16229,p,y,f,2.96
16230,p,n,f,8.8
16231,p,n,f,8.87
16232,e,g,f,6.01
16233,p,o,f,3.53
16234,p,p,t,7.31
16235,e,n,f,5.86
16236,e,e,t,6.97
16237,e,l,f,7.82
16238,e,w,f,4.66
16239,e,o,f,4.49
16240,p,o,f,16.78
16241,p,y,f,9.65
16242,p,n,f,4.12
16243,e,n,f,5.39
16244,p,n,f,3.6
16245,p,e,f,5.96
16246,e,w,t,6.26
16247,p,n,f,5.43
16248,p,n,f,6.46
16249,e,n,f,4.44
16250,e,n,f,4.61
16251,e,n,t,8.79
16252,p,e,f,5.59
16253,p,o,f,6.11
16254,p,e,f,2.38
16255,p,r,f,11.23
16256,p,n,f,4.54
16257,p,p,f,3.84
16258,e,n,f,4.73
16259,p,w,f,6.69
16260,p,n,f,6.06
16261,p,r,f,5.01
16262,p,u,f,7.28
16263,e,o,t,6.03
16264,e,w,t,6.26
16265,e,y,f,7.1
16266,p,n,f,5.61
16267,e,n,f,5.96
16268,e,n,f,5.58
16269,p,w,f,11.78
16270,p,n,f,6.4
16271,p,n,f,4.22
16272,e,n,f,6.75
16273,p,n,f,4.64
16274,p,p,f,4.26
16275,p,o,f,4.89
16276,e,n,f,5.82
16277,p,w,f,11.0
16278,e,n,t,10.56
16279,e,p,t,5.06
16280,e,g,f,7.11
16281,e,g,f,8.55
16282,p,n,f,10.34
16283,e,w,f,6.6
16284,p,n,f,6.34
16285,e,w,f,5.89
16286,e,w,t,19.23
16287,p,o,t,5.1
16288,p,g,f,5.14
16289,e,n,t,7.58
16290,p,b,f,4.98
16291,p,e,f,5.77
16292,p,n,t,6.09
16293,e,n,f,6.76
16294,p,r,f,10.59
16295,p,y,f,3.21
16296,e,y,f,6.51
16297,e,n,t,5.65
16298,e,n,f,5.4
16299,p,y,f,5.9
16300,p,n,f,5.08
16301,p,y,f,3.56
16302,e,n,f,4.73
16303,e,n,f,5.18
16304,e,n,t,8.42
16305,e,k,f,4.94
16306,p,n,t,4.55
16307,e,n,f,5.91
16308,p,w,f,3.71
16309,p,w,f,3.68
16310,e,g,f,4.2
16311,p,g,f,3.93
16312,p,n,t,8.74
16313,p,o,f,3.53
16314,e,n,f,4.79
16315,p,n,t,6.35
16316,e,n,f,4.98
16317,e,n,f,8.52
16318,e,n,f,5.71
16319,p,w,f,5.91
16320,e,n,f,8.36
16321,p,e,f,6.65
16322,e,n,f,14.13
16323,p,y,f,1.95
16324,p,y,f,9.0
16325,p,n,f,5.44
16326,e,n,f,4.93
16327,p,y,f,5.29
16328,p,o,t,4.07
16329,p,w,f,2.83
16330,e,n,f,8.87
16331,p,r,f,6.04
16332,p,e,t,5.6
16333,e,y,f,6.23
16334,p,y,f,5.03
16335,e,w,f,5.26
16336,e,w,f,7.29
16337,p,e,f,7.83
16338,p,g,f,8.81
16339,p,e,f,7.99
16340,p,p,f,3.95
16341,p,n,f,5.32
16342,p,e,f,3.68
16343,p,w,f,12.76
16344,p,p,f,4.27
16345,p,g,f,5.21
16346,p,n,f,6.88
16347,p,n,f,5.17
16348,p,y,t,7.65
16349,e,n,f,7.71
16350,e,b,f,4.81
16351,e,w,f,4.37
16352,p,e,f,4.15
16353,e,p,f,4.96
16354,e,n,f,6.75
16355,p,n,f,5.29
16356,e,n,f,6.44
16357,e,w,f,5.12
16358,e,n,f,5.28
16359,e,n,t,5.34
16360,e,y,t,8.09
16361,e,n,f,4.11
16362,p,n,f,7.83
16363,e,l,f,7.64
16364,e,g,f,3.01
16365,p,n,f,5.66
16366,e,n,f,4.45
16367,p,w,f,4.48
16368,e,n,t,8.31
16369,p,n,t,4.99
16370,p,o,f,3.46
16371,p,p,f,5.73
16372,e,n,f,5.79
16373,p,w,f,3.84
16374,p,w,f,0.0
16375,p,r,f,6.95
16376,p,g,t,8.73
16377,p,n,t,7.83
16378,e,y,f,5.87
16379,e,l,f,2.68
16380,p,n,f,7.67
16381,p,n,f,4.03
16382,p,n,f,16.27
16383,e,y,f,8.1
16384,e,n,f,6.75
16385,e,n,f,6.03
16386,e,n,f,5.98
16387,e,k,f,3.7
16388,e,w,f,3.53
16389,e,n,f,7.34
16390,p,e,f,5.02
16391,p,n,t,6.58
16392,p,g,f,5.36
16393,p,n,t,5.54
16394,p,y,f,4.78
16395,e,o,f,7.81
16396,p,e,f,2.88
16397,p,o,t,5.03
16398,p,n,f,4.56
16399,p,n,f,9.05
16400,e,n,f,4.16
16401,p,n,f,10.29
16402,p,e,t,6.15
16403,e,n,f,4.56
16404,p,n,f,8.96
16405,e,y,t,8.34
16406,e,w,f,16.68
16407,p,g,t,8.77
16408,p,r,f,5.75
16409,p,g,f,8.98
16410,e,y,f,3.96
16411,p,w,t,7.07
16412,p,n,f,4.63
16413,p,r,f,6.27
16414,e,y,f,5.59
16415,p,n,f,10.65
16416,p,k,f,3.4
16417,p,n,f,9.44
16418,e,n,f,4.43
16419,e,n,f,5.68
16420,p,n,f,16.46
16421,p,n,f,6.12
16422,p,g,f,3.25
16423,p,w,f,12.97
16424,e,n,f,7.56
16425,e,n,f,5.45
16426,p,n,f,3.84
16427,p,w,f,3.61
16428,e,p,f,4.28
16429,p,e,f,4.32
16430,e,b,f,6.88
16431,e,b,f,6.52
16432,e,e,f,6.89
16433,e,n,t,9.06
16434,e,p,f,4.42
16435,p,l,f,5.78
16436,e,n,f,6.73
16437,e,n,t,8.6
16438,p,g,t,4.86
16439,p,n,f,6.84
16440,p,n,f,4.84
16441,e,n,f,6.46
16442,e,w,f,7.5
16443,e,g,f,5.32
16444,p,p,f,4.61
16445,p,n,f,8.57
16446,e,n,f,5.04
16447,e,y,f,6.15
16448,p,n,f,7.9
16449,e,l,f,8.15
16450,p,u,f,2.91
16451,e,n,f,8.13
16452,e,n,t,9.41
16453,p,r,f,10.54
16454,p,g,f,9.46
16455,p,g,t,4.66
16456,e,n,t,10.82
16457,p,w,t,7.98
16458,p,y,f,9.49
16459,p,n,f,6.28
16460,p,k,f,7.15
16461,p,n,f,10.07
16462,p,n,f,2.9
16463,e,k,f,5.91
16464,e,n,f,6.58
16465,p,k,f,3.81
16466,p,n,f,5.78
16467,e,n,f,6.21
16468,p,p,f,4.23
16469,p,o,f,4.66
16470,p,n,f,5.95
16471,p,p,t,6.66
16472,p,y,f,7.29
16473,e,g,t,4.74
16474,e,n,t,10.53
16475,p,o,f,5.62
16476,e,u,f,4.45
16477,p,o,t,4.54
16478,p,n,f,10.03
16479,p,n,f,5.72
16480,p,n,f,3.12
16481,p,y,f,3.25
16482,e,g,f,4.76
16483,e,n,f,7.21
16484,e,g,f,4.6
16485,p,l,f,6.86
16486,p,n,f,5.2
16487,p,p,f,4.19
16488,e,u,f,4.94
16489,e,n,f,5.23
16490,p,n,f,7.46
16491,p,n,f,7.08
16492,p,o,f,5.75
16493,p,y,f,3.88
16494,p,w,f,9.79
16495,p,n,f,4.31
16496,e,g,f,2.79
16497,e,y,f,6.24
16498,e,b,f,5.21
16499,p,p,f,5.85
16500,e,n,t,5.22
16501,p,o,f,6.43
16502,p,n,f,8.37
16503,p,y,f,7.14
16504,e,y,f,6.36
16505,p,k,f,5.75
16506,e,w,f,2.3
16507,p,n,f,5.03
16508,e,g,f,4.98
16509,p,u,f,6.61
16510,e,n,f,5.43
16511,e,w,f,4.19
16512,p,g,f,4.9
16513,p,n,t,5.71
16514,e,n,f,6.34
16515,p,w,f,8.53
16516,p,l,f,6.31
16517,e,g,f,2.57
16518,p,e,f,13.9
16519,p,n,t,9.1
16520,p,p,f,4.04
16521,p,g,t,5.95
16522,p,y,f,4.77
16523,p,r,t,5.06
16524,e,n,f,4.91
16525,e,o,f,4.72
16526,p,w,f,14.74
16527,e,n,f,4.74
16528,p,y,f,3.82
16529,e,n,f,7.21
16530,e,o,f,6.29
16531,p,n,f,11.53
16532,p,w,f,5.99
16533,p,n,f,5.32
16534,e,n,f,6.46
16535,p,w,t,7.08
16536,p,b,f,4.55
16537,e,n,f,7.12
16538,p,y,f,5.24
16539,e,n,f,6.58
16540,e,y,f,5.72
16541,p,n,f,4.53
16542,p,o,f,7.31
16543,p,n,f,4.39
16544,e,n,f,5.44
16545,p,p,f,4.11
16546,e,n,f,15.13
16547,e,n,f,5.4
16548,p,w,f,3.43
16549,e,n,f,5.25
16550,e,y,f,8.18
16551,e,g,f,6.66
16552,e,g,f,7.18
16553,p,g,f,5.43
16554,p,k,t,5.62
16555,p,y,f,7.05
16556,p,n,t,9.5
16557,p,o,f,3.31
16558,e,w,t,8.24
16559,e,n,f,8.93
16560,p,n,f,8.14
16561,e,y,t,5.81
16562,p,n,f,7.76
16563,p,u,f,4.48
16564,e,n,f,5.59
16565,p,p,f,4.95
16566,e,g,f,8.58
16567,e,o,f,6.33
16568,p,o,f,5.29
16569,e,r,f,7.08
16570,p,e,f,4.55
16571,p,o,f,3.42
16572,e,n,f,6.12
16573,p,u,f,3.97
16574,p,k,f,5.26
16575,p,w,f,12.22
16576,p,y,f,6.1
16577,p,n,f,5.1
16578,p,l,f,5.92
16579,p,y,f,7.68
16580,e,w,f,18.25
16581,p,e,f,4.13
16582,e,w,t,5.28
16583,p,k,t,5.57
16584,p,r,t,4.75
16585,p,u,f,4.41
16586,p,n,f,5.79
16587,p,g,f,3.35
16588,p,g,f,10.95
16589,p,w,f,12.05
16590,p,u,t,7.32
16591,p,p,f,3.64
16592,e,w,f,2.21
16593,e,n,f,12.87
16594,e,n,f,5.36
16595,p,n,f,9.0
16596,p,o,f,1.6
16597,e,o,f,8.89
16598,p,y,f,6.66
16599,e,n,f,8.78
16600,p,g,t,9.12
16601,e,y,f,5.98
16602,p,n,f,1.5
16603,p,n,f,5.09
16604,e,n,f,4.51
16605,e,n,t,6.42
16606,p,y,f,9.84
16607,p,y,t,10.25
16608,e,n,t,9.31
16609,e,b,f,5.35
16610,p,n,f,8.16
16611,p,y,f,3.32
16612,e,y,t,7.1
16613,e,n,t,8.44
16614,p,o,f,3.54
16615,p,g,f,5.76
16616,e,n,f,5.28
16617,e,w,f,2.98
16618,p,p,f,5.25
16619,e,n,f,4.82
16620,p,n,f,4.37
16621,p,n,f,3.51
16622,p,e,f,3.64
16623,p,w,f,3.09
16624,p,g,f,4.97
16625,e,n,f,5.24
16626,p,n,t,4.63
16627,p,n,f,8.72
16628,p,o,f,3.96
16629,e,w,f,20.61
16630,p,o,f,10.83
16631,e,n,f,5.1
16632,e,n,t,10.84
16633,p,u,f,5.99
16634,e,y,f,5.94
16635,e,n,t,12.43
16636,p,y,f,8.84
16637,e,o,f,6.76
16638,e,n,f,6.61
16639,e,w,f,6.69
16640,p,w,f,8.04
16641,p,o,f,4.25
16642,p,n,f,7.72
16643,e,n,f,7.52
16644,e,w,f,3.41
16645,p,n,t,4.87
16646,e,g,f,2.17
16647,p,o,f,3.17
16648,e,p,f,4.73
16649,e,g,f,4.78
16650,p,w,f,3.44
16651,e,b,f,6.42
16652,p,w,f,9.39
16653,p,w,t,8.35
16654,p,w,f,3.42
16655,p,g,t,10.41
16656,e,n,t,7.61
16657,p,e,f,5.39
16658,e,n,f,5.32
16659,p,y,f,5.26
16660,p,n,f,6.03
16661,p,k,f,6.89
16662,p,o,t,7.53
16663,p,w,f,3.57
16664,p,e,f,7.62
16665,e,n,f,5.29
16666,e,n,f,4.75
16667,p,n,f,8.15
16668,e,w,t,6.18
16669,p,w,t,8.07
16670,p,n,t,5.49
16671,e,w,f,7.94
16672,e,n,f,30.47
16673,p,n,f,7.51
16674,e,n,f,4.61
16675,e,n,f,5.25
16676,e,b,f,7.71
16677,p,n,f,6.03
16678,e,u,f,4.98
16679,p,w,f,2.88
16680,p,y,f,7.0
16681,p,n,f,4.46
16682,p,r,f,11.18
16683,p,w,t,7.12
16684,p,e,f,4.39
16685,e,y,t,8.13
16686,p,n,f,5.42
16687,p,n,f,8.02
16688,e,n,f,8.15
16689,p,e,f,6.86
16690,e,l,f,2.59
16691,e,u,f,4.45
16692,p,w,f,3.44
16693,e,n,f,3.53
16694,p,e,t,5.84
16695,e,n,f,5.85
16696,p,g,f,3.34
16697,p,n,f,8.35
16698,p,n,f,7.94
16699,e,b,f,5.04
16700,e,y,f,5.65
16701,p,u,f,5.13
16702,p,w,f,12.07
16703,e,n,t,8.69
16704,p,w,f,4.89
16705,p,w,t,6.45
16706,e,n,f,5.58
16707,e,r,t,7.83
16708,p,r,f,1.45
16709,p,g,f,7.81
16710,e,n,t,6.03
16711,p,n,t,5.53
16712,p,n,f,5.06
16713,e,o,f,4.88
16714,e,n,f,5.84
16715,p,w,f,2.93
16716,e,l,f,7.03
16717,e,g,f,3.24
16718,p,n,f,5.24
16719,e,e,f,5.21
16720,p,y,f,3.39
16721,p,g,f,7.28
16722,p,n,f,5.9
16723,e,k,f,4.55
16724,p,e,f,6.58
16725,p,n,f,5.93
16726,e,n,f,7.09
16727,p,n,f,8.52
16728,e,g,f,8.2
16729,e,w,t,6.32
16730,e,n,f,4.82
16731,p,n,f,4.81
16732,p,y,f,4.79
16733,p,u,f,4.8
16734,e,r,t,5.18
16735,e,y,f,7.73
16736,e,n,f,4.82
16737,e,n,f,5.32
16738,e,n,f,5.99
16739,e,n,f,6.94
16740,p,n,f,7.87
16741,e,n,t,7.54
16742,e,u,t,4.82
16743,p,n,f,4.7
16744,e,g,f,4.7
16745,p,y,f,4.43
16746,e,y,f,7.2
16747,p,y,f,6.53
16748,e,w,f,2.73
16749,e,w,f,6.82
16750,e,y,t,7.2
16751,p,o,f,3.52
16752,p,n,t,5.99
16753,p,y,f,1.56
16754,p,n,f,5.14
16755,e,n,f,4.53
16756,p,o,f,16.87
16757,p,g,t,4.57
16758,e,n,t,8.84
16759,e,n,f,11.3
16760,e,o,t,5.77
16761,p,p,t,6.35
16762,e,n,f,4.79
16763,e,w,t,10.92
16764,e,n,f,4.75
16765,p,e,f,6.32
16766,p,n,f,11.47
16767,e,w,f,3.67
16768,p,o,f,17.97
16769,e,y,t,7.05
16770,p,n,f,6.1
16771,p,o,f,3.53
16772,e,b,f,5.17
16773,p,o,f,3.18
16774,e,b,f,5.78
16775,p,n,f,15.32
16776,p,n,f,8.89
16777,e,y,f,5.49
16778,e,n,f,6.2
16779,p,u,f,3.75
16780,e,g,t,10.75
16781,p,n,f,5.04
16782,e,n,f,5.99
16783,p,n,f,8.1
16784,e,g,f,2.38
16785,e,b,f,6.86
16786,p,w,f,2.68
16787,p,b,f,4.61
16788,e,u,f,6.33
16789,e,w,f,5.94
16790,p,n,f,8.66
16791,p,n,t,9.02
16792,p,e,f,6.13
16793,p,y,f,4.67
16794,p,w,t,7.81
16795,e,n,f,4.47
16796,p,y,f,6.89
16797,p,e,f,4.72
16798,p,n,f,5.78
16799,p,y,f,7.23
16800,p,o,f,5.4
16801,p,r,f,11.08
16802,p,e,f,5.62
16803,p,p,t,7.6
16804,e,b,f,7.65
16805,p,n,f,5.11
16806,p,e,f,8.2
16807,e,g,f,9.78
16808,p,n,t,9.25
16809,p,n,f,6.19
16810,e,n,f,7.03
16811,p,n,f,6.71
16812,e,n,f,5.62
16813,p,n,t,8.94
16814,e,w,f,22.33
16815,e,g,f,5.0
16816,p,y,f,5.56
16817,p,g,f,8.71
16818,p,e,t,5.68
16819,p,k,t,4.91
16820,p,n,t,6.29
16821,e,n,f,5.96
16822,e,n,f,5.2
16823,e,n,f,6.78
16824,e,w,f,5.7
16825,e,y,t,7.05
16826,e,g,f,4.46
16827,p,r,f,4.93
16828,p,n,f,9.99
16829,p,n,f,5.68
16830,p,n,f,5.25
16831,p,n,f,7.34
16832,p,n,f,5.93
16833,p,e,f,3.86
16834,e,g,f,7.73
16835,e,n,f,5.88
16836,e,n,f,5.24
16837,p,w,f,3.93
16838,p,w,f,4.22
16839,p,e,f,6.37
16840,e,n,f,8.21
16841,p,w,f,3.58
16842,p,n,f,3.61
16843,e,u,f,3.95
16844,p,o,f,5.47
16845,p,n,f,3.93
16846,e,n,f,13.42
16847,e,g,f,9.37
16848,p,n,f,5.9
16849,p,n,f,10.76
16850,p,k,f,9.26
16851,e,n,f,5.55
16852,p,y,f,5.59
16853,p,n,f,6.07
16854,p,w,f,5.67
16855,p,n,f,5.12
16856,e,w,f,24.94
16857,p,u,f,4.45
16858,p,n,f,5.54
16859,p,n,f,5.08
16860,e,n,f,8.27
16861,e,n,t,7.25
16862,e,k,f,6.31
16863,e,n,t,8.7
16864,p,w,f,13.86
16865,p,y,f,3.25
16866,e,n,f,4.47
16867,p,o,f,5.89
16868,p,p,f,4.68
16869,p,y,f,4.96
16870,e,b,f,5.48
16871,e,y,t,7.51
16872,p,n,f,7.15
16873,p,n,f,5.77
16874,p,n,f,10.65
16875,p,n,f,7.65
16876,e,n,f,4.49
16877,e,p,f,4.42
16878,p,e,f,8.83
16879,e,n,t,7.26
16880,e,n,f,7.82
16881,p,p,t,7.68
16882,p,n,f,16.32
16883,e,n,f,5.17
16884,p,y,f,10.22
16885,p,w,f,3.64
16886,p,n,f,8.49
16887,p,r,f,11.25
16888,e,p,t,6.21
16889,e,l,f,4.9
16890,e,n,f,6.4
16891,p,n,f,5.49
16892,p,w,t,9.24
16893,p,n,f,4.57
16894,p,n,t,6.9
16895,e,n,f,5.21
16896,e,w,f,3.63
16897,e,n,f,6.0
16898,p,w,f,3.92
16899,p,n,f,6.78
16900,e,n,f,5.31
16901,e,y,f,5.38
16902,p,e,t,5.66
16903,e,n,f,3.81
16904,p,n,f,11.95
16905,p,n,f,5.73
16906,e,o,f,6.59
16907,p,n,f,4.07
16908,p,r,t,5.63
16909,p,y,f,6.35
16910,e,n,f,5.57
16911,p,n,f,7.52
16912,p,o,f,6.14
16913,p,n,f,5.55
16914,p,u,f,6.36
16915,e,n,f,5.03
16916,p,e,f,3.89
16917,p,y,f,6.34
16918,e,w,f,6.74
16919,e,n,t,6.65
16920,e,n,f,5.69
16921,e,n,f,5.68
16922,p,e,t,5.76
16923,e,g,f,3.27
16924,p,y,f,5.33
16925,e,w,f,5.95
16926,e,n,f,4.96
16927,p,n,t,7.34
16928,p,w,t,7.03
16929,e,n,f,5.58
16930,e,n,f,7.61
16931,e,n,t,8.69
16932,e,y,f,6.28
16933,p,w,f,3.16
16934,p,y,f,7.2
16935,p,u,f,5.94
16936,p,n,f,8.65
16937,p,n,f,3.86
16938,p,e,f,4.05
16939,p,g,f,11.34
16940,p,y,f,5.56
16941,e,w,f,3.32
16942,p,o,f,15.27
16943,p,n,f,10.48
16944,p,n,f,8.75
16945,p,r,f,6.28
16946,e,g,f,6.73
16947,p,p,t,8.36
16948,p,o,f,4.69
16949,p,o,f,2.76
16950,e,n,f,3.92
16951,p,n,f,5.55
16952,p,w,f,3.32
16953,p,n,f,3.56
16954,e,n,f,6.17
16955,p,e,f,4.46
16956,p,n,f,8.01
16957,p,n,f,4.92
16958,p,n,f,11.22
16959,p,l,f,4.24
16960,p,e,f,4.42
16961,e,n,f,5.16
16962,e,y,f,3.35
16963,p,w,t,7.99
16964,e,w,f,6.24
16965,p,u,f,3.66
16966,p,o,f,3.08
16967,e,n,f,4.6
16968,e,g,f,5.16
16969,p,r,t,5.3
16970,e,n,f,4.55
16971,e,n,f,5.86
16972,e,n,f,24.2
16973,e,g,f,8.38
16974,e,y,f,3.45
16975,e,n,f,4.07
16976,p,p,t,6.62
16977,p,n,f,9.07
16978,p,y,f,2.04
16979,p,n,t,3.93
16980,p,y,f,10.37
16981,p,p,f,4.27
16982,p,g,f,5.62
16983,p,e,f,7.92
16984,p,y,f,4.81
16985,e,n,f,4.85
16986,e,n,f,5.91
16987,e,n,f,3.63
16988,p,g,f,5.28
16989,p,n,f,5.11
16990,p,n,f,7.03
16991,e,u,f,3.7
16992,p,n,t,8.08
16993,p,n,t,8.13
16994,p,n,f,5.38
16995,e,n,f,6.28
16996,p,e,f,17.11
16997,p,n,f,2.97
16998,p,w,f,3.55
16999,e,n,f,6.23
17000,p,y,t,9.04
17001,p,e,f,6.86
17002,p,p,f,4.23
17003,e,n,f,5.67
17004,p,n,f,10.55
17005,e,n,f,6.31
17006,p,y,f,5.81
17007,p,n,f,5.25
17008,p,n,f,6.66
17009,e,n,f,5.22
17010,p,n,f,8.95
17011,p,e,f,6.73
17012,p,n,t,7.29
17013,e,l,f,2.57
17014,p,o,f,5.39
17015,p,n,f,4.56
17016,e,y,f,7.0
17017,p,w,t,3.78
17018,e,n,f,6.52
17019,p,p,f,5.14
17020,p,o,f,17.74
17021,p,r,f,11.53
17022,p,y,f,3.56
17023,p,r,f,10.88
17024,p,g,f,10.88
17025,e,b,f,7.02
17026,p,n,t,7.84
17027,p,r,t,5.72
17028,p,y,f,1.4
17029,p,g,f,2.58
17030,p,w,f,2.89
17031,p,p,f,3.83
17032,e,n,f,5.46
17033,e,n,f,4.37
17034,p,k,t,4.66
17035,p,w,t,8.22
17036,p,e,f,4.23
17037,p,n,f,5.79
17038,p,n,f,13.67
17039,e,n,f,5.15
17040,p,n,f,3.74
17041,p,n,f,11.53
17042,e,o,f,6.03
17043,p,n,t,8.01
17044,p,y,t,4.27
17045,p,g,f,5.43
17046,p,n,f,5.89
17047,e,n,f,5.16
17048,p,n,f,4.31
17049,p,n,f,4.34
17050,e,n,f,8.21
17051,p,u,f,3.65
17052,e,y,f,6.52
17053,p,n,f,4.59
17054,e,n,f,7.11
17055,e,y,f,6.79
17056,e,u,f,3.8
17057,p,n,t,3.58
17058,p,y,f,6.77
17059,p,y,f,7.85
17060,e,y,t,6.92
17061,p,n,f,6.34
17062,p,n,f,8.98
17063,p,n,f,4.67
17064,e,n,f,5.44
17065,e,n,t,9.49
17066,p,n,f,6.29
17067,p,y,f,4.64
17068,e,e,t,5.83
17069,p,y,f,3.71
17070,p,o,t,3.97
17071,e,n,f,9.03
17072,p,p,t,8.69
17073,p,n,f,7.45
17074,e,y,f,6.17
17075,e,e,f,4.71
17076,p,o,t,2.99
17077,e,g,f,7.37
17078,p,n,f,6.5
17079,p,g,f,10.8
17080,e,n,f,5.37
17081,e,n,f,6.59
17082,e,y,f,3.42
17083,p,n,f,5.62
17084,p,n,f,8.31
17085,p,w,f,3.14
17086,e,y,f,6.02
17087,p,g,f,2.54
17088,e,n,f,5.72
17089,p,g,f,5.47
17090,e,y,f,6.25
17091,e,g,f,6.21
17092,e,y,f,8.31
17093,p,n,f,8.6
17094,p,o,t,4.47
17095,p,y,f,4.83
17096,p,n,t,10.56
17097,p,e,f,3.8
17098,e,n,f,5.18
17099,p,g,f,9.06
17100,p,g,f,7.35
17101,p,n,t,8.66
17102,p,n,f,5.22
17103,p,n,f,4.94
17104,e,n,f,6.0
17105,p,n,f,6.5
17106,e,n,f,6.45
17107,e,y,f,6.01
17108,e,n,f,6.35
17109,e,n,t,5.36
17110,p,y,f,7.08
17111,e,n,f,5.77
17112,e,y,f,6.83
17113,e,n,t,7.65
17114,p,n,f,6.25
17115,p,g,f,5.09
17116,p,y,f,3.19
17117,p,n,f,12.23
17118,p,r,t,4.94
17119,p,n,f,11.04
17120,p,g,f,5.27
17121,e,o,f,5.64
17122,p,w,f,7.96
17123,p,l,f,5.89
17124,e,n,t,7.27
17125,e,n,f,4.48
17126,e,n,f,7.97
17127,e,b,f,4.92
17128,e,e,f,4.63
17129,e,n,f,4.67
17130,p,o,f,5.19
17131,p,l,f,6.03
17132,p,y,f,5.35
17133,e,b,f,6.61
17134,p,r,t,4.51
17135,p,e,t,7.48
17136,p,n,f,8.2
17137,e,y,f,7.38
17138,p,w,f,2.86
17139,e,g,f,5.21
17140,e,n,f,4.84
17141,p,p,t,7.52
17142,p,n,f,5.73
17143,p,o,f,6.16
17144,p,n,f,8.45
17145,e,y,f,4.86
17146,e,n,f,5.59
17147,p,y,f,5.23
17148,p,n,f,8.4
17149,e,n,f,6.37
17150,p,l,f,3.5
17151,e,p,t,4.62
17152,p,w,t,6.82
17153,p,n,f,7.75
17154,p,w,f,3.48
17155,e,n,f,6.05
17156,p,n,f,3.23
17157,p,n,f,3.75
17158,e,g,t,12.09
17159,e,y,f,6.77
17160,e,w,f,5.61
17161,p,o,f,3.99
17162,p,n,f,8.44
17163,p,n,f,5.31
17164,e,n,f,5.19
17165,e,w,t,10.46
17166,e,g,f,4.77
17167,e,n,f,6.09
17168,p,y,f,4.64
17169,e,n,f,4.43
17170,p,g,f,9.08
17171,p,w,t,9.48
17172,p,n,f,5.82
17173,e,n,f,6.24
17174,e,g,f,4.37
17175,p,n,f,4.28
17176,p,n,f,6.06
17177,p,n,f,14.41
17178,p,y,f,4.87
17179,e,n,f,6.66
17180,e,n,f,6.11
17181,p,e,f,18.05
17182,p,y,f,5.55
17183,e,g,f,6.54
17184,p,w,f,9.44
17185,p,p,f,4.96
17186,p,e,f,6.36
17187,e,n,f,4.94
17188,e,w,f,5.07
17189,e,n,f,4.42
17190,p,n,t,7.52
17191,e,r,f,7.75
17192,p,l,f,5.82
17193,p,k,f,3.9
17194,e,n,f,3.95
17195,p,n,f,5.21
17196,p,r,f,4.67
17197,e,y,f,6.0
17198,e,y,f,7.09
17199,e,n,f,5.72
17200,e,w,f,7.03
17201,e,w,t,5.63
17202,e,l,f,7.68
17203,p,n,f,10.84
17204,p,n,f,5.47
17205,p,n,f,6.53
17206,p,k,f,9.1
17207,e,k,f,4.08
17208,p,g,f,5.14
17209,p,n,f,9.44
17210,e,n,f,5.84
17211,e,y,f,5.97
17212,p,g,f,8.47
17213,p,g,f,2.86
17214,p,y,f,8.44
17215,p,w,f,12.43
17216,e,w,f,4.71
17217,p,n,f,6.0
17218,p,r,f,3.86
17219,p,o,f,6.18
17220,p,y,f,6.89
17221,p,r,f,10.87
17222,p,o,f,3.29
17223,p,n,f,11.69
17224,e,k,f,4.66
17225,e,n,f,5.84
17226,e,n,f,6.16
17227,e,o,f,5.9
17228,p,w,f,4.38
17229,e,g,f,5.18
17230,p,g,f,8.68
17231,p,n,t,5.21
17232,p,y,t,5.71
17233,e,n,f,5.28
17234,p,n,f,7.01
17235,p,g,t,6.08
17236,e,y,f,7.39
17237,e,w,f,16.27
17238,p,n,f,4.92
17239,e,b,f,6.19
17240,p,y,f,9.18
17241,p,w,f,12.13
17242,p,n,f,6.7
17243,e,p,f,5.11
17244,e,n,f,6.46
17245,e,w,f,3.51
17246,p,n,f,3.31
17247,p,n,t,9.11
17248,p,o,f,16.65
17249,p,y,f,5.37
17250,p,o,f,3.91
17251,p,w,f,7.31
17252,p,n,f,10.57
17253,p,y,f,9.18
17254,p,g,f,4.56
17255,p,k,f,9.1
17256,e,y,f,7.06
17257,p,y,f,3.99
17258,p,w,f,4.37
17259,e,w,t,5.62
17260,e,w,f,17.96
17261,e,w,f,5.69
17262,p,r,t,5.76
17263,e,n,f,9.16
17264,e,w,f,19.27
17265,p,n,f,5.43
17266,e,e,f,6.09
17267,e,n,f,5.61
17268,p,n,f,5.16
17269,e,g,f,4.27
17270,p,n,t,6.38
17271,e,e,f,3.74
17272,p,p,f,4.49
17273,p,n,f,6.07
17274,e,n,f,8.14
17275,p,r,t,4.81
17276,p,n,f,7.83
17277,p,o,f,3.35
17278,e,w,f,3.7
17279,p,e,f,7.78
17280,e,n,f,5.53
17281,p,n,f,7.26
17282,p,y,f,6.43
17283,p,o,t,3.04
17284,e,n,f,5.88
17285,p,n,f,6.77
17286,e,w,t,6.46
17287,p,n,f,5.54
17288,e,w,f,3.62
17289,p,r,f,1.54
17290,p,e,f,3.7
17291,e,o,t,7.13
17292,p,n,f,9.78
17293,e,p,f,6.16
17294,p,n,t,8.78
17295,e,y,f,4.88
17296,p,p,t,8.51
17297,p,r,f,10.86
17298,p,e,f,13.01
17299,p,n,f,8.2
17300,p,g,f,11.27
17301,e,w,f,4.67
17302,p,o,f,6.02
17303,e,p,f,4.72
17304,p,o,f,9.17
17305,p,u,f,4.78
17306,p,n,f,8.45
17307,p,y,f,5.89
17308,p,e,f,5.89
17309,p,n,f,3.98
17310,e,n,f,12.0
17311,p,y,f,5.01
17312,e,n,f,7.89
17313,e,y,f,5.46
17314,p,n,f,3.25
17315,e,n,t,11.22
17316,p,y,f,5.45
17317,p,o,t,3.74
17318,p,l,f,4.96
17319,p,w,f,4.15
17320,e,n,t,8.1
17321,e,n,f,4.85
17322,e,w,f,7.04
17323,p,n,f,8.11
17324,p,e,t,5.94
17325,e,w,f,19.07
17326,e,w,f,6.91
17327,e,g,f,4.91
17328,p,n,f,6.07
17329,e,n,f,4.31
17330,e,n,f,4.84
17331,p,y,f,6.01
17332,p,n,f,5.87
17333,e,n,t,8.34
17334,e,n,t,10.56
17335,p,n,f,5.22
17336,p,y,f,8.42
17337,p,w,t,6.67
17338,p,n,f,10.97
17339,e,n,f,7.67
17340,e,g,f,4.74
17341,e,n,f,7.08
17342,p,u,f,6.0
17343,e,w,f,3.67
17344,e,n,f,6.15
17345,e,w,f,7.98
17346,p,w,f,2.77
17347,p,o,f,3.69
17348,e,y,f,6.67
17349,p,n,t,8.16
17350,p,n,f,11.34
17351,e,n,t,7.61
17352,e,n,f,6.31
17353,e,b,f,5.23
17354,e,w,t,5.24
17355,e,g,f,3.42
17356,e,y,f,5.78
17357,e,n,f,6.23
17358,p,y,f,5.93
17359,e,b,f,6.81
17360,e,n,t,12.23
17361,e,n,f,5.11
17362,p,n,f,5.12
17363,e,n,t,12.19
17364,p,y,f,6.14
17365,e,n,f,7.15
17366,e,n,f,5.98
17367,e,n,f,5.55
17368,p,r,t,5.7
17369,e,u,f,4.15
17370,e,n,f,5.88
17371,p,e,f,6.03
17372,e,n,t,4.45
17373,e,n,f,6.58
17374,p,k,t,4.79
17375,e,y,f,7.8
17376,e,g,f,4.6
17377,p,n,t,4.85
17378,e,w,f,5.63
17379,p,l,f,7.05
17380,e,e,f,7.1
17381,e,n,t,10.91
17382,e,n,f,6.42
17383,p,y,f,3.27
17384,e,b,f,5.52
17385,p,n,f,4.64
17386,p,w,f,9.76
17387,e,n,t,6.73
17388,p,n,f,6.08
17389,e,n,f,5.29
17390,e,e,t,7.02
17391,e,n,t,5.72
17392,e,n,f,12.29
17393,e,n,f,5.0
17394,p,w,f,8.44
17395,p,n,f,11.78
17396,p,o,t,5.99
17397,e,g,f,4.9
17398,e,w,t,5.5
17399,e,k,f,6.21
17400,e,b,f,5.96
17401,p,w,t,7.76
17402,p,n,f,10.41
17403,p,n,f,4.83
17404,p,r,t,4.73
17405,p,n,f,10.25
17406,p,p,t,8.41
17407,e,n,f,6.18
17408,p,e,t,6.31
17409,p,o,f,5.01
17410,e,k,f,5.22
17411,e,y,f,8.49
17412,e,r,f,5.77
17413,p,k,f,3.62
17414,e,w,f,8.33
17415,p,e,t,5.65
17416,e,n,f,6.49
17417,p,o,f,9.05
17418,e,e,t,5.35
17419,p,e,t,5.48
17420,p,e,f,3.62
17421,e,w,f,3.45
17422,p,y,t,8.48
17423,p,n,f,6.13
17424,p,n,f,5.76
17425,p,g,f,12.35
17426,p,w,f,12.51
17427,e,b,f,4.81
17428,e,n,f,7.33
17429,p,e,f,6.05
17430,e,n,f,6.11
17431,e,u,t,4.24
17432,p,n,f,10.42
17433,p,n,f,4.22
17434,e,n,f,13.32
17435,e,e,f,6.15
17436,p,n,t,9.59
17437,e,b,f,6.58
17438,p,n,f,7.72
17439,e,g,f,6.09
17440,e,o,f,4.38
17441,e,w,f,3.52
17442,p,g,t,4.89
17443,p,y,f,3.29
17444,p,g,t,4.69
17445,e,b,f,4.93
17446,p,n,t,5.26
17447,e,y,f,3.85
17448,e,p,f,4.39
17449,e,n,f,6.2
17450,p,y,f,2.1
17451,p,u,t,8.52
17452,p,w,f,3.31
17453,p,n,f,4.29
17454,e,b,f,5.11
17455,p,e,f,2.95
17456,p,n,f,4.64
17457,p,y,f,6.4
17458,p,n,f,4.61
17459,e,n,f,4.91
17460,p,p,t,7.83
17461,e,n,t,7.48
17462,p,y,f,7.24
17463,e,y,f,7.42
17464,p,r,t,5.73
17465,e,w,t,6.72
17466,p,n,f,3.69
17467,e,n,t,9.2
17468,p,g,f,2.94
17469,e,n,f,4.58
17470,p,e,f,5.67
17471,p,y,f,10.16
17472,e,n,f,4.53
17473,e,n,f,5.92
17474,e,b,f,6.15
17475,p,n,f,5.3
17476,e,w,f,20.01
17477,e,k,f,3.86
17478,e,y,t,8.06
17479,p,e,f,4.51
17480,e,w,f,17.79
17481,p,e,f,2.74
17482,e,n,t,6.0
17483,p,e,f,4.07
17484,e,y,f,6.42
17485,p,e,f,8.43
17486,e,n,t,3.92
17487,p,n,f,5.4
17488,e,n,f,7.33
17489,p,g,f,5.51
17490,p,g,f,7.13
17491,p,w,f,3.27
17492,e,e,t,6.85
17493,p,n,f,6.7
17494,e,n,f,6.89
17495,e,o,f,2.62
17496,p,u,f,5.39
17497,p,n,f,4.63
17498,e,n,f,4.8
17499,e,w,f,5.14
17500,p,w,f,11.96
17501,p,n,f,7.0
17502,e,n,t,8.01
17503,p,o,f,3.45
17504,e,b,f,5.42
17505,p,n,f,10.93
17506,p,k,f,2.85
17507,p,n,f,7.13
17508,p,w,t,7.52
17509,e,y,f,6.79
17510,e,p,t,5.33
17511,p,n,f,8.05
17512,p,w,f,3.73
17513,p,w,f,8.16
17514,e,y,f,4.26
17515,p,r,t,4.58
17516,p,r,t,5.24
17517,e,e,t,5.24
17518,p,k,f,3.76
17519,e,e,f,8.06
17520,p,y,f,12.29
17521,p,w,t,7.49
17522,e,n,f,4.07
17523,p,l,f,6.06
17524,e,w,f,7.98
17525,p,n,f,4.31
17526,e,n,f,5.46
17527,p,o,f,5.95
17528,p,w,f,2.96
17529,p,p,t,7.95
17530,p,n,f,10.42
17531,e,n,f,12.98
17532,p,y,f,6.23
17533,e,w,f,3.44
17534,p,y,f,3.76
17535,p,p,f,4.54
17536,e,n,f,5.72
17537,p,w,f,5.59
17538,p,n,f,4.53
17539,p,w,f,8.4
17540,e,n,t,9.41
17541,e,g,f,5.01
17542,e,n,t,6.87
17543,e,n,f,4.87
17544,p,n,f,9.22
17545,e,n,f,6.72
17546,p,n,f,4.99
17547,p,n,f,3.86
17548,e,o,f,5.21
17549,e,n,t,7.54
17550,p,n,f,5.75
17551,e,n,f,4.82
17552,p,n,f,4.11
17553,e,n,t,10.13
17554,e,e,t,4.63
17555,p,n,f,5.05
17556,e,n,f,6.3
17557,p,n,f,9.87
17558,e,n,f,5.68
17559,e,n,f,4.78
17560,p,u,f,6.28
17561,e,y,t,8.36
17562,p,n,f,8.16
17563,e,g,f,5.49
17564,p,n,t,3.9
17565,p,e,f,4.88
17566,p,n,f,12.51
17567,p,o,f,4.49
17568,e,n,t,9.1
17569,e,n,f,4.99
17570,p,p,t,8.67
17571,e,o,t,5.05
17572,p,w,f,4.78
17573,e,l,f,2.44
17574,p,n,f,7.26
17575,e,w,f,7.18
17576,p,n,f,5.7
17577,p,w,t,8.26
17578,e,n,t,10.31
17579,e,b,f,5.79
17580,e,n,f,7.74
17581,p,w,f,4.21
17582,e,n,t,9.96
17583,p,n,f,6.54
17584,e,n,f,5.74
17585,p,n,f,3.52
17586,e,n,f,6.58
17587,p,n,f,5.73
17588,p,e,t,6.03
17589,p,n,f,5.51
17590,e,n,t,9.74
17591,p,e,f,4.65
17592,e,g,f,5.33
17593,e,n,f,6.31
17594,p,y,f,8.52
17595,e,y,f,7.33
17596,e,n,t,9.36
17597,e,o,f,15.75
17598,e,u,f,4.66
17599,p,n,t,5.61
17600,p,r,t,5.44
17601,p,n,f,7.11
17602,e,n,f,7.35
17603,e,n,t,8.66
17604,p,n,t,4.87
17605,p,n,f,10.79
17606,p,n,f,6.33
17607,p,n,f,9.09
17608,p,n,f,5.61
17609,p,k,f,5.9
17610,e,u,t,3.9
17611,p,n,f,9.69
17612,e,n,f,6.54
17613,e,w,f,8.18
17614,e,y,f,7.38
17615,e,u,f,6.21
17616,e,n,t,9.13
17617,e,n,t,8.4
17618,e,n,f,4.63
17619,e,n,f,3.75
17620,p,p,t,7.46
17621,e,o,f,5.93
17622,e,n,f,9.24
17623,e,o,f,5.93
17624,p,n,f,4.73
17625,p,w,f,9.56
17626,p,y,f,5.32
17627,p,e,t,5.91
17628,e,g,f,2.79
17629,p,n,f,1.59
17630,e,n,t,9.16
17631,p,o,t,5.66
17632,p,n,f,3.64
17633,e,n,f,5.32
17634,p,n,f,12.84
17635,p,g,f,11.32
17636,e,n,t,10.41
17637,e,n,f,4.03
17638,e,n,f,6.65
17639,e,n,f,12.99
17640,e,n,f,6.4
17641,p,o,f,3.45
17642,e,n,f,4.6
17643,p,n,f,8.33
17644,p,n,f,2.24
17645,p,n,f,5.59
17646,p,n,f,11.05
17647,p,e,f,7.96
17648,p,p,t,7.65
17649,e,n,f,6.85
17650,e,p,t,6.16
17651,p,n,f,1.74
17652,p,n,f,5.72
17653,p,n,f,5.63
17654,p,n,f,10.93
17655,p,b,f,3.92
17656,p,g,f,10.84
17657,p,n,f,8.92
17658,p,n,f,5.0
17659,p,y,f,6.62
17660,e,b,f,6.33
17661,e,g,f,4.27
17662,e,o,t,5.84
17663,p,g,f,5.67
17664,e,n,f,5.8
17665,e,n,f,3.78
17666,e,n,f,7.69
17667,p,n,f,4.66
17668,e,n,f,13.1
17669,p,g,f,2.73
17670,p,o,f,5.59
17671,e,n,f,4.57
17672,e,r,f,7.19
17673,p,r,t,5.96
17674,p,y,f,3.3
17675,e,n,f,5.3
17676,e,u,f,4.54
17677,p,n,f,5.32
17678,e,y,f,4.55
17679,p,n,f,7.05
17680,p,w,f,2.61
17681,e,o,f,7.61
17682,p,y,f,5.7
17683,p,w,f,3.25
17684,p,k,t,4.58
17685,e,n,t,10.05
17686,p,o,f,5.21
17687,e,w,t,7.54
17688,e,y,f,6.0
17689,e,n,f,5.24
17690,e,n,f,5.34
17691,p,e,f,6.23
17692,e,n,f,4.86
17693,e,n,t,9.25
17694,e,e,f,6.34
17695,p,n,f,10.79
17696,e,w,f,4.48
17697,e,b,f,5.16
17698,p,w,t,5.64
17699,p,p,f,4.48
17700,p,y,f,4.81
17701,e,n,f,8.67
17702,e,n,f,4.89
17703,e,n,f,5.37
17704,p,p,t,7.66
17705,e,n,f,5.84
17706,p,y,f,6.74
17707,e,b,f,7.71
17708,e,u,f,4.69
17709,p,n,f,11.23
17710,e,y,f,6.8
17711,p,o,f,4.74
17712,e,n,f,4.96
17713,e,n,t,4.56
17714,p,r,f,4.84
17715,p,n,f,8.73
17716,p,n,f,5.08
17717,e,n,f,4.52
17718,e,e,t,5.92
17719,e,n,f,3.91
17720,p,o,f,2.98
17721,p,n,f,5.42
17722,e,n,f,5.92
17723,p,n,f,7.9
17724,p,p,t,7.81
17725,e,g,f,4.92
17726,e,n,t,4.75
17727,e,n,f,5.75
17728,p,e,t,7.28
17729,e,l,f,5.83
17730,e,p,t,4.98
17731,p,w,f,3.25
17732,p,n,f,7.52
17733,e,n,f,5.55
17734,p,w,f,3.62
17735,e,n,f,5.54
17736,p,y,f,6.07
17737,p,n,f,5.05
17738,p,n,f,9.37
17739,e,w,f,4.33
17740,e,n,f,7.08
17741,e,n,f,6.09
17742,p,u,f,4.5
17743,e,u,f,5.92
17744,e,g,f,5.09
17745,p,n,f,7.96
17746,p,r,f,1.42
17747,p,r,t,5.84
17748,p,r,t,4.46
17749,e,n,f,6.28
17750,p,n,f,5.63
17751,e,n,t,9.1
17752,e,e,f,5.25
17753,e,b,f,6.83
17754,e,n,f,6.47
17755,p,w,f,2.55
17756,p,n,f,5.79
17757,p,o,f,3.4
17758,p,n,f,4.85
17759,p,k,f,3.54
17760,p,n,f,5.76
17761,e,l,f,2.26
17762,p,e,f,4.48
17763,p,y,f,5.07
17764,p,k,f,9.42
17765,e,n,f,4.72
17766,e,g,f,4.43
17767,p,n,f,5.77
17768,e,n,f,5.91
17769,p,e,f,4.1
17770,e,w,t,6.2
17771,p,e,f,6.46
17772,p,n,f,5.32
17773,e,n,f,5.4
17774,p,n,f,5.79
17775,e,n,f,8.27
17776,e,b,f,8.04
17777,p,y,f,6.17
17778,p,e,f,6.25
17779,e,n,f,6.35
17780,p,n,t,3.77
17781,p,p,f,3.91
17782,e,n,t,7.84
17783,e,n,f,5.84
17784,e,y,f,3.31
17785,e,b,f,4.74
17786,p,o,f,3.39
17787,e,n,f,5.94
17788,p,n,f,5.93
17789,p,y,f,6.4
17790,e,w,f,3.23
17791,p,w,t,6.99
17792,p,g,f,4.92
17793,e,n,f,5.99
17794,p,r,f,10.65
17795,e,g,f,5.4
17796,e,n,f,6.31
17797,p,e,f,13.12
17798,e,w,f,3.92
17799,p,e,f,6.49
17800,p,n,f,6.48
17801,p,n,f,5.75
17802,e,n,f,6.09
17803,p,b,f,4.66
17804,p,n,f,8.93
17805,e,k,f,4.07
17806,e,l,f,6.5
17807,e,y,f,6.67
17808,p,e,t,7.3
17809,e,n,t,9.14
17810,p,e,f,7.23
17811,e,n,f,7.03
17812,p,n,f,3.62
17813,p,n,f,5.59
17814,p,k,f,8.95
17815,p,r,f,11.18
17816,e,n,f,6.04
17817,e,n,f,4.26
17818,p,n,t,3.49
17819,p,w,f,6.17
17820,p,g,f,5.58
17821,e,b,f,5.32
17822,e,n,f,5.86
17823,e,w,f,3.17
17824,e,p,f,3.44
17825,e,y,f,6.71
17826,p,n,f,5.22
17827,p,n,f,5.51
17828,e,n,t,7.18
17829,p,u,f,3.67
17830,e,n,f,6.14
17831,p,n,f,3.76
17832,p,r,t,5.57
17833,p,n,f,5.99
17834,p,n,f,4.02
17835,e,n,f,6.46
17836,e,n,f,3.93
17837,p,e,f,6.76
17838,p,n,f,4.89
17839,e,n,f,6.24
17840,p,w,f,13.64
17841,e,b,f,2.41
17842,p,n,f,8.16
17843,p,w,f,5.35
17844,p,n,f,4.63
17845,p,w,f,3.7
17846,p,r,t,5.67
17847,p,k,t,4.89
17848,e,n,t,9.09
17849,p,n,f,5.82
17850,e,e,f,7.49
17851,p,y,f,6.52
17852,e,n,f,7.77
17853,e,n,f,12.35
17854,p,r,f,5.68
17855,p,e,f,4.34
17856,e,n,f,6.4
17857,e,g,f,7.98
17858,e,n,f,6.24
17859,p,n,t,5.77
17860,e,y,f,4.89
17861,p,n,f,9.86
17862,p,n,f,4.14
17863,p,w,f,3.28
17864,p,w,f,9.91
17865,p,n,f,6.42
17866,e,n,t,9.34
17867,p,n,t,6.86
17868,e,n,f,6.13
17869,e,n,f,5.3
17870,p,n,f,5.76
17871,p,w,f,7.83
17872,p,y,f,3.45
17873,e,g,f,5.82
17874,e,n,t,4.97
17875,p,u,f,6.02
17876,e,n,f,5.75
17877,e,w,f,8.04
17878,p,o,f,3.66
17879,e,n,f,5.08
17880,e,n,t,8.34
17881,e,e,f,7.18
17882,p,y,f,1.89
17883,e,o,f,4.47
17884,e,g,f,4.78
17885,p,y,f,8.12
17886,e,w,f,3.68
17887,p,r,t,4.64
17888,p,n,f,9.73
17889,e,w,t,13.51
17890,p,g,f,6.18
17891,e,n,f,8.15
17892,e,y,f,6.08
17893,e,w,f,19.0
17894,p,o,f,6.12
17895,p,e,f,5.93
17896,e,y,t,6.07
17897,p,e,f,12.32
17898,p,w,f,3.21
17899,p,n,t,3.46
17900,p,y,f,8.33
17901,p,w,f,3.25
17902,e,n,f,4.46
17903,e,n,t,10.1
17904,p,w,t,6.65
17905,p,u,f,7.58
17906,p,e,t,7.38
17907,p,n,f,5.94
17908,e,n,t,5.21
17909,p,y,f,7.32
17910,e,n,t,6.23
17911,e,n,f,6.77
17912,p,k,t,4.96
17913,p,y,f,7.93
17914,e,o,t,4.87
17915,e,n,f,8.01
17916,p,g,f,11.16
17917,e,w,f,4.71
17918,p,n,f,4.75
17919,p,n,f,5.35
17920,e,g,f,8.24
17921,p,w,t,7.74
17922,e,w,f,7.01
17923,p,n,f,2.08
17924,e,n,f,6.33
17925,e,n,t,8.49
17926,e,n,f,7.07
17927,e,n,f,5.72
17928,e,y,f,7.55
17929,e,n,f,10.93
17930,p,w,f,6.53
17931,p,n,f,3.9
17932,p,p,f,4.79
17933,p,y,f,4.05
17934,p,n,f,6.24
17935,p,n,f,4.95
17936,e,n,t,4.56
17937,e,g,f,3.01
17938,e,e,f,7.69
17939,e,e,f,16.1
17940,p,n,f,5.32
17941,e,w,f,5.63
17942,p,w,t,5.64
17943,e,y,f,6.06
17944,e,y,f,6.02
17945,p,y,f,3.89
17946,p,w,f,5.47
17947,p,w,t,6.07
17948,e,y,t,7.46
17949,e,n,f,7.16
17950,p,y,f,5.08
17951,p,n,f,9.71
17952,e,n,f,4.1
17953,e,n,t,9.37
17954,e,w,f,19.31
17955,e,y,t,7.07
17956,e,k,f,4.25
17957,p,y,f,7.25
17958,p,o,t,3.65
17959,e,w,t,11.1
17960,p,w,f,2.93
17961,e,n,f,12.75
17962,e,y,t,7.76
17963,e,n,f,6.66
17964,p,y,f,2.19
17965,p,o,t,4.73
17966,e,n,f,4.77
17967,e,w,f,3.52
17968,e,o,f,9.17
17969,p,n,f,4.3
17970,p,w,f,3.55
17971,e,b,f,4.73
17972,e,y,f,6.01
17973,p,n,f,16.23
17974,e,n,f,6.49
17975,p,b,f,3.99
17976,p,b,f,4.4
17977,p,k,f,4.75
17978,e,n,t,8.01
17979,p,n,f,4.05
17980,e,g,f,5.21
17981,p,o,f,4.84
17982,e,n,f,5.63
17983,p,n,f,4.37
17984,e,y,f,6.06
17985,e,w,t,5.83
17986,p,o,f,3.03
17987,e,n,t,7.34
17988,p,w,f,3.77
17989,e,n,f,6.83
17990,e,n,f,7.59
17991,e,n,t,8.9
17992,e,e,t,5.82
17993,p,n,f,5.59
17994,p,n,f,10.1
17995,p,o,f,6.24
17996,p,e,f,8.27
17997,e,n,f,4.79
17998,p,y,t,9.04
17999,p,n,f,8.53
18000,e,n,f,5.43
18001,e,n,f,8.79
18002,p,y,f,6.65
18003,p,w,f,5.04
18004,p,n,f,6.54
18005,e,n,f,6.72
18006,p,y,f,3.86
18007,p,w,f,8.41
18008,p,n,t,5.35
18009,e,n,f,5.6
18010,e,g,f,10.07
18011,p,w,f,3.32
18012,e,n,f,5.88
18013,p,n,f,8.27
18014,p,n,t,7.31
18015,p,o,f,3.91
18016,e,n,f,5.97
18017,p,n,f,4.59
18018,e,n,f,4.21
18019,p,w,f,11.31
18020,p,n,t,8.74
18021,p,y,f,4.63
18022,e,n,f,6.31
18023,p,e,t,6.15
18024,p,w,f,2.53
18025,p,e,f,17.26
18026,e,w,f,3.55
18027,p,o,t,3.71
18028,p,u,f,3.96
18029,e,n,t,10.62
18030,p,n,f,4.7
18031,p,e,t,5.91
18032,p,n,f,4.71
18033,p,y,f,5.22
18034,p,n,f,6.81
18035,p,y,f,13.01
18036,e,l,f,5.91
18037,e,y,t,7.56
18038,p,n,f,5.82
18039,p,w,t,5.8
18040,e,n,f,6.52
18041,e,n,t,9.02
18042,p,w,f,9.71
18043,e,n,f,5.36
18044,e,w,f,2.9
18045,p,w,f,3.04
18046,e,o,f,7.01
18047,p,w,f,3.25
18048,p,n,f,3.93
18049,p,n,f,6.01
18050,p,n,f,8.08
18051,p,e,f,7.61
18052,e,n,t,11.45
18053,p,y,f,3.45
18054,e,n,f,6.4
18055,p,n,f,3.37
18056,p,n,f,4.37
18057,p,g,f,11.13
18058,e,n,f,5.74
18059,p,n,f,13.0
18060,e,g,f,5.26
18061,p,p,t,7.33
18062,p,n,f,9.38
18063,e,n,f,7.81
18064,p,y,f,2.76
18065,p,n,f,6.84
18066,p,g,t,5.0
18067,p,n,f,5.84
18068,p,n,f,4.86
18069,e,n,f,2.0
18070,e,n,f,5.56
18071,e,n,f,4.62
18072,e,y,t,8.91
18073,p,y,f,3.71
18074,e,y,f,7.66
18075,p,n,f,1.98
18076,p,y,f,6.03
18077,p,y,f,5.7
18078,p,n,f,5.01
18079,e,b,f,7.92
18080,e,n,f,7.51
18081,p,o,t,5.03
18082,e,w,t,12.32
18083,p,n,f,4.61
18084,e,n,f,6.57
18085,p,r,f,1.55
18086,e,o,f,6.05
18087,p,g,f,5.47
18088,p,n,f,10.08
18089,e,n,t,8.31
18090,e,e,t,5.58
18091,p,e,f,6.74
18092,p,n,f,6.24
18093,e,g,f,5.63
18094,p,n,f,5.09
18095,p,w,f,12.72
18096,p,w,f,12.1
18097,p,n,f,13.31
18098,p,w,f,8.11
18099,p,p,f,4.29
18100,p,y,f,3.04
18101,p,g,f,9.56
18102,p,w,t,7.67
18103,p,n,f,6.23
18104,e,n,f,5.63
18105,e,n,f,6.31
18106,p,n,f,3.59
18107,p,g,f,2.75
18108,e,n,f,4.27
18109,e,o,f,5.11
18110,p,e,f,4.31
18111,e,n,f,4.88
18112,e,y,f,7.91
18113,e,p,t,5.45
18114,e,n,f,6.63
18115,e,n,t,5.54
18116,e,u,f,6.79
18117,e,n,f,6.37
18118,p,n,f,4.07
18119,p,y,t,7.94
18120,p,r,f,1.55
18121,e,g,f,5.1
18122,p,n,f,8.89
18123,e,y,t,4.96
18124,p,w,f,5.79
18125,p,p,f,4.41
18126,e,n,f,4.24
18127,p,r,t,6.05
18128,p,w,f,12.22
18129,e,e,f,5.72
18130,p,w,f,8.74
18131,e,g,f,4.57
18132,p,y,f,7.32
18133,p,n,f,8.36
18134,p,n,t,4.34
18135,p,n,f,5.61
18136,e,n,f,4.86
18137,p,n,f,8.44
18138,e,b,f,5.25
18139,p,e,f,5.75
18140,p,n,f,5.31
18141,e,w,f,22.18
18142,e,n,f,7.3
18143,e,n,t,7.78
18144,e,y,f,6.45
18145,e,w,t,12.87
18146,e,w,f,3.37
18147,p,n,t,6.16
18148,e,y,f,5.78
18149,e,n,f,9.03
18150,e,w,f,16.34
18151,p,n,f,4.09
18152,p,y,f,4.62
18153,p,n,f,4.32
18154,e,n,f,7.03
18155,e,w,t,5.5
18156,e,w,t,9.87
18157,p,l,f,3.77
18158,p,y,f,5.2
18159,e,y,f,7.1
18160,e,n,t,12.0
18161,e,g,f,5.17
18162,e,n,f,13.12
18163,e,n,f,8.39
18164,e,o,f,7.16
18165,p,y,f,3.57
18166,e,n,f,6.03
18167,p,r,t,6.58
18168,p,g,t,5.53
18169,e,n,t,7.94
18170,p,n,f,5.42
18171,p,n,f,9.64
18172,p,n,f,3.53
18173,p,o,f,1.42
18174,e,n,f,5.03
18175,p,e,f,6.81
18176,p,o,f,2.89
18177,p,n,f,9.48
18178,e,n,f,5.92
18179,e,g,f,6.82
18180,p,w,f,15.23
18181,p,o,f,3.85
18182,p,n,f,5.3
18183,p,y,f,4.96
18184,e,n,f,5.69
18185,p,n,f,10.41
18186,e,n,f,4.34
18187,e,n,f,6.7
18188,e,n,f,5.09
18189,e,n,f,6.1
18190,p,y,f,3.2
18191,e,n,f,4.4
18192,e,g,f,7.01
18193,e,y,f,6.49
18194,e,n,f,7.21
18195,p,y,f,3.0
18196,p,n,f,7.85
18197,p,o,f,3.47
18198,p,r,t,4.59
18199,p,e,f,6.02
18200,p,p,f,4.97
18201,p,n,t,3.2
18202,e,w,t,7.48
18203,e,y,f,5.68
18204,e,n,f,5.16
18205,p,n,f,10.45
18206,p,y,f,4.87
18207,e,y,f,6.27
18208,p,n,f,5.11
18209,e,n,f,5.85
18210,p,n,f,3.79
18211,p,y,f,5.57
18212,e,g,f,4.96
18213,p,n,t,7.33
18214,e,p,t,4.67
18215,e,o,f,4.71
18216,e,o,f,5.46
18217,e,y,f,4.81
18218,p,o,f,4.1
18219,e,w,f,3.22
18220,p,w,f,5.43
18221,p,n,f,13.88
18222,p,n,f,7.16
18223,e,n,t,10.32
18224,p,w,f,8.24
18225,p,n,f,7.47
18226,p,w,f,13.1
18227,e,k,f,4.86
18228,p,y,f,9.74
18229,p,n,f,9.71
18230,p,w,t,5.84
18231,p,n,f,9.21
18232,p,w,f,2.78
18233,p,n,f,8.07
18234,e,y,t,7.54
18235,p,n,f,5.06
18236,e,n,f,5.93
18237,p,n,f,4.76
18238,e,n,f,6.09
18239,p,g,f,4.98
18240,p,n,f,4.78
18241,e,y,f,6.02
18242,p,g,f,4.92
18243,e,e,f,6.67
18244,e,w,f,3.52
18245,p,o,f,4.97
18246,p,n,f,5.32
18247,p,e,f,5.9
18248,p,n,f,4.87
18249,p,k,f,3.76
18250,e,y,f,7.31
18251,e,w,f,6.5
18252,p,n,f,6.09
18253,e,w,f,3.06
18254,p,r,f,6.8
18255,e,n,t,9.64
18256,e,o,f,5.84
18257,p,y,f,6.06
18258,e,n,t,9.41
18259,p,r,f,1.48
18260,p,o,t,3.91
18261,p,n,f,8.1
18262,p,y,f,4.37
18263,p,n,f,8.08
18264,p,n,t,4.66
18265,e,g,f,5.08
18266,e,g,f,4.71
18267,p,n,f,5.99
18268,p,e,f,7.89
18269,e,n,f,7.3
18270,e,o,f,17.35
18271,p,g,f,2.97
18272,p,n,f,13.13
18273,p,k,f,2.65
18274,p,w,f,5.23
18275,p,w,f,3.5
18276,p,w,t,8.01
18277,p,y,f,6.44
18278,p,n,f,8.35
18279,e,n,t,7.18
18280,p,g,t,4.76
18281,p,y,f,2.93
18282,e,n,f,5.75
18283,e,u,f,6.82
18284,p,g,f,3.39
18285,p,n,f,5.98
18286,e,n,f,7.26
18287,p,g,f,6.1
18288,p,n,t,5.95
18289,e,w,t,6.74
18290,e,n,f,5.56
18291,p,k,f,5.99
18292,p,n,f,5.43
18293,e,n,t,9.64
18294,e,n,f,4.66
18295,e,b,f,6.18
18296,p,e,f,6.0
18297,e,u,f,7.18
18298,e,n,f,7.91
18299,e,k,f,5.05
18300,e,n,t,9.47
18301,p,n,f,4.09
18302,p,p,f,4.16
18303,e,n,f,7.16
18304,e,n,f,4.57
18305,p,u,f,4.26
18306,e,w,f,16.89
18307,p,p,t,6.36
18308,p,e,f,6.36
18309,p,y,f,8.36
18310,p,n,f,5.12
18311,e,n,f,5.64
18312,e,g,f,4.89
18313,p,k,f,3.45
18314,p,n,f,6.35
18315,p,g,t,5.28
18316,e,n,f,5.07
18317,p,n,f,11.34
18318,p,o,f,3.09
18319,e,y,f,5.75
18320,p,w,f,4.97
18321,e,n,f,7.14
18322,e,y,f,5.74
18323,p,n,t,4.88
18324,e,g,f,8.75
18325,p,e,f,7.03
18326,e,n,f,5.87
18327,p,n,f,6.22
18328,p,o,t,4.98
18329,e,r,f,7.01
18330,e,y,f,4.19
18331,e,e,f,9.38
18332,p,y,f,2.61
18333,e,y,f,6.19
18334,p,k,f,2.88
18335,p,l,f,3.84
18336,e,b,f,7.1
18337,p,o,f,17.81
18338,e,n,f,7.53
18339,p,n,f,4.81
18340,e,w,f,6.79
18341,p,o,t,2.66
18342,e,y,f,7.42
18343,e,y,f,3.35
18344,p,y,f,5.69
18345,e,y,f,11.56
18346,p,y,f,6.11
18347,e,y,f,7.74
18348,e,u,f,6.46
18349,e,w,f,8.14
18350,p,n,f,3.7
18351,p,n,t,7.0
18352,p,n,f,5.51
18353,p,k,f,4.95
18354,e,n,f,6.24
18355,e,n,f,4.99
18356,p,e,f,3.64
18357,p,n,f,6.38
18358,p,u,f,5.17
18359,p,n,f,13.64
18360,e,u,f,5.14
18361,e,y,f,7.69
18362,e,b,f,5.18
18363,e,n,t,6.74
18364,e,y,f,6.15
18365,p,n,f,5.56
18366,e,n,f,5.92
18367,p,e,f,8.78
18368,e,o,f,5.32
18369,e,g,f,10.58
18370,p,g,f,9.7
18371,p,l,f,3.43
18372,p,g,t,6.76
18373,p,n,f,4.28
18374,e,b,f,7.09
18375,p,n,f,10.08
18376,e,y,f,6.31
18377,p,n,f,3.79
18378,e,n,f,8.39
18379,e,y,f,4.93
18380,p,y,f,5.63
18381,e,n,f,12.38
18382,p,g,t,5.05
18383,p,n,f,4.64
18384,p,n,t,9.29
18385,p,e,f,6.86
18386,e,n,f,3.76
18387,p,e,f,6.65
18388,e,p,f,5.68
18389,e,b,f,7.42
18390,e,w,f,6.4
18391,e,w,f,3.21
18392,e,n,f,13.42
18393,p,n,f,6.09
18394,p,e,f,6.75
18395,e,n,f,9.27
18396,p,y,f,3.46
18397,p,e,f,5.98
18398,e,n,t,9.62
18399,p,w,f,11.33
18400,p,y,f,8.45
18401,p,n,f,4.06
18402,p,w,f,13.63
18403,e,n,f,4.83
18404,p,w,t,8.15
18405,e,n,f,4.98
18406,e,n,f,4.88
18407,p,n,f,7.18
18408,p,e,f,6.78
18409,p,o,f,5.9
18410,p,b,f,4.37
18411,p,y,t,5.68
18412,e,y,f,5.16
18413,p,e,f,6.24
18414,p,n,t,5.4
18415,p,n,t,5.62
18416,e,g,f,8.55
18417,p,e,f,4.38
18418,p,w,f,3.36
18419,e,o,f,4.47
18420,p,n,f,6.42
18421,e,o,f,7.03
18422,p,w,f,8.14
18423,p,n,f,6.94
18424,e,g,f,5.2
18425,e,n,f,6.84
18426,p,n,f,4.12
18427,e,n,f,4.42
18428,p,n,f,12.22
18429,p,n,f,4.95
18430,p,r,t,4.38
18431,p,y,t,5.27
18432,e,w,f,2.6
18433,p,n,f,3.05
18434,e,n,f,7.17
18435,e,n,f,7.13
18436,e,o,f,6.02
18437,p,n,f,9.73
18438,p,n,f,7.18
18439,e,n,t,6.17
18440,e,n,f,6.36
18441,e,y,f,7.01
18442,e,n,t,9.05
18443,e,n,f,6.14
18444,p,y,f,5.54
18445,e,n,t,7.15
18446,e,w,f,15.44
18447,p,n,f,11.09
18448,e,e,f,4.71
18449,p,y,f,5.59
18450,p,y,f,6.16
18451,e,w,f,6.6
18452,p,n,f,9.84
18453,e,n,t,4.25
18454,e,n,f,7.26
18455,p,n,f,1.91
18456,p,n,t,7.35
18457,p,o,f,3.98
18458,e,n,f,7.56
18459,e,g,t,4.62
18460,e,n,f,6.41
18461,p,n,t,9.91
18462,p,n,f,5.05
18463,e,n,f,4.1
18464,e,y,f,3.69
18465,e,p,t,4.69
18466,p,u,t,9.51
18467,e,n,f,8.07
18468,e,n,f,4.58
18469,p,e,f,3.85
18470,e,n,f,6.55
18471,e,n,f,6.69
18472,p,o,f,4.27
18473,e,n,t,4.81
18474,p,n,f,6.52
18475,e,p,f,6.03
18476,e,n,f,5.45
18477,p,n,f,5.91
18478,p,o,f,5.68
18479,p,y,f,6.2
18480,e,n,f,6.59
18481,p,w,f,5.3
18482,p,n,f,7.92
18483,e,w,f,5.22
18484,e,n,t,12.23
18485,p,k,f,3.49
18486,p,n,f,5.16
18487,e,g,f,6.19
18488,p,n,t,7.83
18489,p,r,t,5.34
18490,p,n,f,5.45
18491,e,y,f,5.59
18492,p,n,f,7.69
18493,p,n,f,5.73
18494,e,n,f,4.87
18495,p,g,f,3.6
18496,e,n,f,7.34
18497,p,l,f,4.32
18498,p,p,t,9.12
18499,e,n,f,5.09
18500,e,n,f,12.87
18501,e,y,f,8.91
18502,e,w,f,8.35
18503,p,k,f,3.2
18504,e,g,f,6.31
18505,p,n,f,4.96
18506,p,n,f,4.69
18507,p,w,f,2.67
18508,e,y,f,5.39
18509,p,n,f,7.19
18510,p,n,f,4.87
18511,e,n,f,4.8
18512,e,n,f,4.78
18513,p,y,f,5.4
18514,p,e,f,7.91
18515,e,n,f,4.43
18516,p,w,f,3.81
18517,e,g,f,5.38
18518,p,y,f,6.35
18519,e,n,f,7.14
18520,p,n,f,4.55
18521,p,n,f,5.43
18522,e,n,f,4.49
18523,e,y,t,8.53
18524,p,n,f,6.28
18525,p,y,f,4.3
18526,p,n,f,5.35
18527,e,n,f,6.49
18528,p,y,f,6.18
18529,e,n,f,4.17
18530,e,g,f,8.33
18531,e,n,f,5.73
18532,p,g,f,3.22
18533,e,n,f,4.01
18534,e,y,f,4.23
18535,e,l,f,2.47
18536,e,n,f,6.72
18537,e,y,t,8.87
18538,p,u,f,6.51
18539,e,n,f,5.32
18540,p,y,f,4.83
18541,p,n,f,11.95
18542,e,n,f,3.88
18543,p,n,f,7.95
18544,p,u,f,8.15
18545,p,y,f,5.83
18546,e,n,t,5.36
18547,p,y,f,6.92
18548,e,n,f,5.61
18549,p,n,f,7.52
18550,e,n,f,6.16
18551,p,l,f,5.64
18552,e,y,f,5.86
18553,e,n,f,6.12
18554,p,e,t,8.47
18555,p,r,f,2.97
18556,e,w,t,6.24
18557,e,n,f,5.76
18558,e,n,f,10.13
18559,e,n,f,4.46
18560,p,e,f,3.51
18561,p,p,f,4.79
18562,p,o,t,5.32
18563,e,n,t,8.54
18564,p,w,f,13.37
18565,p,n,f,5.4
18566,e,n,f,5.17
18567,p,w,f,13.16
18568,p,y,f,8.2
18569,e,w,f,27.16
18570,p,e,f,7.46
18571,e,p,f,4.15
18572,p,n,t,8.4
18573,p,y,f,6.83
18574,p,r,t,4.75
18575,p,y,f,9.02
18576,p,y,f,6.53
18577,e,n,f,6.58
18578,e,n,f,12.58
18579,p,o,f,6.96
18580,p,y,f,5.32
18581,p,e,f,7.41
18582,e,w,f,5.2
18583,e,g,f,7.21
18584,p,n,f,4.65
18585,e,n,f,6.41
18586,e,g,f,7.37
18587,e,g,f,2.65
18588,p,n,f,4.8
18589,p,n,f,4.49
18590,p,k,f,4.1
18591,p,n,f,5.15
18592,p,o,f,3.76
18593,e,n,f,2.03
18594,p,n,t,9.05
18595,e,y,f,6.84
18596,p,y,f,5.4
18597,p,n,f,5.84
18598,e,g,f,4.86
18599,p,y,t,5.54
18600,p,n,f,5.03
18601,p,n,t,8.83
18602,p,g,f,5.5
18603,p,n,f,7.47
18604,e,n,f,5.09
18605,e,w,t,10.44
18606,p,n,f,15.92
18607,p,n,f,6.03
18608,p,o,f,6.59
18609,e,n,t,10.41
18610,p,y,t,9.72
18611,e,n,t,9.48
18612,e,n,f,6.4
18613,p,n,f,6.14
18614,p,e,f,6.66
18615,e,y,f,7.26
18616,e,n,f,6.47
18617,e,n,f,5.6
18618,p,k,f,5.98
18619,e,u,f,4.84
18620,e,w,f,7.65
18621,e,n,f,8.12
18622,e,e,t,5.44
18623,p,y,t,6.65
18624,p,e,f,10.1
18625,p,n,t,7.09
18626,e,n,t,6.35
18627,p,y,f,3.51
18628,p,b,f,5.0
18629,p,g,f,5.34
18630,p,g,t,6.03
18631,e,b,f,5.39
18632,p,n,f,8.23
18633,e,y,f,8.23
18634,p,n,f,6.0
18635,p,n,t,3.7
18636,p,g,f,8.83
18637,p,y,f,7.98
18638,p,r,t,5.57
18639,p,n,t,4.68
18640,e,n,t,8.18
18641,p,y,f,7.62
18642,e,w,f,5.82
18643,p,w,t,5.47
18644,e,n,f,6.17
18645,p,r,t,4.44
18646,e,e,f,4.6
18647,e,y,f,7.46
18648,e,n,f,6.59
18649,e,l,f,5.85
18650,p,n,f,9.9
18651,p,n,t,4.04
18652,e,w,t,5.93
18653,p,n,f,4.63
18654,p,g,f,3.23
18655,p,n,f,7.01
18656,e,n,f,4.88
18657,e,n,t,5.84
18658,p,n,t,8.53
18659,e,n,t,7.36
18660,p,y,f,1.82
18661,p,n,f,11.25
18662,e,n,t,9.2
18663,e,n,f,5.1
18664,e,o,f,4.44
18665,e,o,f,4.95
18666,p,y,f,5.62
18667,p,n,f,9.87
18668,p,g,t,4.91
18669,p,n,f,4.29
18670,p,n,f,5.01
18671,p,e,f,5.89
18672,e,y,f,6.85
18673,e,n,f,5.99
18674,e,n,f,5.29
18675,e,w,f,5.36
18676,p,w,f,3.41
18677,e,g,f,7.32
18678,p,n,f,7.83
18679,p,n,t,7.18
18680,e,n,f,6.58
18681,p,e,f,8.36
18682,p,y,f,8.27
18683,e,k,f,6.19
18684,p,n,f,6.41
18685,e,n,f,3.63
18686,e,n,f,5.47
18687,e,w,f,18.83
18688,p,p,f,4.37
18689,e,n,f,4.71
18690,e,k,f,5.32
18691,e,u,f,4.67
18692,e,n,t,10.19
18693,p,n,f,7.47
18694,e,y,t,7.06
18695,p,n,f,12.43
18696,e,n,f,7.51
18697,p,n,f,12.14
18698,e,n,f,4.76
18699,e,l,f,6.28
18700,p,e,f,6.59
18701,e,k,f,8.78
18702,e,y,f,8.05
18703,p,o,t,5.02
18704,e,y,t,7.65
18705,p,e,f,6.99
18706,p,n,f,6.49
18707,e,g,t,11.11
18708,p,n,f,4.48
18709,p,n,f,5.91
18710,p,y,f,7.01
18711,p,n,f,4.97
18712,e,g,f,4.04
18713,p,n,f,5.04
18714,p,n,f,3.97
18715,p,n,f,10.18
18716,p,n,f,6.91
18717,p,r,f,10.62
18718,e,g,f,2.56
18719,p,u,f,4.46
18720,p,g,f,4.77
18721,p,e,f,5.99
18722,e,w,f,3.94
18723,p,o,f,16.63
18724,p,n,f,5.13
18725,p,e,t,5.26
18726,e,n,f,5.56
18727,e,n,f,7.31
18728,p,n,f,3.63
18729,p,w,f,4.24
18730,e,n,f,5.51
18731,p,o,f,4.19
18732,e,n,f,4.78
18733,p,p,t,6.0
18734,p,y,t,5.89
18735,p,e,t,6.7
18736,e,w,f,3.49
18737,p,n,t,4.59
18738,p,n,f,5.29
18739,p,e,f,9.78
18740,e,n,f,5.21
18741,p,n,f,8.63
18742,p,y,f,3.9
18743,p,w,t,7.82
18744,e,n,t,9.31
18745,e,l,f,2.55
18746,p,n,f,5.75
18747,p,n,t,6.12
18748,p,e,f,6.76
18749,e,b,f,5.68
18750,p,r,t,7.21
18751,p,w,f,3.18
18752,p,n,f,10.86
18753,e,e,f,7.07
18754,e,n,t,9.24
18755,p,n,f,6.37
18756,e,b,f,6.4
18757,p,n,f,6.52
18758,p,r,f,6.04
18759,p,y,f,7.75
18760,p,n,f,4.87
18761,p,w,f,10.61
18762,p,n,f,8.88
18763,p,u,f,3.85
18764,e,w,f,13.81
18765,e,g,f,6.37
18766,e,w,t,6.71
18767,e,n,f,4.64
18768,p,n,f,3.68
18769,e,w,f,5.3
18770,p,p,f,3.69
18771,p,r,t,4.48
18772,p,w,f,3.48
18773,e,w,t,5.56
18774,e,n,t,12.08
18775,p,n,f,9.06
18776,e,n,f,12.39
18777,e,n,f,6.18
18778,p,n,f,3.33
18779,p,w,f,11.43
18780,p,o,t,3.92
18781,e,n,f,7.0
18782,p,y,f,7.28
18783,e,w,f,7.6
18784,e,y,f,5.61
18785,e,g,f,6.12
18786,p,y,f,8.04
18787,p,l,f,4.6
18788,e,n,f,4.25
18789,e,n,t,8.13
18790,p,n,f,5.45
18791,p,n,f,9.53
18792,p,n,t,7.26
18793,p,o,t,6.62
18794,p,w,f,3.51
18795,e,y,t,8.07
18796,p,p,f,4.41
18797,p,r,t,5.94
18798,p,p,f,4.6
18799,e,o,f,6.46
18800,p,r,t,5.91
18801,p,n,f,7.96
18802,p,n,f,6.23
18803,p,o,f,4.26
18804,e,n,f,5.47
18805,e,w,f,2.68
18806,p,e,f,4.9
18807,e,n,f,5.99
18808,e,n,f,5.38
18809,p,o,f,4.37
18810,p,p,f,4.52
18811,p,y,f,6.1
18812,e,o,f,4.53
18813,p,n,f,6.35
18814,p,l,f,5.75
18815,e,w,f,6.23
18816,p,o,f,2.57
18817,p,n,f,6.06
18818,p,n,t,5.73
18819,p,o,t,4.03
18820,e,w,t,11.9
18821,p,n,f,3.44
18822,p,g,t,4.48
18823,e,n,f,4.39
18824,p,w,t,6.27
18825,p,y,f,5.75
18826,p,g,f,7.72
18827,p,b,f,6.6
18828,p,o,f,3.18
18829,p,w,t,8.48
18830,e,n,f,6.53
18831,p,r,f,10.97
18832,e,n,f,5.21
18833,p,y,f,3.65
18834,p,n,f,4.45
18835,e,y,f,9.69
18836,p,n,f,3.87
18837,p,n,f,9.03
18838,p,w,f,3.43
18839,e,n,f,5.29
18840,e,n,t,8.68
18841,e,n,f,4.69
18842,p,g,f,4.43
18843,e,g,f,5.12
18844,p,y,t,6.2
18845,p,n,f,9.67
18846,p,e,f,4.82
18847,p,n,f,8.75
18848,e,n,f,9.3
18849,p,e,f,8.27
18850,p,o,f,4.7
18851,e,o,f,4.71
18852,p,y,f,3.25
18853,p,y,f,8.83
18854,p,p,f,4.86
18855,e,n,f,8.79
18856,p,n,f,5.26
18857,p,n,f,4.45
18858,e,y,f,3.75
18859,p,w,f,3.44
18860,p,r,f,6.05
18861,p,g,t,4.41
18862,p,w,f,2.97
18863,e,w,f,3.28
18864,p,o,f,3.55
18865,p,y,f,6.79
18866,e,n,t,7.43
18867,p,y,f,11.0
18868,e,y,f,4.84
18869,p,u,f,6.15
18870,p,n,f,3.78
18871,p,y,f,3.31
18872,p,w,f,3.68
18873,p,p,f,4.86
18874,p,y,t,7.34
18875,e,y,f,7.01
18876,p,y,f,5.36
18877,e,k,f,6.62
18878,p,n,f,7.07
18879,p,y,f,7.41
18880,p,n,f,10.75
18881,e,w,f,4.94
18882,e,n,f,5.88
18883,p,o,f,2.92
18884,p,k,f,9.52
18885,p,y,t,7.0
18886,e,n,t,9.32
18887,e,w,t,5.89
18888,p,l,f,4.64
18889,e,n,f,5.38
18890,p,y,f,4.25
18891,p,o,f,3.43
18892,p,g,f,3.55
18893,p,n,t,3.48
18894,e,n,f,3.94
18895,p,n,f,5.53
18896,e,n,f,7.84
18897,p,y,f,5.97
18898,e,y,f,7.27
18899,e,y,f,4.95
18900,e,n,f,5.55
18901,e,n,f,5.11
18902,e,g,f,7.29
18903,p,u,f,4.69
18904,e,o,f,4.72
18905,p,n,f,4.77
18906,p,n,f,7.99
18907,p,y,f,5.19
18908,e,n,f,5.5
18909,e,n,t,11.33
18910,p,e,f,4.16
18911,p,n,f,5.54
18912,e,o,f,4.87
18913,p,w,f,3.93
18914,p,n,f,7.16
18915,p,g,f,11.41
18916,p,y,f,3.93
18917,e,u,f,6.21
18918,e,n,f,4.69
18919,p,n,f,2.11
18920,p,e,f,5.46
18921,p,u,f,6.02
18922,p,r,f,11.16
18923,e,n,f,5.35
18924,p,o,f,6.24
18925,e,n,t,15.02
18926,p,n,f,4.38
18927,e,l,f,6.93
18928,e,n,f,5.68
18929,p,o,f,18.19
18930,e,y,f,5.62
18931,p,e,f,14.02
18932,e,w,t,5.98
18933,e,y,t,7.77
18934,p,o,f,4.54
18935,p,n,f,3.71
18936,p,n,f,4.85
18937,e,n,f,8.22
18938,e,b,f,5.13
18939,e,w,f,4.0
18940,e,n,f,5.63
18941,e,n,t,7.32
18942,p,n,t,5.95
18943,e,p,f,5.58
18944,p,r,t,5.25
18945,e,n,f,4.78
18946,p,n,f,4.59
18947,e,y,f,3.29
18948,e,n,f,5.36
18949,p,y,t,6.85
18950,e,n,f,5.47
18951,e,n,f,5.99
18952,e,n,f,4.77
18953,p,w,f,4.57
18954,e,u,f,7.13
18955,e,n,f,6.17
18956,p,n,f,3.72
18957,p,y,f,10.71
18958,p,u,f,5.08
18959,e,n,f,5.17
18960,e,w,f,6.26
18961,p,e,f,6.62
18962,p,o,f,11.09
18963,p,e,f,5.5
18964,p,e,f,4.33
18965,p,g,f,11.22
18966,p,e,f,5.78
18967,p,o,f,3.21
18968,p,n,f,4.42
18969,e,w,f,6.82
18970,p,w,f,11.35
18971,p,o,f,3.73
18972,p,y,f,8.2
18973,e,n,f,13.72
18974,p,e,f,7.42
18975,p,w,f,4.08
18976,p,y,f,8.12
18977,p,n,f,5.54
18978,e,n,f,5.92
18979,p,n,f,3.49
18980,e,n,f,7.47
18981,e,n,f,6.71
18982,e,n,f,8.61
18983,p,n,t,8.27
18984,p,y,f,5.55
18985,e,u,f,5.09
18986,p,n,f,4.46
18987,p,w,t,6.58
18988,e,y,f,5.68
18989,e,g,t,5.16
18990,p,n,f,5.06
18991,e,n,f,7.07
18992,e,n,t,8.25
18993,e,n,f,8.46
18994,p,n,f,9.96
18995,p,p,f,4.84
18996,p,n,f,3.55
18997,e,n,f,4.64
18998,p,o,t,4.27
18999,p,p,f,3.43
19000,p,y,f,5.63
19001,e,g,f,4.6
19002,e,n,t,9.25
19003,e,k,f,4.47
19004,e,w,f,3.37
19005,e,b,f,6.1
19006,e,g,f,6.25
19007,e,n,f,7.03
19008,p,g,f,10.86
19009,e,u,f,6.5
19010,e,n,f,6.23
19011,e,p,f,4.42
19012,e,n,t,12.1
19013,e,g,f,7.59
19014,e,k,f,6.31
19015,e,n,f,8.65
19016,p,p,f,5.24
19017,p,e,f,3.91
19018,e,n,f,6.61
19019,p,e,f,3.38
19020,p,i,f,4.36
19021,p,n,f,5.62
19022,e,w,f,19.37
19023,e,o,f,5.54
19024,e,n,t,8.2
19025,p,o,f,4.33
19026,p,n,f,6.18
19027,e,n,f,5.88
19028,e,n,f,6.36
19029,e,n,f,5.91
19030,p,n,f,5.83
19031,p,p,f,5.82
19032,p,y,f,8.65
19033,e,e,f,6.65
19034,e,n,f,5.9
19035,e,w,f,4.03
19036,e,g,f,8.04
19037,e,y,f,5.83
19038,e,u,f,6.43
19039,p,w,f,3.63
19040,e,n,f,7.03
19041,p,w,t,7.76
19042,e,n,f,4.22
19043,p,n,f,3.64
19044,e,n,f,6.46
19045,p,k,f,7.76
19046,p,w,f,3.98
19047,p,e,f,4.77
19048,p,n,f,10.06
19049,p,n,f,5.22
19050,e,w,f,3.67
19051,p,o,t,4.27
19052,e,w,f,6.08
19053,p,y,f,5.08
19054,e,n,t,11.5
19055,p,e,t,7.01
19056,p,w,t,7.77
19057,e,n,f,7.34
19058,p,n,t,4.99
19059,e,n,t,9.47
19060,p,n,f,3.14
19061,p,n,f,6.9
19062,p,n,f,7.86
19063,e,w,t,6.03
19064,e,n,f,4.68
19065,e,n,f,6.12
19066,p,n,f,4.78
19067,p,e,f,19.46
19068,p,g,t,5.18
19069,p,n,f,3.99
19070,e,b,f,4.92
19071,e,w,f,2.91
19072,e,n,f,4.74
19073,p,g,f,5.92
19074,e,y,f,8.08
19075,e,w,f,3.12
19076,e,n,f,6.22
19077,p,n,f,5.03
19078,e,w,f,7.16
19079,e,n,f,12.74
19080,p,o,f,18.57
19081,p,n,f,8.37
19082,p,y,t,4.97
19083,e,w,f,7.34
19084,p,r,t,4.72
19085,e,e,f,4.27
19086,e,u,f,6.74
19087,p,p,f,5.17
19088,p,e,f,3.77
19089,p,e,f,16.83
19090,p,g,f,6.07
19091,e,y,f,5.73
19092,e,n,f,6.23
19093,e,n,f,4.71
19094,e,n,f,5.22
19095,p,w,t,8.5
19096,p,n,t,6.34
19097,p,n,f,9.27
19098,e,b,f,6.69
19099,p,o,f,5.12
19100,e,y,f,5.91
19101,p,w,f,12.94
19102,p,p,f,4.33
19103,p,n,f,4.7
19104,e,l,f,5.4
19105,e,n,f,6.31
19106,e,n,f,5.58
19107,p,p,f,5.75
19108,e,y,f,7.24
19109,p,n,f,4.84
19110,e,n,f,3.91
19111,e,y,f,5.65
19112,p,e,f,16.32
19113,p,w,t,7.85
19114,e,w,f,7.15
19115,p,y,f,4.62
19116,p,n,t,4.98
19117,p,b,f,4.49
19118,p,n,f,8.36
19119,p,n,f,5.79
19120,p,y,f,5.56
19121,e,w,t,5.91
19122,p,n,f,5.93
19123,p,u,t,8.51
19124,p,p,f,3.15
19125,p,g,f,3.81
19126,e,b,f,5.38
19127,e,n,f,5.08
19128,e,n,f,6.03
19129,p,w,f,13.27
19130,e,w,t,5.48
19131,p,n,t,4.95
19132,p,k,f,8.92
19133,e,n,f,8.41
19134,p,o,f,4.28
19135,e,y,f,4.81
19136,p,n,f,5.77
19137,p,r,t,4.95
19138,e,e,f,6.62
19139,p,n,f,5.32
19140,p,e,f,8.14
19141,p,w,f,3.86
19142,p,e,f,4.34
19143,e,n,f,5.01
19144,p,e,f,7.63
19145,e,y,f,8.67
19146,e,n,t,10.43
19147,e,n,f,5.63
19148,p,g,t,9.4
19149,p,o,f,3.71
19150,p,n,f,3.6
19151,p,p,f,3.83
19152,p,l,f,4.3
19153,p,e,t,7.01
19154,p,y,f,7.09
19155,e,w,f,6.92
19156,e,w,f,3.46
19157,e,n,t,9.85
19158,e,g,f,5.13
19159,e,w,f,6.31
19160,p,n,f,5.22
19161,p,p,f,4.1
19162,p,n,f,4.54
19163,e,n,t,8.67
19164,p,n,f,5.44
19165,p,n,f,5.99
19166,p,w,f,4.59
19167,p,r,t,4.95
19168,p,w,f,3.53
19169,e,n,f,6.21
19170,p,n,f,11.1
19171,e,e,f,6.65
19172,p,n,f,6.58
19173,p,g,f,4.67
19174,p,y,t,4.51
19175,p,w,f,5.36
19176,e,n,f,6.52
19177,e,n,t,8.61
19178,e,n,f,5.74
19179,e,p,f,8.76
19180,p,n,f,4.37
19181,e,w,t,6.28
19182,p,n,f,4.93
19183,p,u,f,4.27
19184,e,n,f,5.89
19185,e,n,t,9.15
19186,p,n,f,5.35
19187,p,y,f,5.7
19188,e,e,f,6.12
19189,p,e,f,2.95
19190,e,w,f,5.83
19191,e,n,f,5.78
19192,e,g,f,2.58
19193,p,n,f,3.55
19194,p,r,t,4.36
19195,p,n,t,7.74
19196,e,n,f,7.2
19197,p,g,f,5.27
19198,e,n,f,5.99
19199,p,w,t,5.75
19200,e,n,f,7.48
19201,p,y,f,5.58
19202,e,y,f,3.71
19203,e,y,f,7.13
19204,e,n,f,5.21
19205,p,y,f,1.91
19206,e,n,f,7.0
19207,e,w,f,3.48
19208,p,w,f,3.21
19209,e,k,f,4.84
19210,e,n,f,5.35
19211,e,y,f,5.53
19212,p,n,f,10.84
19213,p,g,f,5.26
19214,e,n,t,7.84
19215,p,y,t,7.48
19216,e,k,f,6.08
19217,e,n,f,6.66
19218,p,o,f,2.46
19219,e,n,t,7.31
19220,e,k,f,4.54
19221,p,n,f,4.15
19222,p,n,f,6.49
19223,e,n,t,7.03
19224,e,p,f,4.61
19225,e,n,f,7.9
19226,p,n,f,7.62
19227,p,o,t,3.21
19228,p,y,f,3.33
19229,p,n,f,4.09
19230,p,n,f,3.71
19231,e,n,t,7.24
19232,e,n,f,4.72
19233,p,y,f,9.25
19234,p,r,t,6.67
19235,p,u,f,5.08
19236,e,g,f,5.35
19237,e,e,f,6.24
19238,e,w,f,3.43
19239,e,w,f,2.26
19240,p,y,f,6.57
19241,p,n,f,6.2
19242,e,n,f,3.45
19243,p,n,f,5.09
19244,e,n,f,4.8
19245,e,k,f,6.09
19246,e,n,f,6.0
19247,p,p,t,8.57
19248,p,k,f,7.96
19249,e,n,t,11.03
19250,p,g,f,8.13
19251,p,w,f,3.57
19252,p,n,f,13.83
19253,p,y,f,5.24
19254,p,o,f,5.67
19255,e,w,f,6.57
19256,e,g,f,5.39
19257,e,n,f,5.98
19258,e,n,t,8.98
19259,p,o,t,3.3
19260,p,n,f,5.68
19261,e,y,f,5.95
19262,p,n,f,3.53
19263,e,n,f,12.0
19264,p,y,f,3.51
19265,e,e,f,5.89
19266,p,y,f,6.23
19267,e,y,f,4.98
19268,p,n,f,4.82
19269,e,n,f,5.08
19270,e,n,f,5.24
19271,p,n,f,9.44
19272,p,l,f,3.57
19273,p,n,f,4.78
19274,e,y,f,6.76
19275,p,w,f,4.72
19276,e,n,f,7.96
19277,p,e,f,3.43
19278,e,n,f,7.21
19279,e,p,f,4.54
19280,p,n,t,8.37
19281,e,y,f,8.14
19282,p,o,f,3.21
19283,p,n,f,5.36
19284,p,w,f,4.48
19285,p,p,f,4.08
19286,e,n,t,8.99
19287,e,g,f,9.68
19288,e,n,f,7.54
19289,e,w,f,5.6
19290,p,n,f,5.58
19291,p,n,f,6.15
19292,e,n,t,8.2
19293,p,n,f,3.0
19294,e,n,f,4.76
19295,e,n,f,6.24
19296,e,n,f,6.08
19297,p,e,f,5.75
19298,e,n,f,9.34
19299,p,y,f,5.62
19300,p,o,f,5.93
19301,p,y,f,7.82
19302,p,o,f,4.49
19303,e,y,f,7.28
19304,e,u,f,4.59
19305,e,n,f,4.99
19306,e,n,f,5.63
19307,p,n,f,1.81
19308,e,n,f,4.86
19309,p,k,f,9.62
19310,p,n,f,4.55
19311,p,y,f,5.64
19312,e,w,f,4.52
19313,e,g,f,5.03
19314,e,w,f,5.16
19315,p,n,t,6.48
19316,p,y,f,6.45
19317,p,n,f,3.29
19318,p,n,f,10.19
19319,p,y,f,3.33
19320,p,n,f,8.01
19321,p,r,t,5.68
19322,e,y,t,8.24
19323,p,o,f,3.11
19324,e,w,f,4.67
19325,p,o,f,3.67
19326,e,g,f,4.53
19327,p,o,f,5.24
19328,p,p,f,3.36
19329,e,n,f,9.09
19330,p,u,f,4.24
19331,p,p,t,7.93
19332,p,n,f,5.28
19333,e,e,t,5.35
19334,p,w,f,4.92
19335,p,n,f,11.3
19336,e,y,f,6.84
19337,p,g,f,10.89
19338,p,u,f,4.6
19339,p,o,f,3.03
19340,p,o,t,3.52
19341,p,y,f,4.73
19342,e,n,f,12.29
19343,p,w,f,3.57
19344,e,b,f,4.92
19345,e,y,f,10.17
19346,p,p,t,7.83
19347,p,n,t,6.31
19348,p,n,f,9.66
19349,e,y,f,5.75
19350,e,b,f,4.52
19351,e,n,f,18.46
19352,e,n,f,8.34
19353,e,w,f,8.05
19354,e,n,f,3.83
19355,e,n,t,8.03
19356,e,k,f,4.48
19357,p,o,f,4.37
19358,p,o,t,4.1
19359,e,w,f,4.62
19360,p,e,f,5.92
19361,e,y,f,10.09
19362,e,g,f,5.14
19363,e,n,f,5.15
19364,e,n,f,6.07
19365,e,p,t,5.16
19366,p,n,f,3.91
19367,p,n,f,8.9
19368,e,n,f,6.02
19369,p,o,f,4.72
19370,p,y,f,6.25
19371,e,n,f,5.76
19372,p,y,f,5.92
19373,p,y,f,8.59
19374,p,n,f,3.73
19375,e,n,t,4.72
19376,p,w,f,3.69
19377,p,e,f,7.01
19378,p,u,f,4.57
19379,e,n,f,5.42
19380,e,y,f,5.35
19381,e,g,f,8.44
19382,e,n,f,6.5
19383,e,n,f,5.21
19384,p,w,f,4.92
19385,e,w,f,3.31
19386,p,y,f,2.92
19387,p,o,f,16.96
19388,p,p,f,4.27
19389,p,y,f,2.5
19390,e,p,f,4.08
19391,e,n,f,5.75
19392,e,n,t,8.09
19393,e,n,f,6.62
19394,p,w,f,7.39
19395,p,n,t,5.63
19396,p,y,t,6.31
19397,p,r,t,4.44
19398,p,n,f,9.03
19399,p,w,t,8.88
19400,e,n,f,4.73
19401,p,w,f,10.66
19402,p,n,f,5.34
19403,p,g,f,4.92
19404,p,n,f,5.97
19405,e,e,f,6.08
19406,p,e,f,2.95
19407,p,n,f,9.39
19408,e,n,f,7.65
19409,e,n,t,8.31
19410,e,y,f,7.78
19411,e,b,f,7.09
19412,e,u,f,4.12
19413,p,n,f,4.51
19414,e,n,t,7.82
19415,p,n,f,5.53
19416,e,w,f,3.45
19417,p,n,f,3.85
19418,p,n,f,6.33
19419,e,n,f,6.35
19420,p,y,t,8.06
19421,e,b,f,6.51
19422,e,g,f,6.16
19423,p,r,t,5.03
19424,p,o,f,2.85
19425,e,n,f,6.58
19426,p,y,f,3.58
19427,p,n,f,4.36
19428,p,g,f,2.94
19429,e,l,f,6.03
19430,e,g,f,2.9
19431,p,l,f,6.22
19432,e,n,f,6.74
19433,e,l,f,2.45
19434,p,w,f,2.27
19435,p,n,f,6.5
19436,p,g,f,5.52
19437,e,w,f,4.26
19438,p,g,t,4.27
19439,p,n,t,10.82
19440,e,n,f,5.81
19441,p,o,f,1.54
19442,p,e,f,4.87
19443,e,n,f,6.93
19444,e,e,f,7.3
19445,p,n,t,9.53
19446,p,n,f,7.01
19447,e,n,f,4.69
19448,p,o,t,4.77
19449,p,g,f,12.99
19450,p,w,f,12.46
19451,p,g,f,7.42
19452,p,y,f,3.39
19453,p,w,f,3.12
19454,p,u,f,3.11
19455,p,e,f,8.07
19456,p,n,t,5.65
19457,e,n,f,3.98
19458,e,n,f,6.11
19459,e,o,f,5.88
19460,e,w,f,3.8
19461,p,y,f,5.72
19462,e,o,f,8.54
19463,p,g,f,3.97
19464,p,g,f,9.75
19465,p,n,f,6.32
19466,e,n,f,7.44
19467,p,n,t,6.14
19468,e,g,t,12.09
19469,e,w,f,5.44
19470,p,r,f,10.76
19471,e,n,t,9.38
19472,p,n,f,5.32
19473,p,u,t,8.35
19474,p,n,f,6.21
19475,e,n,t,7.38
19476,p,n,f,4.21
19477,p,n,f,3.76
19478,e,n,f,6.33
19479,p,p,t,8.57
19480,p,w,f,3.86
19481,e,g,f,5.24
19482,p,k,f,7.97
19483,p,n,f,8.23
19484,p,u,f,3.43
19485,e,p,t,4.42
19486,p,n,f,5.84
19487,p,n,f,4.99
19488,e,y,f,5.75
19489,p,g,f,4.32
19490,e,n,t,8.96
19491,p,n,f,4.09
19492,e,n,f,5.63
19493,p,n,f,10.19
19494,e,n,f,5.92
19495,p,e,t,6.05
19496,p,g,f,2.73
19497,p,w,f,3.24
19498,e,n,t,8.06
19499,e,l,f,2.47
19500,p,p,f,3.31
19501,p,n,f,11.16
19502,p,r,f,1.71
19503,e,n,f,7.61
19504,p,n,f,7.88
19505,e,g,f,3.12
19506,p,n,f,6.37
19507,e,g,f,6.99
19508,p,n,f,3.98
19509,e,w,f,3.61
19510,p,n,t,8.9
19511,p,n,f,9.46
19512,p,w,f,3.18
19513,p,n,t,6.49
19514,e,n,t,10.48
19515,p,n,f,5.28
19516,e,w,f,5.13
19517,e,n,f,6.07
19518,e,w,f,3.42
19519,e,n,t,5.65
19520,p,r,t,5.5
19521,p,w,f,4.72
19522,p,w,f,8.25
19523,e,b,f,6.13
19524,e,g,f,4.85
19525,p,p,f,3.8
19526,e,n,f,5.65
19527,e,y,t,7.7
19528,e,n,f,5.98
19529,e,y,f,6.93
19530,e,n,f,6.25
19531,p,n,f,4.99
19532,p,n,f,4.45
19533,e,n,f,6.16
19534,p,e,f,4.31
19535,p,n,f,4.99
19536,p,y,f,8.85
19537,p,n,f,4.5
19538,p,n,t,7.15
19539,e,n,f,5.54
19540,p,w,f,3.25
19541,e,n,f,20.02
19542,e,o,f,9.07
19543,p,n,t,5.92
19544,e,n,t,7.19
19545,p,u,f,3.11
19546,e,g,f,5.88
19547,e,b,f,5.65
19548,e,w,f,3.38
19549,p,g,f,3.76
19550,e,y,f,5.76
19551,p,k,f,5.39
19552,e,n,f,6.46
19553,p,n,f,5.38
19554,p,e,f,6.99
19555,p,n,f,7.52
19556,p,n,f,4.74
19557,p,n,f,4.68
19558,p,n,t,5.33
19559,p,y,f,5.63
19560,p,n,t,4.83
19561,e,n,f,7.35
19562,p,e,f,8.36
19563,e,n,f,8.15
19564,e,w,t,6.89
19565,e,g,f,2.58
19566,e,w,f,7.52
19567,p,o,f,4.29
19568,p,n,f,1.36
19569,p,n,f,4.59
19570,p,n,f,8.26
19571,e,n,t,4.78
19572,e,w,f,6.34
19573,e,n,f,5.73
19574,p,p,f,4.53
19575,p,n,t,8.37
19576,p,n,t,4.97
19577,p,n,f,4.32
19578,p,o,f,4.03
19579,p,n,t,9.21
19580,p,n,t,9.43
19581,e,y,f,6.24
19582,e,y,f,7.26
19583,p,w,t,6.71
19584,p,y,f,5.05
19585,e,g,f,2.94
19586,p,y,f,8.34
19587,p,l,f,5.64
19588,p,e,f,5.51
19589,e,w,f,7.15
19590,p,n,f,4.52
19591,e,n,f,5.67
19592,p,n,f,5.0
19593,e,b,f,4.95
19594,e,n,t,8.51
19595,p,w,f,3.48
19596,p,y,f,9.27
19597,e,w,f,4.63
19598,e,n,f,5.68
19599,p,w,f,7.58
19600,p,g,t,9.0
19601,p,n,f,10.76
19602,p,n,f,8.56
19603,p,y,t,7.61
19604,p,n,f,4.64
19605,p,y,f,5.63
19606,p,l,f,6.04
19607,e,n,f,5.62
19608,p,e,f,6.42
19609,e,y,t,7.62
19610,p,y,f,7.2
19611,e,n,f,7.13
19612,p,n,f,3.98
19613,e,n,f,9.21
19614,e,n,f,6.25
19615,e,n,f,5.41
19616,e,e,f,7.01
19617,p,w,f,5.35
19618,p,n,t,9.34
19619,e,r,f,6.28
19620,e,b,f,5.65
19621,e,w,f,6.77
19622,e,n,f,4.57
19623,e,w,t,6.9
19624,p,n,t,3.92
19625,e,n,f,5.57
19626,p,n,f,8.74
19627,e,w,f,4.61
19628,p,y,f,5.11
19629,e,y,f,6.6
19630,e,n,t,7.91
19631,e,n,f,4.93
19632,p,n,t,5.5
19633,e,w,f,2.87
19634,p,y,f,5.61
19635,e,n,t,8.98
19636,e,n,f,6.04
19637,e,n,t,8.29
19638,p,n,f,9.49
19639,e,g,t,11.1
19640,p,g,f,4.74
19641,p,w,f,3.82
19642,p,n,f,4.46
19643,p,n,f,7.49
19644,e,w,f,3.73
19645,p,o,f,4.39
19646,e,n,t,12.05
19647,p,n,f,4.61
19648,p,l,f,3.93
19649,e,w,f,2.94
19650,p,y,f,6.38
19651,p,w,f,8.05
19652,p,n,f,5.31
19653,p,y,f,8.08
19654,e,b,f,7.53
19655,e,g,f,4.89
19656,e,n,t,7.87
19657,e,w,f,2.87
19658,e,n,f,4.82
19659,p,o,t,4.85
19660,e,k,f,4.64
19661,p,y,f,7.41
19662,e,g,t,3.44
19663,e,n,f,7.16
19664,e,w,f,4.64
19665,p,n,t,6.36
19666,p,n,f,10.65
19667,e,g,f,6.3
19668,p,n,t,6.15
19669,p,y,f,4.25
19670,p,b,f,3.91
19671,p,o,f,6.19
19672,e,n,f,10.7
19673,e,e,t,5.43
19674,e,y,f,6.11
19675,e,n,f,6.32
19676,p,w,f,8.15
19677,e,o,f,5.91
19678,e,y,f,5.33
19679,e,e,f,6.19
19680,p,e,f,6.42
19681,p,g,t,8.2
19682,e,g,f,5.04
19683,e,g,f,3.14
19684,e,n,t,9.03
19685,p,n,f,6.75
19686,p,e,f,4.99
19687,p,n,f,7.2
19688,p,n,f,3.76
19689,e,w,f,3.61
19690,p,n,t,3.83
19691,e,n,f,6.2
19692,p,n,f,5.05
19693,p,e,f,6.87
19694,e,n,f,5.72
19695,p,n,f,5.87
19696,e,b,f,8.28
19697,e,g,f,5.09
19698,e,y,t,7.54
19699,e,n,f,7.13
19700,p,e,t,6.62
19701,p,n,f,5.32
19702,p,p,f,4.66
19703,e,n,t,10.2
19704,e,n,f,7.26
19705,p,y,f,5.58
19706,e,r,f,6.7
19707,p,g,f,5.1
19708,p,y,f,5.75
19709,p,n,f,1.33
19710,e,n,f,4.37
19711,e,y,f,4.08
19712,p,w,f,12.04
19713,e,g,f,7.59
19714,p,n,f,8.69
19715,p,n,f,9.32
19716,e,o,f,6.91
19717,p,u,f,4.29
19718,p,r,t,5.17
19719,e,n,f,4.66
19720,p,w,f,3.77
19721,p,n,f,4.48
19722,e,n,f,5.5
19723,e,n,t,9.07
19724,p,k,f,3.9
19725,e,n,t,5.48
19726,e,n,f,5.92
19727,p,k,f,5.62
19728,p,u,f,4.06
19729,e,n,f,6.49
19730,p,y,f,3.81
19731,e,w,f,15.46
19732,e,n,t,9.21
19733,e,p,t,4.52
19734,p,n,f,3.51
19735,p,r,t,4.94
19736,p,g,f,5.44
19737,p,n,f,3.79
19738,p,n,f,8.21
19739,p,g,f,3.84
19740,e,g,f,5.24
19741,p,y,f,10.13
19742,e,k,f,3.44
19743,p,y,f,3.9
19744,e,n,t,4.67
19745,p,y,f,6.43
19746,e,b,f,6.36
19747,e,w,f,4.8
19748,p,n,f,5.44
19749,p,w,t,8.37
19750,e,n,f,5.13
19751,p,w,t,7.38
19752,e,w,f,6.01
19753,p,w,f,3.06
19754,e,y,f,7.52
19755,p,n,f,4.88
19756,e,g,f,4.96
19757,p,o,f,6.12
19758,p,n,f,1.77
19759,e,n,f,5.37
19760,e,n,f,5.65
19761,e,n,f,5.32
19762,p,n,f,7.87
19763,e,n,f,8.22
19764,p,y,f,5.52
19765,p,o,f,4.46
19766,e,k,f,3.68
19767,p,w,f,3.27
19768,e,o,f,6.66
19769,e,n,f,4.92
19770,e,b,f,2.4
19771,e,y,f,8.07
19772,e,w,f,5.12
19773,p,n,t,4.19
19774,p,k,f,8.46
19775,e,g,f,5.09
19776,p,g,f,4.84
19777,p,y,t,8.02
19778,p,y,f,5.99
19779,p,n,f,8.32
19780,p,y,f,3.8
19781,p,n,f,6.35
19782,e,n,t,10.32
19783,p,w,f,11.98
19784,e,g,f,3.17
19785,p,n,f,4.46
19786,e,r,f,6.83
19787,e,n,f,7.03
19788,p,u,f,6.33
19789,p,w,f,4.15
19790,p,l,f,4.44
19791,p,p,t,8.34
19792,p,w,f,3.64
19793,p,w,f,2.96
19794,p,n,f,9.92
19795,p,n,f,14.42
19796,p,n,t,9.32
19797,e,b,f,5.74
19798,p,w,f,3.52
19799,p,e,f,4.63
19800,p,n,f,5.53
19801,e,y,f,4.07
19802,p,n,f,4.92
19803,e,n,f,7.96
19804,e,n,t,9.48
19805,e,n,f,6.28
19806,e,n,t,6.96
19807,e,n,f,4.27
19808,e,w,f,15.63
19809,e,n,f,5.72
19810,e,n,t,4.4
19811,e,k,f,7.28
19812,e,w,f,2.53
19813,p,w,f,3.25
19814,e,n,f,5.96
19815,p,n,f,5.26
19816,e,n,f,4.97
19817,e,n,f,7.27
19818,p,y,f,2.82
19819,p,n,f,1.83
19820,e,n,f,5.43
19821,p,n,f,11.0
19822,p,y,f,9.51
19823,e,n,t,11.25
19824,e,g,f,9.64
19825,e,n,f,5.62
19826,p,w,f,14.3
19827,e,n,f,5.89
19828,e,n,f,4.62
19829,p,y,f,8.4
19830,e,y,f,9.21
19831,p,p,f,5.02
19832,e,g,f,4.57
19833,e,r,f,4.85
19834,p,y,f,1.91
19835,e,n,f,4.95
19836,e,n,f,5.01
19837,p,y,t,4.55
19838,e,g,f,7.04
19839,e,n,f,4.66
19840,p,y,f,3.27
19841,e,n,t,8.07
19842,e,n,f,4.64
19843,p,n,f,6.57
19844,p,g,t,4.79
19845,p,n,f,4.9
19846,e,n,t,9.04
19847,p,n,f,4.81
19848,e,n,t,9.37
19849,e,n,f,5.32
19850,e,n,f,5.25
19851,e,u,f,5.77
19852,p,k,f,10.78
19853,e,y,f,6.58
19854,e,y,t,6.92
19855,p,y,f,4.53
19856,p,n,f,10.7
19857,p,e,f,6.66
19858,e,n,f,4.43
19859,p,n,f,5.68
19860,e,n,f,5.19
19861,p,w,f,3.73
19862,e,n,f,8.49
19863,e,n,t,5.96
19864,p,o,f,6.84
19865,p,e,f,12.65
19866,p,n,f,4.91
19867,p,y,f,5.82
19868,e,w,f,3.39
19869,e,n,f,7.15
19870,p,w,f,3.26
19871,e,w,f,3.12
19872,e,n,f,9.01
19873,e,o,t,6.36
19874,e,n,t,7.31
19875,e,n,f,5.48
19876,e,b,f,6.09
19877,e,n,f,4.84
19878,p,y,f,5.74
19879,p,n,f,5.78
19880,e,w,f,17.44
19881,p,y,f,5.68
19882,p,y,f,3.15
19883,p,e,t,7.8
19884,p,k,f,3.2
19885,p,y,f,5.86
19886,p,k,f,7.23
19887,e,n,f,4.74
19888,p,n,f,5.46
19889,e,n,f,4.95
19890,p,y,f,1.94
19891,p,n,f,4.19
19892,e,w,t,5.75
19893,e,n,f,4.71
19894,p,n,f,5.68
19895,e,n,f,4.82
19896,e,o,f,8.15
19897,e,u,f,5.78
19898,p,e,f,6.58
19899,p,y,f,5.66
19900,e,b,f,4.96
19901,e,n,f,6.88
19902,e,n,f,6.07
19903,p,w,f,10.1
19904,e,n,f,5.63
19905,e,n,t,7.48
19906,e,g,f,5.59
19907,e,w,f,3.06
19908,e,n,f,6.82
19909,e,n,f,6.94
19910,p,w,f,12.86
19911,e,n,f,5.76
19912,e,w,t,5.88
19913,p,w,f,3.41
19914,p,y,f,3.78
19915,e,g,f,5.62
19916,p,y,f,3.35
19917,p,w,f,13.55
19918,e,n,f,5.72
19919,e,g,f,4.96
19920,e,n,f,5.56
19921,p,y,f,4.62
19922,e,o,f,5.11
19923,p,e,f,8.23
19924,e,n,f,6.11
19925,p,w,f,12.56
19926,e,n,t,9.99
19927,e,b,f,5.29
19928,p,n,f,10.86
19929,p,y,f,6.58
19930,p,o,f,6.44
19931,p,o,f,4.89
19932,e,n,f,7.15
19933,p,y,f,3.17
19934,e,e,f,6.44
19935,p,n,t,10.9
19936,p,n,f,6.87
19937,p,p,f,4.54
19938,e,u,t,4.85
19939,e,n,f,6.78
19940,p,y,f,5.48
19941,e,n,f,5.25
19942,p,n,f,7.25
19943,e,y,f,6.73
19944,p,y,f,6.3
19945,e,n,f,6.2
19946,p,n,f,5.32
19947,p,w,t,8.58
19948,e,o,f,7.92
19949,p,n,f,9.92
19950,e,y,t,8.47
19951,e,w,f,14.04
19952,e,w,f,3.38
19953,p,e,f,4.25
19954,e,n,t,8.71
19955,p,w,f,3.53
19956,e,n,f,7.05
19957,e,o,f,5.51
19958,e,n,t,9.54
19959,p,k,f,4.49
19960,e,w,f,7.76
19961,p,n,f,8.78
19962,p,w,f,3.73
19963,p,r,t,4.6
19964,e,n,f,8.61
19965,p,y,f,1.6
19966,e,g,f,5.65
19967,p,n,f,4.31
19968,e,y,t,6.67
19969,e,n,f,5.05
19970,e,e,t,5.22
19971,p,n,f,11.83
19972,e,o,f,4.64
19973,p,o,f,3.75
19974,e,n,t,10.59
19975,p,e,f,3.88
19976,p,y,t,5.33
19977,p,n,f,3.72
19978,p,n,f,6.06
19979,p,y,t,4.53
19980,e,g,f,8.52
19981,e,g,f,2.72
19982,e,y,f,4.15
19983,e,n,f,4.86
19984,p,u,f,5.66
19985,e,n,f,5.32
19986,e,p,t,4.94
19987,e,n,f,6.33
19988,p,y,f,4.19
19989,p,y,f,1.61
19990,e,n,f,5.32
19991,e,g,t,10.67
19992,p,o,f,3.11
19993,e,n,f,7.23
19994,e,n,t,8.0
19995,p,n,f,4.64
19996,e,n,t,9.05
19997,p,w,f,3.5
19998,p,n,f,4.92
